text,label
"IMPORTANT NOTICE from SBI: We have updated our online banking security policy. All customers must re-confirm their account credentials by clicking this link and entering their username, password, and one-time PIN before Tuesday.",phishing
"Dear customer, we were unable to deliver your package. To reschedule delivery please click here and confirm your delivery address and provide your credit card details for the small redelivery fee of $2.99.",phishing
"Hi Priya, just following up on our meeting scheduled for Tuesday. Please find the agenda attached. Let me know if you have any questions. Best regards, Ahmed",ham
"Hi Ravi, just following up on our meeting scheduled for February 3. Please find the agenda attached. Let me know if you have any questions. Best regards, Paul",ham
Tax Refund Notification from the IRS: You are eligible for a tax refund of $1815. To receive your refund please click here and enter your social security number and bank account details within 48 hours before the claim expires.,phishing
"Dear James, please find attached the contract for review. Kindly sign and return by January 15. Let us know if you need any amendments.",ham
"Lose 30 pounds in 30 days with this one weird trick doctors hate! 100% natural solution, no exercise needed. Order your FREE trial today!",spam
"Hi Keiko, your order #13934 has been shipped and will arrive by next Monday. Track your package using the link in your account portal.",ham
SYSTEM ALERT: Your email inbox is over its storage limit. Your account will be deactivated in 24 hours. Click here and sign in with your email and password to upgrade your storage and prevent losing all your emails and contacts.,phishing
Exclusive investment opportunity with guaranteed returns. Secret formula used by top Wall Street insiders. Only limited spots remaining today!,spam
Make money from home! Earn up to $9375 per week working just 2 hours a day. No experience needed. 100% guaranteed income. Subscribe FREE today!,spam
"Hi Mohamed, I am writing to confirm the details of the conference call on February 3 at 11:00 AM. The dial-in number will be shared separately.",ham
"Dear Apple Premium subscriber, your payment of $1840 has failed. To avoid losing your premium benefits please click here and update your payment method by entering your new credit card number and billing address.",phishing
URGENT: Your account will be suspended in 24 hours. Click here immediately to verify your information and prevent permanent service disruption.,spam
"Dear David, your appointment has been confirmed for February 3 at 11:00 AM. Please bring a valid ID. Thank you for choosing us.",ham
"Hi Sarah, your order #40737 has been shipped and will arrive by Thursday. Track your package using the link in your account portal.",ham
"Hi Aisha, your leave request for Wednesday has been approved. Please coordinate with your team for coverage. Best, HR Team.",ham
FINAL NOTICE: You owe a tax debt of $2444. Call immediately to avoid legal action and wage garnishment. This is your last warning.,spam
"Hello Chris, your subscription has been renewed successfully. Next billing date: next Monday. Contact support if you have any questions.",ham
"Dear Jennifer, the invoice #99056 for $3548 is attached. Payment is due by December 20. Thank you for your continued business.",ham
Your PayPal account password will expire in 24 hours. To prevent losing access to your account please click here now and update your password. Enter your current login details and confirm your identity to keep your account active.,phishing
WORK FROM HOME OPPORTUNITY! Earn $7088 per month packaging products at home. No experience required. Free starter kit included!,spam
FINAL NOTICE: You owe a tax debt of $7859. Call immediately to avoid legal action and wage garnishment. This is your last warning.,spam
Congratulations! You have been selected as our lucky winner! Claim your FREE prize of $496 cash now. Click here to redeem before it expires. This is a limited time offer. Act NOW!,spam
Congratulations! You have been selected as our lucky winner! Claim your FREE prize of $2874 cash now. Click here to redeem before it expires. This is a limited time offer. Act NOW!,spam
Hot singles near you want to meet! Click here to see their profiles FREE. Limited time access. Join our network now and find your match!,spam
"Dear Jennifer, your appointment has been confirmed for February 3 at 4:00 PM. Please bring a valid ID. Thank you for choosing us.",ham
"Hello Priya, the server maintenance window is scheduled for Wednesday at 4:00 PM. Expect downtime of approximately 2 hours. Plan accordingly.",ham
"Hi Robert, the updated employee handbook is now available on the company intranet. Please read section 4 regarding the new remote work policy.",ham
"Hi Sarah, this is your monthly account statement for the period ending Monday. Please review and contact us if you notice any discrepancies.",ham
"Hello Emma, the server maintenance window is scheduled for Wednesday at 3:30 PM. Expect downtime of approximately 2 hours. Plan accordingly.",ham
"Dear customer, we were unable to deliver your package. To reschedule delivery please click here and confirm your delivery address and provide your credit card details for the small redelivery fee of $2.99.",phishing
"Hi Sarah, I am writing to confirm the details of the conference call on next Monday at 3:30 PM. The dial-in number will be shared separately.",ham
"Hi Carlos, the updated employee handbook is now available on the company intranet. Please read section 4 regarding the new remote work policy.",ham
CONGRATULATIONS! Your email was randomly selected for our grand prize draw. You have won $2836. Claim your winnings by clicking here now!,spam
"Hi Linda, your order #96649 has been shipped and will arrive by Wednesday. Track your package using the link in your account portal.",ham
"Dear James, we are pleased to inform you that your job application has moved to the next stage. We will be in touch by January 15.",ham
"Lose 30 pounds in 30 days with this one weird trick doctors hate! 100% natural solution, no exercise needed. Order your FREE trial today!",spam
"Dear PayPal Premium subscriber, your payment of $413 has failed. To avoid losing your premium benefits please click here and update your payment method by entering your new credit card number and billing address.",phishing
Your Amazon account has been flagged for security review. An unauthorized purchase of $545 was attempted from your account. Please verify your identity by clicking here and entering your account credentials and payment information.,phishing
"Hi David, your leave request for April 5 has been approved. Please coordinate with your team for coverage. Best, HR Team.",ham
"Hi Keiko, this is your monthly account statement for the period ending April 5. Please review and contact us if you notice any discrepancies.",ham
"Hello Chris, the server maintenance window is scheduled for April 5 at 2:00 PM. Expect downtime of approximately 2 hours. Plan accordingly.",ham
Your computer is infected with viruses! Download our FREE antivirus software now to protect your personal data and banking information!,spam
"Dear Bank of America Customer, we have detected unusual activity on your account. Your account has been temporarily suspended. Please verify your identity immediately by clicking the link below and entering your login credentials. Failure to verify within 24 hours will result in permanent account closure and loss of funds.",phishing
"Hi Aisha, following our phone call today I am sending the summary of action items we discussed. Please review and confirm.",ham
"Dear Carlos, your IT support ticket #54313 has been resolved. Please confirm if the issue is fixed by replying to this email.",ham
"Hi Emma, the updated employee handbook is now available on the company intranet. Please read section 4 regarding the new remote work policy.",ham
"Dear HDFC Bank Customer, we have detected unusual activity on your account. Your account has been temporarily suspended. Please verify your identity immediately by clicking the link below and entering your login credentials. Failure to verify within 24 hours will result in permanent account closure and loss of funds.",phishing
Double your Bitcoin investment in 24 hours! Guaranteed returns of 200 percent. Our AI trading bot has never lost. Invest $9983 and get $14737 back!,spam
"Hi team, reminder that the project deadline is Friday. Please update your tasks on the board by end of day. Thanks, Grace",ham
"Dear Google user, your account storage is 99 percent full and your account will be suspended. Upgrade now for free by verifying your account credentials. Click here and enter your login and credit card information to claim free storage.",phishing
"Hi Linda, your leave request for next Monday has been approved. Please coordinate with your team for coverage. Best, HR Team.",ham
"Dear Priya, your IT support ticket #45382 has been resolved. Please confirm if the issue is fixed by replying to this email.",ham
You have been pre-approved for a personal loan of $5047! No credit check required. Apply online in 2 minutes. Get cash deposited today!,spam
"Hi Robert, following our phone call today I am sending the summary of action items we discussed. Please review and confirm.",ham
"Good morning Tom, here is the weekly status report for the week ending December 20. Please review and reply with your comments by Friday.",ham
"Hello Tom, this is a reminder to complete the mandatory compliance training by Wednesday. Log in to the portal to start the modules.",ham
"Dear James, your IT support ticket #80455 has been resolved. Please confirm if the issue is fixed by replying to this email.",ham
"Hello Aisha, the quarterly report for Q3 is now ready. Please review it before our team discussion on December 20.",ham
"ACCOUNT VERIFICATION REQUIRED: Dear Bank of America member, as part of our mandatory security upgrade all customers must re-verify their account details. Click here and enter your account number, online banking password and security answers immediately.",phishing
"IMPORTANT NOTICE from Chase: We have updated our online banking security policy. All customers must re-confirm their account credentials by clicking this link and entering their username, password, and one-time PIN before next Monday.",phishing
"Dear Robert, thank you for your payment of $1938. Your receipt number is #16747. Please keep this for your records.",ham
"Hello Priya, your annual performance review is scheduled for Friday at 2:00 PM. Please prepare a brief self-assessment beforehand.",ham
"Dear Emma, congratulations on completing 5 years with our company! Your loyalty award certificate is attached. Thank you for your dedication.",ham
"Dear James, please find attached the contract for review. Kindly sign and return by December 20. Let us know if you need any amendments.",ham
"Dear valued customer, your PayPal account has been limited due to suspicious activity. Please confirm your billing information by clicking the link below. You must provide your credit card number and social security number to restore full access.",phishing
Your computer is infected with viruses! Download our FREE antivirus software now to protect your personal data and banking information!,spam
"Dear Priya, thank you for your payment of $172. Your receipt number is #45370. Please keep this for your records.",ham
"Dear HSBC account holder, your debit card has been blocked due to suspicious transactions totaling $1676. Please click the link below and enter your card number, expiry date, and PIN to unblock your card immediately.",phishing
Your PayPal account password will expire in 24 hours. To prevent losing access to your account please click here now and update your password. Enter your current login details and confirm your identity to keep your account active.,phishing
"ACCOUNT VERIFICATION REQUIRED: Dear SBI member, as part of our mandatory security upgrade all customers must re-verify their account details. Click here and enter your account number, online banking password and security answers immediately.",phishing
"IMPORTANT NOTICE from TD Bank: We have updated our online banking security policy. All customers must re-confirm their account credentials by clicking this link and entering their username, password, and one-time PIN before Thursday.",phishing
"Hi Chris, the code review for PR #90516 has been completed. Please address the inline comments and re-submit for final approval.",ham
URGENT: Your Instagram account has been reported for suspicious activity. To avoid permanent suspension please click the link below within 24 hours and verify your personal information including your date of birth and account password.,phishing
Double your Bitcoin investment in 24 hours! Guaranteed returns of 200 percent. Our AI trading bot has never lost. Invest $4195 and get $1725 back!,spam
"Dear James, the invoice #89233 for $405 is attached. Payment is due by Tuesday. Thank you for your continued business.",ham
"Good morning Sarah, here is the weekly status report for the week ending Friday. Please review and reply with your comments by Friday.",ham
"Hi Tom, I wanted to share the latest project update. We are on track for the Monday delivery milestone. Great work everyone!",ham
FINAL NOTICE: You owe a tax debt of $9540. Call immediately to avoid legal action and wage garnishment. This is your last warning.,spam
"Hello Sarah, this is a reminder to complete the mandatory compliance training by next Monday. Log in to the portal to start the modules.",ham
"SECURITY ALERT: Your PayPal account was accessed from an unknown device in Vietnam. If this was not you please click here immediately to secure your account, reset your credentials, and review your recent activity.",phishing
Your computer is infected with viruses! Download our FREE antivirus software now to protect your personal data and banking information!,spam
"Hello David, the quarterly report for Q1 is now ready. Please review it before our team discussion on Thursday.",ham
"Hello Sarah, your subscription has been renewed successfully. Next billing date: Wednesday. Contact support if you have any questions.",ham
"ACCOUNT VERIFICATION REQUIRED: Dear Bank of America member, as part of our mandatory security upgrade all customers must re-verify their account details. Click here and enter your account number, online banking password and security answers immediately.",phishing
"Hello Sarah, the server maintenance window is scheduled for Tuesday at 3:30 PM. Expect downtime of approximately 2 hours. Plan accordingly.",ham
FINAL NOTICE: You owe a tax debt of $7856. Call immediately to avoid legal action and wage garnishment. This is your last warning.,spam
URGENT: Your account will be suspended in 24 hours. Click here immediately to verify your information and prevent permanent service disruption.,spam
Hot singles near you want to meet! Click here to see their profiles FREE. Limited time access. Join our network now and find your match!,spam
"Dear Tom, your appointment has been confirmed for March 10 at 9:00 AM. Please bring a valid ID. Thank you for choosing us.",ham
"Hi David, I am writing to confirm the details of the conference call on January 15 at 2:00 PM. The dial-in number will be shared separately.",ham
"Dear Apple user, your account storage is 99 percent full and your account will be suspended. Upgrade now for free by verifying your account credentials. Click here and enter your login and credit card information to claim free storage.",phishing
"Hi team, reminder that the project deadline is January 15. Please update your tasks on the board by end of day. Thanks, Grace",ham
"Herbal supplements that actually work! Boost energy, lose weight, and improve performance. Doctor recommended. Order now with free shipping!",spam
"Hi team, reminder that the project deadline is Monday. Please update your tasks on the board by end of day. Thanks, Robert",ham
Tax Refund Notification from the IRS: You are eligible for a tax refund of $254. To receive your refund please click here and enter your social security number and bank account details within 48 hours before the claim expires.,phishing
"Hello Keiko, your annual performance review is scheduled for Friday at 2:00 PM. Please prepare a brief self-assessment beforehand.",ham
"Dear colleague, please join us for the department meeting on January 15 at 10:30 AM in Conference Room 19. Attendance is mandatory.",ham
"Hi Chris, following our phone call today I am sending the summary of action items we discussed. Please review and confirm.",ham
"Dear Carlos, your IT support ticket #61252 has been resolved. Please confirm if the issue is fixed by replying to this email.",ham
URGENT Netflix account suspended: We were unable to process your payment method. Please update your billing information immediately. Click here and enter your credit card details to reactivate your subscription and avoid losing your watchlist.,phishing
"Dear customer, your Chase credit card ending in 1294 has been used for an unauthorized transaction of $1191 at Vietnam. If you did not make this purchase click here immediately and enter your full card details to dispute the charge.",phishing
"Hi Tom, I wanted to share the latest project update. We are on track for the Monday delivery milestone. Great work everyone!",ham
"Hi Sarah, your order #43823 has been shipped and will arrive by January 15. Track your package using the link in your account portal.",ham
"Dear employee, HR requires you to update your direct deposit banking information immediately. Please click the secure link below and enter your bank account number and routing number by end of business day to ensure your payroll is not disrupted.",phishing
FINAL NOTICE: You owe a tax debt of $3831. Call immediately to avoid legal action and wage garnishment. This is your last warning.,spam
"Good morning Chris, here is the weekly status report for the week ending March 10. Please review and reply with your comments by Friday.",ham
WIN a FREE smartphone! You are today's lucky visitor number one million. Spin the wheel now and claim your prize before it expires!,spam
"Hello Chris, the server maintenance window is scheduled for Friday at 4:00 PM. Expect downtime of approximately 2 hours. Plan accordingly.",ham
"IMPORTANT NOTICE from Wells Fargo: We have updated our online banking security policy. All customers must re-confirm their account credentials by clicking this link and entering their username, password, and one-time PIN before Wednesday.",phishing
"Hi Priya, this is your monthly account statement for the period ending Wednesday. Please review and contact us if you notice any discrepancies.",ham
Double your Bitcoin investment in 24 hours! Guaranteed returns of 200 percent. Our AI trading bot has never lost. Invest $4330 and get $14055 back!,spam
Your Amazon account has been flagged for security review. An unauthorized purchase of $557 was attempted from your account. Please verify your identity by clicking here and entering your account credentials and payment information.,phishing
URGENT: Your Instagram account has been reported for suspicious activity. To avoid permanent suspension please click the link below within 24 hours and verify your personal information including your date of birth and account password.,phishing
"Dear valued customer, your PayPal account has been limited due to suspicious activity. Please confirm your billing information by clicking the link below. You must provide your credit card number and social security number to restore full access.",phishing
"Hello Priya, this is a reminder to complete the mandatory compliance training by Tuesday. Log in to the portal to start the modules.",ham
"Good morning Jennifer, here is the weekly status report for the week ending March 10. Please review and reply with your comments by Friday.",ham
"IMPORTANT NOTICE from HSBC: We have updated our online banking security policy. All customers must re-confirm their account credentials by clicking this link and entering their username, password, and one-time PIN before April 5.",phishing
"Dear Sarah, congratulations on completing 5 years with our company! Your loyalty award certificate is attached. Thank you for your dedication.",ham
Your Instagram account password will expire in 24 hours. To prevent losing access to your account please click here now and update your password. Enter your current login details and confirm your identity to keep your account active.,phishing
"Good morning David, here is the weekly status report for the week ending Thursday. Please review and reply with your comments by Friday.",ham
"Hi team, reminder that the project deadline is February 3. Please update your tasks on the board by end of day. Thanks, Jennifer",ham
"Dear customer, your TD Bank credit card ending in 1294 has been used for an unauthorized transaction of $80 at Vietnam. If you did not make this purchase click here immediately and enter your full card details to dispute the charge.",phishing
"Hello Sarah, this is a reminder to complete the mandatory compliance training by March 10. Log in to the portal to start the modules.",ham
"Hi Aisha, the updated employee handbook is now available on the company intranet. Please read section 4 regarding the new remote work policy.",ham
"Dear HSBC account holder, your debit card has been blocked due to suspicious transactions totaling $1969. Please click the link below and enter your card number, expiry date, and PIN to unblock your card immediately.",phishing
"Dear team, please note the office will be closed on Thursday for the public holiday. Enjoy the long weekend everyone!",ham
"Dear Sarah, thank you for your payment of $395. Your receipt number is #73680. Please keep this for your records.",ham
"Dear colleague, please join us for the department meeting on Wednesday at 2:00 PM in Conference Room 18. Attendance is mandatory.",ham
"Hi Emma, this is your monthly account statement for the period ending March 10. Please review and contact us if you notice any discrepancies.",ham
Exclusive investment opportunity with guaranteed returns. Secret formula used by top Wall Street insiders. Only limited spots remaining today!,spam
"Hello David, your subscription has been renewed successfully. Next billing date: January 15. Contact support if you have any questions.",ham
"Dear valued customer, your PayPal account has been limited due to suspicious activity. Please confirm your billing information by clicking the link below. You must provide your credit card number and social security number to restore full access.",phishing
"Hi Robert, your order #94278 has been shipped and will arrive by February 3. Track your package using the link in your account portal.",ham
"Dear David, we are pleased to inform you that your job application has moved to the next stage. We will be in touch by Tuesday.",ham
"Good morning Carlos, here is the weekly status report for the week ending February 3. Please review and reply with your comments by Friday.",ham
"Dear Citibank Customer, we have detected unusual activity on your account. Your account has been temporarily suspended. Please verify your identity immediately by clicking the link below and entering your login credentials. Failure to verify within 24 hours will result in permanent account closure and loss of funds.",phishing
Your Apple ID has been locked for security reasons. Someone attempted to sign in to your account from Brazil. To unlock your account click here and enter your Apple ID credentials and payment card information.,phishing
"Hi Carlos, your order #20084 has been shipped and will arrive by Monday. Track your package using the link in your account portal.",ham
Double your Bitcoin investment in 24 hours! Guaranteed returns of 200 percent. Our AI trading bot has never lost. Invest $7649 and get $12068 back!,spam
Congratulations! You have been selected as our lucky winner! Claim your FREE prize of $8727 cash now. Click here to redeem before it expires. This is a limited time offer. Act NOW!,spam
"Dear Barclays Customer, we have detected unusual activity on your account. Your account has been temporarily suspended. Please verify your identity immediately by clicking the link below and entering your login credentials. Failure to verify within 24 hours will result in permanent account closure and loss of funds.",phishing
"Hi Jennifer, your order #41726 has been shipped and will arrive by February 3. Track your package using the link in your account portal.",ham
"Dear customer, we were unable to deliver your package. To reschedule delivery please click here and confirm your delivery address and provide your credit card details for the small redelivery fee of $2.99.",phishing
FINAL NOTICE: You owe a tax debt of $4756. Call immediately to avoid legal action and wage garnishment. This is your last warning.,spam
"Dear David, your appointment has been confirmed for Monday at 10:30 AM. Please bring a valid ID. Thank you for choosing us.",ham
"Dear HSBC Customer, we have detected unusual activity on your account. Your account has been temporarily suspended. Please verify your identity immediately by clicking the link below and entering your login credentials. Failure to verify within 24 hours will result in permanent account closure and loss of funds.",phishing
CONGRATULATIONS! Your email was randomly selected for our grand prize draw. You have won $683. Claim your winnings by clicking here now!,spam
"Dear Aisha, please find attached the contract for review. Kindly sign and return by Thursday. Let us know if you need any amendments.",ham
URGENT: Your account will be suspended in 24 hours. Click here immediately to verify your information and prevent permanent service disruption.,spam
"Hi team, reminder that the project deadline is February 3. Please update your tasks on the board by end of day. Thanks, Paul",ham
WORK FROM HOME OPPORTUNITY! Earn $5178 per month packaging products at home. No experience required. Free starter kit included!,spam
"Hi Tom, your leave request for Tuesday has been approved. Please coordinate with your team for coverage. Best, HR Team.",ham
"Dear customer, we were unable to deliver your package. To reschedule delivery please click here and confirm your delivery address and provide your credit card details for the small redelivery fee of $2.99.",phishing
"Dear Ravi, we are pleased to inform you that your job application has moved to the next stage. We will be in touch by next Monday.",ham
"Dear colleague, please join us for the department meeting on January 15 at 2:00 PM in Conference Room 10. Attendance is mandatory.",ham
"Dear Keiko, your IT support ticket #83098 has been resolved. Please confirm if the issue is fixed by replying to this email.",ham
SYSTEM ALERT: Your email inbox is over its storage limit. Your account will be deactivated in 24 hours. Click here and sign in with your email and password to upgrade your storage and prevent losing all your emails and contacts.,phishing
"Hi Tom, following our phone call today I am sending the summary of action items we discussed. Please review and confirm.",ham
"Dear customer, your Citibank credit card ending in 5601 has been used for an unauthorized transaction of $1364 at Eastern Europe. If you did not make this purchase click here immediately and enter your full card details to dispute the charge.",phishing
"Hi Priya, your order #40841 has been shipped and will arrive by February 3. Track your package using the link in your account portal.",ham
"Good morning Robert, here is the weekly status report for the week ending Monday. Please review and reply with your comments by Friday.",ham
"Dear TD Bank Customer, we have detected unusual activity on your account. Your account has been temporarily suspended. Please verify your identity immediately by clicking the link below and entering your login credentials. Failure to verify within 24 hours will result in permanent account closure and loss of funds.",phishing
Increase your sales by 500 percent! Our bulk email marketing database has thousands of verified leads. Buy now and start earning today!,spam
"Hello Robert, the server maintenance window is scheduled for Thursday at 3:30 PM. Expect downtime of approximately 2 hours. Plan accordingly.",ham
"Dear Priya, your appointment has been confirmed for January 15 at 11:00 AM. Please bring a valid ID. Thank you for choosing us.",ham
"Dear Aisha, we are pleased to inform you that your job application has moved to the next stage. We will be in touch by Friday.",ham
Get out of debt fast! We settle credit card debt for pennies on the dollar. Guaranteed results. Call now for your free consultation today!,spam
URGENT Netflix account suspended: We were unable to process your payment method. Please update your billing information immediately. Click here and enter your credit card details to reactivate your subscription and avoid losing your watchlist.,phishing
"ACCOUNT VERIFICATION REQUIRED: Dear Barclays member, as part of our mandatory security upgrade all customers must re-verify their account details. Click here and enter your account number, online banking password and security answers immediately.",phishing
Your computer is infected with viruses! Download our FREE antivirus software now to protect your personal data and banking information!,spam
"Dear colleague, please join us for the department meeting on next Monday at 2:00 PM in Conference Room 18. Attendance is mandatory.",ham
"Dear James, your IT support ticket #15322 has been resolved. Please confirm if the issue is fixed by replying to this email.",ham
"Hello Emma, this is a reminder to complete the mandatory compliance training by Monday. Log in to the portal to start the modules.",ham
Your Apple ID has been locked for security reasons. Someone attempted to sign in to your account from Vietnam. To unlock your account click here and enter your Apple ID credentials and payment card information.,phishing
"Hello Robert, your subscription has been renewed successfully. Next billing date: April 5. Contact support if you have any questions.",ham
URGENT Netflix account suspended: We were unable to process your payment method. Please update your billing information immediately. Click here and enter your credit card details to reactivate your subscription and avoid losing your watchlist.,phishing
"Hello David, your subscription has been renewed successfully. Next billing date: Thursday. Contact support if you have any questions.",ham
"Hello Robert, the quarterly report for Q4 is now ready. Please review it before our team discussion on next Monday.",ham
"Hi Aisha, the code review for PR #66814 has been completed. Please address the inline comments and re-submit for final approval.",ham
Your Amazon account has been flagged for security review. An unauthorized purchase of $160 was attempted from your account. Please verify your identity by clicking here and entering your account credentials and payment information.,phishing
"Hi team, reminder that the project deadline is next Monday. Please update your tasks on the board by end of day. Thanks, Paul",ham
"Dear James, thank you for your payment of $3395. Your receipt number is #43332. Please keep this for your records.",ham
Increase your sales by 500 percent! Our bulk email marketing database has thousands of verified leads. Buy now and start earning today!,spam
"Hi Priya, just following up on our meeting scheduled for Monday. Please find the agenda attached. Let me know if you have any questions. Best regards, Grace",ham
Special bulk offer just for you! Cheap prescription drugs shipped discreetly worldwide. No questions asked. Order now for free shipping!,spam
Get out of debt fast! We settle credit card debt for pennies on the dollar. Guaranteed results. Call now for your free consultation today!,spam
"Dear valued customer, your PayPal account has been limited due to suspicious activity. Please confirm your billing information by clicking the link below. You must provide your credit card number and social security number to restore full access.",phishing
WORK FROM HOME OPPORTUNITY! Earn $7380 per month packaging products at home. No experience required. Free starter kit included!,spam
Your Apple ID has been locked for security reasons. Someone attempted to sign in to your account from Eastern Europe. To unlock your account click here and enter your Apple ID credentials and payment card information.,phishing
Your Apple ID has been locked for security reasons. Someone attempted to sign in to your account from Romania. To unlock your account click here and enter your Apple ID credentials and payment card information.,phishing
FINAL NOTICE: You owe a tax debt of $182. Call immediately to avoid legal action and wage garnishment. This is your last warning.,spam
Hot singles near you want to meet! Click here to see their profiles FREE. Limited time access. Join our network now and find your match!,spam
"Dear Barclays Customer, we have detected unusual activity on your account. Your account has been temporarily suspended. Please verify your identity immediately by clicking the link below and entering your login credentials. Failure to verify within 24 hours will result in permanent account closure and loss of funds.",phishing
"Hi Priya, your order #54932 has been shipped and will arrive by Monday. Track your package using the link in your account portal.",ham
WIN a FREE smartphone! You are today's lucky visitor number one million. Spin the wheel now and claim your prize before it expires!,spam
"IMPORTANT NOTICE from HSBC: We have updated our online banking security policy. All customers must re-confirm their account credentials by clicking this link and entering their username, password, and one-time PIN before Wednesday.",phishing
"Hi team, reminder that the project deadline is Thursday. Please update your tasks on the board by end of day. Thanks, Jennifer",ham
Hot singles near you want to meet! Click here to see their profiles FREE. Limited time access. Join our network now and find your match!,spam
"Dear Jennifer, your appointment has been confirmed for March 10 at 2:00 PM. Please bring a valid ID. Thank you for choosing us.",ham
"Hi Sarah, this is your monthly account statement for the period ending February 3. Please review and contact us if you notice any discrepancies.",ham
Your Apple ID has been locked for security reasons. Someone attempted to sign in to your account from Unknown Location. To unlock your account click here and enter your Apple ID credentials and payment card information.,phishing
"ACCOUNT VERIFICATION REQUIRED: Dear TD Bank member, as part of our mandatory security upgrade all customers must re-verify their account details. Click here and enter your account number, online banking password and security answers immediately.",phishing
"SECURITY ALERT: Your Facebook account was accessed from an unknown device in Vietnam. If this was not you please click here immediately to secure your account, reset your credentials, and review your recent activity.",phishing
"Hi David, following our phone call today I am sending the summary of action items we discussed. Please review and confirm.",ham
Your Amazon account has been flagged for security review. An unauthorized purchase of $964 was attempted from your account. Please verify your identity by clicking here and entering your account credentials and payment information.,phishing
BULK DISCOUNT OFFER: Buy cheap medications online without prescription. Special discount available for bulk orders. No doctor needed. Order now!,spam
You have been pre-approved for a personal loan of $4977! No credit check required. Apply online in 2 minutes. Get cash deposited today!,spam
SYSTEM ALERT: Your email inbox is over its storage limit. Your account will be deactivated in 24 hours. Click here and sign in with your email and password to upgrade your storage and prevent losing all your emails and contacts.,phishing
"Hi Tom, the updated employee handbook is now available on the company intranet. Please read section 4 regarding the new remote work policy.",ham
"ACCOUNT VERIFICATION REQUIRED: Dear Bank of America member, as part of our mandatory security upgrade all customers must re-verify their account details. Click here and enter your account number, online banking password and security answers immediately.",phishing
"Hi David, your order #50723 has been shipped and will arrive by January 15. Track your package using the link in your account portal.",ham
Special bulk offer just for you! Cheap prescription drugs shipped discreetly worldwide. No questions asked. Order now for free shipping!,spam
Hot singles near you want to meet! Click here to see their profiles FREE. Limited time access. Join our network now and find your match!,spam
Hot singles near you want to meet! Click here to see their profiles FREE. Limited time access. Join our network now and find your match!,spam
"Dear customer, your TD Bank credit card ending in 7832 has been used for an unauthorized transaction of $1473 at Romania. If you did not make this purchase click here immediately and enter your full card details to dispute the charge.",phishing
"Hello Tom, your subscription has been renewed successfully. Next billing date: next Monday. Contact support if you have any questions.",ham
"Dear Sarah, your appointment has been confirmed for Wednesday at 2:00 PM. Please bring a valid ID. Thank you for choosing us.",ham
Exclusive investment opportunity with guaranteed returns. Secret formula used by top Wall Street insiders. Only limited spots remaining today!,spam
"Dear valued customer, your PayPal account has been limited due to suspicious activity. Please confirm your billing information by clicking the link below. You must provide your credit card number and social security number to restore full access.",phishing
"Hi Priya, the updated employee handbook is now available on the company intranet. Please read section 4 regarding the new remote work policy.",ham
FINAL NOTICE: You owe a tax debt of $1803. Call immediately to avoid legal action and wage garnishment. This is your last warning.,spam
URGENT: Your account will be suspended in 24 hours. Click here immediately to verify your information and prevent permanent service disruption.,spam
"Hi Tom, your order #11244 has been shipped and will arrive by February 3. Track your package using the link in your account portal.",ham
Your Amazon account has been flagged for security review. An unauthorized purchase of $1460 was attempted from your account. Please verify your identity by clicking here and entering your account credentials and payment information.,phishing
"Dear Ravi, congratulations on completing 5 years with our company! Your loyalty award certificate is attached. Thank you for your dedication.",ham
"Dear Tom, your appointment has been confirmed for December 20 at 2:00 PM. Please bring a valid ID. Thank you for choosing us.",ham
"ACCOUNT VERIFICATION REQUIRED: Dear Bank of America member, as part of our mandatory security upgrade all customers must re-verify their account details. Click here and enter your account number, online banking password and security answers immediately.",phishing
"Dear SBI account holder, your debit card has been blocked due to suspicious transactions totaling $1713. Please click the link below and enter your card number, expiry date, and PIN to unblock your card immediately.",phishing
"Dear Emma, we are pleased to inform you that your job application has moved to the next stage. We will be in touch by March 10.",ham
Your Apple ID has been locked for security reasons. Someone attempted to sign in to your account from Brazil. To unlock your account click here and enter your Apple ID credentials and payment card information.,phishing
"Dear Priya, thank you for your payment of $1318. Your receipt number is #15235. Please keep this for your records.",ham
FINAL SECURITY WARNING: Your email account has been compromised and your password exposed. Hackers currently have access. Click here immediately and enter your current credentials so our security team can help you secure your account.,phishing
"Dear customer, your HDFC Bank credit card ending in 9034 has been used for an unauthorized transaction of $306 at Eastern Europe. If you did not make this purchase click here immediately and enter your full card details to dispute the charge.",phishing
WIN a FREE smartphone! You are today's lucky visitor number one million. Spin the wheel now and claim your prize before it expires!,spam
Double your Bitcoin investment in 24 hours! Guaranteed returns of 200 percent. Our AI trading bot has never lost. Invest $2465 and get $9599 back!,spam
Your Amazon account has been flagged for security review. An unauthorized purchase of $1141 was attempted from your account. Please verify your identity by clicking here and entering your account credentials and payment information.,phishing
"Hi James, the updated employee handbook is now available on the company intranet. Please read section 4 regarding the new remote work policy.",ham
Hot singles near you want to meet! Click here to see their profiles FREE. Limited time access. Join our network now and find your match!,spam
"Hi Robert, following our phone call today I am sending the summary of action items we discussed. Please review and confirm.",ham
Your Apple ID has been locked for security reasons. Someone attempted to sign in to your account from Vietnam. To unlock your account click here and enter your Apple ID credentials and payment card information.,phishing
"Dear TD Bank Customer, we have detected unusual activity on your account. Your account has been temporarily suspended. Please verify your identity immediately by clicking the link below and entering your login credentials. Failure to verify within 24 hours will result in permanent account closure and loss of funds.",phishing
Your PayPal account password will expire in 24 hours. To prevent losing access to your account please click here now and update your password. Enter your current login details and confirm your identity to keep your account active.,phishing
"SECURITY ALERT: Your Microsoft account was accessed from an unknown device in Unknown Location. If this was not you please click here immediately to secure your account, reset your credentials, and review your recent activity.",phishing
Make money from home! Earn up to $3003 per week working just 2 hours a day. No experience needed. 100% guaranteed income. Subscribe FREE today!,spam
"Hello Keiko, the server maintenance window is scheduled for Friday at 4:00 PM. Expect downtime of approximately 2 hours. Plan accordingly.",ham
"Hello Keiko, this is a reminder to complete the mandatory compliance training by January 15. Log in to the portal to start the modules.",ham
"Hi Mohamed, the code review for PR #52096 has been completed. Please address the inline comments and re-submit for final approval.",ham
Get out of debt fast! We settle credit card debt for pennies on the dollar. Guaranteed results. Call now for your free consultation today!,spam
"Hello David, the quarterly report for Q3 is now ready. Please review it before our team discussion on Wednesday.",ham
FINAL NOTICE: You owe a tax debt of $5748. Call immediately to avoid legal action and wage garnishment. This is your last warning.,spam
"Hi team, reminder that the project deadline is Thursday. Please update your tasks on the board by end of day. Thanks, Michael",ham
Exclusive investment opportunity with guaranteed returns. Secret formula used by top Wall Street insiders. Only limited spots remaining today!,spam
"Lose 30 pounds in 30 days with this one weird trick doctors hate! 100% natural solution, no exercise needed. Order your FREE trial today!",spam
IT Security Notification: Your Microsoft account will be permanently closed unless you verify your login details within 48 hours. Click here to sign in immediately and confirm your account information to avoid service interruption.,phishing
Increase your sales by 500 percent! Our bulk email marketing database has thousands of verified leads. Buy now and start earning today!,spam
"Dear Ravi, your IT support ticket #30837 has been resolved. Please confirm if the issue is fixed by replying to this email.",ham
"Good morning Emma, here is the weekly status report for the week ending December 20. Please review and reply with your comments by Friday.",ham
You have won a $2491 gift card! To claim your exclusive reward click the link below before it expires in 24 hours. Do not miss this deal!,spam
"Hi Jennifer, I am writing to confirm the details of the conference call on January 15 at 2:00 PM. The dial-in number will be shared separately.",ham
"Hello David, the server maintenance window is scheduled for December 20 at 9:00 AM. Expect downtime of approximately 2 hours. Plan accordingly.",ham
Congratulations! You have been selected as our lucky winner! Claim your FREE prize of $8447 cash now. Click here to redeem before it expires. This is a limited time offer. Act NOW!,spam
WIN a FREE smartphone! You are today's lucky visitor number one million. Spin the wheel now and claim your prize before it expires!,spam
"Dear customer, we were unable to deliver your package. To reschedule delivery please click here and confirm your delivery address and provide your credit card details for the small redelivery fee of $2.99.",phishing
Double your Bitcoin investment in 24 hours! Guaranteed returns of 200 percent. Our AI trading bot has never lost. Invest $6753 and get $10124 back!,spam
Exclusive investment opportunity with guaranteed returns. Secret formula used by top Wall Street insiders. Only limited spots remaining today!,spam
Increase your sales by 500 percent! Our bulk email marketing database has thousands of verified leads. Buy now and start earning today!,spam
Congratulations! You have been selected as our lucky winner! Claim your FREE prize of $1756 cash now. Click here to redeem before it expires. This is a limited time offer. Act NOW!,spam
Make money from home! Earn up to $1353 per week working just 2 hours a day. No experience needed. 100% guaranteed income. Subscribe FREE today!,spam
"Dear SBI Customer, we have detected unusual activity on your account. Your account has been temporarily suspended. Please verify your identity immediately by clicking the link below and entering your login credentials. Failure to verify within 24 hours will result in permanent account closure and loss of funds.",phishing
BULK DISCOUNT OFFER: Buy cheap medications online without prescription. Special discount available for bulk orders. No doctor needed. Order now!,spam
"Dear Facebook user, your account storage is 99 percent full and your account will be suspended. Upgrade now for free by verifying your account credentials. Click here and enter your login and credit card information to claim free storage.",phishing
"Dear Instagram Premium subscriber, your payment of $1532 has failed. To avoid losing your premium benefits please click here and update your payment method by entering your new credit card number and billing address.",phishing
"Dear James, your IT support ticket #21952 has been resolved. Please confirm if the issue is fixed by replying to this email.",ham
Your Apple ID has been locked for security reasons. Someone attempted to sign in to your account from Unknown Location. To unlock your account click here and enter your Apple ID credentials and payment card information.,phishing
IT Security Notification: Your Microsoft account will be permanently closed unless you verify your login details within 48 hours. Click here to sign in immediately and confirm your account information to avoid service interruption.,phishing
"Hi Keiko, the code review for PR #69087 has been completed. Please address the inline comments and re-submit for final approval.",ham
"Dear Priya, we are pleased to inform you that your job application has moved to the next stage. We will be in touch by February 3.",ham
"Dear TD Bank Customer, we have detected unusual activity on your account. Your account has been temporarily suspended. Please verify your identity immediately by clicking the link below and entering your login credentials. Failure to verify within 24 hours will result in permanent account closure and loss of funds.",phishing
Double your Bitcoin investment in 24 hours! Guaranteed returns of 200 percent. Our AI trading bot has never lost. Invest $7553 and get $5939 back!,spam
SYSTEM ALERT: Your email inbox is over its storage limit. Your account will be deactivated in 24 hours. Click here and sign in with your email and password to upgrade your storage and prevent losing all your emails and contacts.,phishing
"Dear Citibank account holder, your debit card has been blocked due to suspicious transactions totaling $1336. Please click the link below and enter your card number, expiry date, and PIN to unblock your card immediately.",phishing
"Dear colleague, please join us for the department meeting on next Monday at 11:00 AM in Conference Room 4. Attendance is mandatory.",ham
"ACCOUNT VERIFICATION REQUIRED: Dear Citibank member, as part of our mandatory security upgrade all customers must re-verify their account details. Click here and enter your account number, online banking password and security answers immediately.",phishing
"Dear customer, your Wells Fargo credit card ending in 7832 has been used for an unauthorized transaction of $1431 at Vietnam. If you did not make this purchase click here immediately and enter your full card details to dispute the charge.",phishing
"Hi Jennifer, the code review for PR #37494 has been completed. Please address the inline comments and re-submit for final approval.",ham
"IMPORTANT NOTICE from Chase: We have updated our online banking security policy. All customers must re-confirm their account credentials by clicking this link and entering their username, password, and one-time PIN before Tuesday.",phishing
Your computer is infected with viruses! Download our FREE antivirus software now to protect your personal data and banking information!,spam
"Hello Ravi, your subscription has been renewed successfully. Next billing date: January 15. Contact support if you have any questions.",ham
Get out of debt fast! We settle credit card debt for pennies on the dollar. Guaranteed results. Call now for your free consultation today!,spam
"Hi David, I wanted to share the latest project update. We are on track for the Wednesday delivery milestone. Great work everyone!",ham
WORK FROM HOME OPPORTUNITY! Earn $5719 per month packaging products at home. No experience required. Free starter kit included!,spam
"Hello Aisha, the server maintenance window is scheduled for Friday at 11:00 AM. Expect downtime of approximately 2 hours. Plan accordingly.",ham
"Hello Sarah, the server maintenance window is scheduled for February 3 at 2:00 PM. Expect downtime of approximately 2 hours. Plan accordingly.",ham
"Hello Sarah, your subscription has been renewed successfully. Next billing date: next Monday. Contact support if you have any questions.",ham
FINAL SECURITY WARNING: Your email account has been compromised and your password exposed. Hackers currently have access. Click here immediately and enter your current credentials so our security team can help you secure your account.,phishing
"Dear Netflix user, your account storage is 99 percent full and your account will be suspended. Upgrade now for free by verifying your account credentials. Click here and enter your login and credit card information to claim free storage.",phishing
"Dear Chase account holder, your debit card has been blocked due to suspicious transactions totaling $195. Please click the link below and enter your card number, expiry date, and PIN to unblock your card immediately.",phishing
"Hello Tom, the server maintenance window is scheduled for Thursday at 3:30 PM. Expect downtime of approximately 2 hours. Plan accordingly.",ham
"Dear Keiko, your appointment has been confirmed for Thursday at 9:00 AM. Please bring a valid ID. Thank you for choosing us.",ham
Earn passive income with our proven system. Thousands already earning $6760 per day from home. Join free and start making money immediately!,spam
Your Google account password will expire in 24 hours. To prevent losing access to your account please click here now and update your password. Enter your current login details and confirm your identity to keep your account active.,phishing
URGENT: Your account will be suspended in 24 hours. Click here immediately to verify your information and prevent permanent service disruption.,spam
Tax Refund Notification from the IRS: You are eligible for a tax refund of $274. To receive your refund please click here and enter your social security number and bank account details within 48 hours before the claim expires.,phishing
Congratulations! You have been selected as our lucky winner! Claim your FREE prize of $3491 cash now. Click here to redeem before it expires. This is a limited time offer. Act NOW!,spam
"Good morning David, here is the weekly status report for the week ending March 10. Please review and reply with your comments by Friday.",ham
Increase your sales by 500 percent! Our bulk email marketing database has thousands of verified leads. Buy now and start earning today!,spam
Exclusive investment opportunity with guaranteed returns. Secret formula used by top Wall Street insiders. Only limited spots remaining today!,spam
You have won a $4581 gift card! To claim your exclusive reward click the link below before it expires in 24 hours. Do not miss this deal!,spam
"Dear LinkedIn Premium subscriber, your payment of $320 has failed. To avoid losing your premium benefits please click here and update your payment method by entering your new credit card number and billing address.",phishing
"Dear valued customer, your PayPal account has been limited due to suspicious activity. Please confirm your billing information by clicking the link below. You must provide your credit card number and social security number to restore full access.",phishing
Your Microsoft account password will expire in 24 hours. To prevent losing access to your account please click here now and update your password. Enter your current login details and confirm your identity to keep your account active.,phishing
"Dear Apple user, your account storage is 99 percent full and your account will be suspended. Upgrade now for free by verifying your account credentials. Click here and enter your login and credit card information to claim free storage.",phishing
Make money from home! Earn up to $6933 per week working just 2 hours a day. No experience needed. 100% guaranteed income. Subscribe FREE today!,spam
"IMPORTANT NOTICE from Bank of America: We have updated our online banking security policy. All customers must re-confirm their account credentials by clicking this link and entering their username, password, and one-time PIN before Tuesday.",phishing
"Dear Ravi, please find attached the contract for review. Kindly sign and return by Tuesday. Let us know if you need any amendments.",ham
URGENT: Your account will be suspended in 24 hours. Click here immediately to verify your information and prevent permanent service disruption.,spam
WORK FROM HOME OPPORTUNITY! Earn $547 per month packaging products at home. No experience required. Free starter kit included!,spam
"Good morning Sarah, here is the weekly status report for the week ending Thursday. Please review and reply with your comments by Friday.",ham
Increase your sales by 500 percent! Our bulk email marketing database has thousands of verified leads. Buy now and start earning today!,spam
"Hi Robert, the updated employee handbook is now available on the company intranet. Please read section 4 regarding the new remote work policy.",ham
Get out of debt fast! We settle credit card debt for pennies on the dollar. Guaranteed results. Call now for your free consultation today!,spam
"Dear SBI account holder, your debit card has been blocked due to suspicious transactions totaling $318. Please click the link below and enter your card number, expiry date, and PIN to unblock your card immediately.",phishing
"Hi Aisha, the code review for PR #16875 has been completed. Please address the inline comments and re-submit for final approval.",ham
BULK DISCOUNT OFFER: Buy cheap medications online without prescription. Special discount available for bulk orders. No doctor needed. Order now!,spam
"ACCOUNT VERIFICATION REQUIRED: Dear HDFC Bank member, as part of our mandatory security upgrade all customers must re-verify their account details. Click here and enter your account number, online banking password and security answers immediately.",phishing
"Good morning Keiko, here is the weekly status report for the week ending January 15. Please review and reply with your comments by Friday.",ham
Double your Bitcoin investment in 24 hours! Guaranteed returns of 200 percent. Our AI trading bot has never lost. Invest $381 and get $6602 back!,spam
Get out of debt fast! We settle credit card debt for pennies on the dollar. Guaranteed results. Call now for your free consultation today!,spam
Your Dropbox account password will expire in 24 hours. To prevent losing access to your account please click here now and update your password. Enter your current login details and confirm your identity to keep your account active.,phishing
"Dear colleague, please join us for the department meeting on Friday at 11:00 AM in Conference Room 3. Attendance is mandatory.",ham
Get out of debt fast! We settle credit card debt for pennies on the dollar. Guaranteed results. Call now for your free consultation today!,spam
"Dear James, congratulations on completing 5 years with our company! Your loyalty award certificate is attached. Thank you for your dedication.",ham
You have been pre-approved for a personal loan of $7098! No credit check required. Apply online in 2 minutes. Get cash deposited today!,spam
"Hello Emma, the quarterly report for Q3 is now ready. Please review it before our team discussion on Wednesday.",ham
Increase your sales by 500 percent! Our bulk email marketing database has thousands of verified leads. Buy now and start earning today!,spam
"Hi Aisha, just following up on our meeting scheduled for next Monday. Please find the agenda attached. Let me know if you have any questions. Best regards, Jennifer",ham
"Dear Robert, the invoice #60789 for $4465 is attached. Payment is due by next Monday. Thank you for your continued business.",ham
"Dear Mohamed, the invoice #79135 for $4169 is attached. Payment is due by February 3. Thank you for your continued business.",ham
BULK DISCOUNT OFFER: Buy cheap medications online without prescription. Special discount available for bulk orders. No doctor needed. Order now!,spam
"Dear customer, we were unable to deliver your package. To reschedule delivery please click here and confirm your delivery address and provide your credit card details for the small redelivery fee of $2.99.",phishing
Earn passive income with our proven system. Thousands already earning $9617 per day from home. Join free and start making money immediately!,spam
"Hi David, your leave request for March 10 has been approved. Please coordinate with your team for coverage. Best, HR Team.",ham
"Dear team, please note the office will be closed on February 3 for the public holiday. Enjoy the long weekend everyone!",ham
CONGRATULATIONS! Your email was randomly selected for our grand prize draw. You have won $3092. Claim your winnings by clicking here now!,spam
Your Dropbox account password will expire in 24 hours. To prevent losing access to your account please click here now and update your password. Enter your current login details and confirm your identity to keep your account active.,phishing
"Dear HSBC Customer, we have detected unusual activity on your account. Your account has been temporarily suspended. Please verify your identity immediately by clicking the link below and entering your login credentials. Failure to verify within 24 hours will result in permanent account closure and loss of funds.",phishing
You have been pre-approved for a personal loan of $6449! No credit check required. Apply online in 2 minutes. Get cash deposited today!,spam
"Hello Keiko, the quarterly report for Q4 is now ready. Please review it before our team discussion on February 3.",ham
"Hello Linda, your annual performance review is scheduled for March 10 at 9:00 AM. Please prepare a brief self-assessment beforehand.",ham
"Dear Chase account holder, your debit card has been blocked due to suspicious transactions totaling $1868. Please click the link below and enter your card number, expiry date, and PIN to unblock your card immediately.",phishing
"Dear customer, your Barclays credit card ending in 4521 has been used for an unauthorized transaction of $411 at Nigeria. If you did not make this purchase click here immediately and enter your full card details to dispute the charge.",phishing
Your computer is infected with viruses! Download our FREE antivirus software now to protect your personal data and banking information!,spam
"Hi Robert, this is your monthly account statement for the period ending Friday. Please review and contact us if you notice any discrepancies.",ham
WIN a FREE smartphone! You are today's lucky visitor number one million. Spin the wheel now and claim your prize before it expires!,spam
"Hello James, your annual performance review is scheduled for December 20 at 11:00 AM. Please prepare a brief self-assessment beforehand.",ham
"Dear Citibank Customer, we have detected unusual activity on your account. Your account has been temporarily suspended. Please verify your identity immediately by clicking the link below and entering your login credentials. Failure to verify within 24 hours will result in permanent account closure and loss of funds.",phishing
"Hello Priya, your subscription has been renewed successfully. Next billing date: Tuesday. Contact support if you have any questions.",ham
"Dear Aisha, thank you for your payment of $4838. Your receipt number is #66155. Please keep this for your records.",ham
"Hello Priya, your subscription has been renewed successfully. Next billing date: March 10. Contact support if you have any questions.",ham
URGENT: Your Dropbox account has been reported for suspicious activity. To avoid permanent suspension please click the link below within 24 hours and verify your personal information including your date of birth and account password.,phishing
"ACCOUNT VERIFICATION REQUIRED: Dear Chase member, as part of our mandatory security upgrade all customers must re-verify their account details. Click here and enter your account number, online banking password and security answers immediately.",phishing
Double your Bitcoin investment in 24 hours! Guaranteed returns of 200 percent. Our AI trading bot has never lost. Invest $7462 and get $6783 back!,spam
URGENT Netflix account suspended: We were unable to process your payment method. Please update your billing information immediately. Click here and enter your credit card details to reactivate your subscription and avoid losing your watchlist.,phishing
"Dear customer, your HDFC Bank credit card ending in 4521 has been used for an unauthorized transaction of $1149 at Vietnam. If you did not make this purchase click here immediately and enter your full card details to dispute the charge.",phishing
"Herbal supplements that actually work! Boost energy, lose weight, and improve performance. Doctor recommended. Order now with free shipping!",spam
"ACCOUNT VERIFICATION REQUIRED: Dear HDFC Bank member, as part of our mandatory security upgrade all customers must re-verify their account details. Click here and enter your account number, online banking password and security answers immediately.",phishing
"Dear James, congratulations on completing 5 years with our company! Your loyalty award certificate is attached. Thank you for your dedication.",ham
SYSTEM ALERT: Your email inbox is over its storage limit. Your account will be deactivated in 24 hours. Click here and sign in with your email and password to upgrade your storage and prevent losing all your emails and contacts.,phishing
"Hi James, I am writing to confirm the details of the conference call on Tuesday at 2:00 PM. The dial-in number will be shared separately.",ham
"Dear Chris, congratulations on completing 5 years with our company! Your loyalty award certificate is attached. Thank you for your dedication.",ham
Your Amazon account has been flagged for security review. An unauthorized purchase of $466 was attempted from your account. Please verify your identity by clicking here and entering your account credentials and payment information.,phishing
FINAL SECURITY WARNING: Your email account has been compromised and your password exposed. Hackers currently have access. Click here immediately and enter your current credentials so our security team can help you secure your account.,phishing
Exclusive investment opportunity with guaranteed returns. Secret formula used by top Wall Street insiders. Only limited spots remaining today!,spam
"Dear Aisha, we are pleased to inform you that your job application has moved to the next stage. We will be in touch by Monday.",ham
Increase your sales by 500 percent! Our bulk email marketing database has thousands of verified leads. Buy now and start earning today!,spam
"Hello Robert, the server maintenance window is scheduled for Monday at 2:00 PM. Expect downtime of approximately 2 hours. Plan accordingly.",ham
"Lose 30 pounds in 30 days with this one weird trick doctors hate! 100% natural solution, no exercise needed. Order your FREE trial today!",spam
"SECURITY ALERT: Your Facebook account was accessed from an unknown device in Eastern Europe. If this was not you please click here immediately to secure your account, reset your credentials, and review your recent activity.",phishing
"Dear Aisha, please find attached the contract for review. Kindly sign and return by February 3. Let us know if you need any amendments.",ham
"Dear customer, your TD Bank credit card ending in 4521 has been used for an unauthorized transaction of $1721 at Romania. If you did not make this purchase click here immediately and enter your full card details to dispute the charge.",phishing
"IMPORTANT NOTICE from Chase: We have updated our online banking security policy. All customers must re-confirm their account credentials by clicking this link and entering their username, password, and one-time PIN before December 20.",phishing
WIN a FREE smartphone! You are today's lucky visitor number one million. Spin the wheel now and claim your prize before it expires!,spam
"Dear Tom, your appointment has been confirmed for Tuesday at 9:00 AM. Please bring a valid ID. Thank you for choosing us.",ham
Your Amazon account has been flagged for security review. An unauthorized purchase of $633 was attempted from your account. Please verify your identity by clicking here and entering your account credentials and payment information.,phishing
"Hi Mohamed, following our phone call today I am sending the summary of action items we discussed. Please review and confirm.",ham
Increase your sales by 500 percent! Our bulk email marketing database has thousands of verified leads. Buy now and start earning today!,spam
"SECURITY ALERT: Your Amazon account was accessed from an unknown device in Brazil. If this was not you please click here immediately to secure your account, reset your credentials, and review your recent activity.",phishing
"Dear David, the invoice #49586 for $2190 is attached. Payment is due by January 15. Thank you for your continued business.",ham
IT Security Notification: Your Microsoft account will be permanently closed unless you verify your login details within 48 hours. Click here to sign in immediately and confirm your account information to avoid service interruption.,phishing
You have won a $9276 gift card! To claim your exclusive reward click the link below before it expires in 24 hours. Do not miss this deal!,spam
"Dear employee, HR requires you to update your direct deposit banking information immediately. Please click the secure link below and enter your bank account number and routing number by end of business day to ensure your payroll is not disrupted.",phishing
URGENT Netflix account suspended: We were unable to process your payment method. Please update your billing information immediately. Click here and enter your credit card details to reactivate your subscription and avoid losing your watchlist.,phishing
"Dear customer, your Barclays credit card ending in 4521 has been used for an unauthorized transaction of $400 at Unknown Location. If you did not make this purchase click here immediately and enter your full card details to dispute the charge.",phishing
"Herbal supplements that actually work! Boost energy, lose weight, and improve performance. Doctor recommended. Order now with free shipping!",spam
"Hi James, your leave request for Thursday has been approved. Please coordinate with your team for coverage. Best, HR Team.",ham
Your Facebook account password will expire in 24 hours. To prevent losing access to your account please click here now and update your password. Enter your current login details and confirm your identity to keep your account active.,phishing
CONGRATULATIONS! Your email was randomly selected for our grand prize draw. You have won $8913. Claim your winnings by clicking here now!,spam
"Hi team, reminder that the project deadline is March 10. Please update your tasks on the board by end of day. Thanks, Paul",ham
"Dear Aisha, your IT support ticket #15286 has been resolved. Please confirm if the issue is fixed by replying to this email.",ham
"Dear Robert, please find attached the contract for review. Kindly sign and return by Monday. Let us know if you need any amendments.",ham
"Herbal supplements that actually work! Boost energy, lose weight, and improve performance. Doctor recommended. Order now with free shipping!",spam
Exclusive investment opportunity with guaranteed returns. Secret formula used by top Wall Street insiders. Only limited spots remaining today!,spam
"Dear valued customer, your PayPal account has been limited due to suspicious activity. Please confirm your billing information by clicking the link below. You must provide your credit card number and social security number to restore full access.",phishing
IT Security Notification: Your Microsoft account will be permanently closed unless you verify your login details within 48 hours. Click here to sign in immediately and confirm your account information to avoid service interruption.,phishing
URGENT: Your Apple account has been reported for suspicious activity. To avoid permanent suspension please click the link below within 24 hours and verify your personal information including your date of birth and account password.,phishing
"SECURITY ALERT: Your Netflix account was accessed from an unknown device in China. If this was not you please click here immediately to secure your account, reset your credentials, and review your recent activity.",phishing
WIN a FREE smartphone! You are today's lucky visitor number one million. Spin the wheel now and claim your prize before it expires!,spam
"Hi Sarah, this is your monthly account statement for the period ending Friday. Please review and contact us if you notice any discrepancies.",ham
"Dear Chase Customer, we have detected unusual activity on your account. Your account has been temporarily suspended. Please verify your identity immediately by clicking the link below and entering your login credentials. Failure to verify within 24 hours will result in permanent account closure and loss of funds.",phishing
"Dear Dropbox user, your account storage is 99 percent full and your account will be suspended. Upgrade now for free by verifying your account credentials. Click here and enter your login and credit card information to claim free storage.",phishing
Increase your sales by 500 percent! Our bulk email marketing database has thousands of verified leads. Buy now and start earning today!,spam
IT Security Notification: Your Microsoft account will be permanently closed unless you verify your login details within 48 hours. Click here to sign in immediately and confirm your account information to avoid service interruption.,phishing
FINAL NOTICE: You owe a tax debt of $4124. Call immediately to avoid legal action and wage garnishment. This is your last warning.,spam
IT Security Notification: Your Microsoft account will be permanently closed unless you verify your login details within 48 hours. Click here to sign in immediately and confirm your account information to avoid service interruption.,phishing
"Dear Chase Customer, we have detected unusual activity on your account. Your account has been temporarily suspended. Please verify your identity immediately by clicking the link below and entering your login credentials. Failure to verify within 24 hours will result in permanent account closure and loss of funds.",phishing
"ACCOUNT VERIFICATION REQUIRED: Dear Wells Fargo member, as part of our mandatory security upgrade all customers must re-verify their account details. Click here and enter your account number, online banking password and security answers immediately.",phishing
Special bulk offer just for you! Cheap prescription drugs shipped discreetly worldwide. No questions asked. Order now for free shipping!,spam
"Hello Priya, this is a reminder to complete the mandatory compliance training by March 10. Log in to the portal to start the modules.",ham
Special bulk offer just for you! Cheap prescription drugs shipped discreetly worldwide. No questions asked. Order now for free shipping!,spam
"Lose 30 pounds in 30 days with this one weird trick doctors hate! 100% natural solution, no exercise needed. Order your FREE trial today!",spam
"Hi David, your leave request for December 20 has been approved. Please coordinate with your team for coverage. Best, HR Team.",ham
"Hello Aisha, your subscription has been renewed successfully. Next billing date: March 10. Contact support if you have any questions.",ham
"Hello Tom, your annual performance review is scheduled for Monday at 3:30 PM. Please prepare a brief self-assessment beforehand.",ham
"Herbal supplements that actually work! Boost energy, lose weight, and improve performance. Doctor recommended. Order now with free shipping!",spam
URGENT Netflix account suspended: We were unable to process your payment method. Please update your billing information immediately. Click here and enter your credit card details to reactivate your subscription and avoid losing your watchlist.,phishing
"Dear Keiko, your IT support ticket #35499 has been resolved. Please confirm if the issue is fixed by replying to this email.",ham
"Dear Priya, we are pleased to inform you that your job application has moved to the next stage. We will be in touch by Friday.",ham
"ACCOUNT VERIFICATION REQUIRED: Dear Barclays member, as part of our mandatory security upgrade all customers must re-verify their account details. Click here and enter your account number, online banking password and security answers immediately.",phishing
"Dear employee, HR requires you to update your direct deposit banking information immediately. Please click the secure link below and enter your bank account number and routing number by end of business day to ensure your payroll is not disrupted.",phishing
"Dear Wells Fargo account holder, your debit card has been blocked due to suspicious transactions totaling $270. Please click the link below and enter your card number, expiry date, and PIN to unblock your card immediately.",phishing
Earn passive income with our proven system. Thousands already earning $8933 per day from home. Join free and start making money immediately!,spam
"Dear colleague, please join us for the department meeting on next Monday at 3:30 PM in Conference Room 9. Attendance is mandatory.",ham
Congratulations! You have been selected as our lucky winner! Claim your FREE prize of $8827 cash now. Click here to redeem before it expires. This is a limited time offer. Act NOW!,spam
"Dear team, please note the office will be closed on Friday for the public holiday. Enjoy the long weekend everyone!",ham
"ACCOUNT VERIFICATION REQUIRED: Dear Citibank member, as part of our mandatory security upgrade all customers must re-verify their account details. Click here and enter your account number, online banking password and security answers immediately.",phishing
"Dear customer, we were unable to deliver your package. To reschedule delivery please click here and confirm your delivery address and provide your credit card details for the small redelivery fee of $2.99.",phishing
"Dear Ravi, the invoice #18782 for $4627 is attached. Payment is due by next Monday. Thank you for your continued business.",ham
Your LinkedIn account password will expire in 24 hours. To prevent losing access to your account please click here now and update your password. Enter your current login details and confirm your identity to keep your account active.,phishing
FINAL SECURITY WARNING: Your email account has been compromised and your password exposed. Hackers currently have access. Click here immediately and enter your current credentials so our security team can help you secure your account.,phishing
Increase your sales by 500 percent! Our bulk email marketing database has thousands of verified leads. Buy now and start earning today!,spam
"Dear valued customer, your PayPal account has been limited due to suspicious activity. Please confirm your billing information by clicking the link below. You must provide your credit card number and social security number to restore full access.",phishing
"Dear Barclays Customer, we have detected unusual activity on your account. Your account has been temporarily suspended. Please verify your identity immediately by clicking the link below and entering your login credentials. Failure to verify within 24 hours will result in permanent account closure and loss of funds.",phishing
"SECURITY ALERT: Your Netflix account was accessed from an unknown device in China. If this was not you please click here immediately to secure your account, reset your credentials, and review your recent activity.",phishing
"Hi David, the code review for PR #53743 has been completed. Please address the inline comments and re-submit for final approval.",ham
Your Instagram account password will expire in 24 hours. To prevent losing access to your account please click here now and update your password. Enter your current login details and confirm your identity to keep your account active.,phishing
BULK DISCOUNT OFFER: Buy cheap medications online without prescription. Special discount available for bulk orders. No doctor needed. Order now!,spam
"Dear Barclays account holder, your debit card has been blocked due to suspicious transactions totaling $1268. Please click the link below and enter your card number, expiry date, and PIN to unblock your card immediately.",phishing
"ACCOUNT VERIFICATION REQUIRED: Dear HSBC member, as part of our mandatory security upgrade all customers must re-verify their account details. Click here and enter your account number, online banking password and security answers immediately.",phishing
"Hello Mohamed, your subscription has been renewed successfully. Next billing date: Tuesday. Contact support if you have any questions.",ham
"Hi Aisha, just following up on our meeting scheduled for April 5. Please find the agenda attached. Let me know if you have any questions. Best regards, Ahmed",ham
Hot singles near you want to meet! Click here to see their profiles FREE. Limited time access. Join our network now and find your match!,spam
"Hi Tom, your leave request for Thursday has been approved. Please coordinate with your team for coverage. Best, HR Team.",ham
"Dear Robert, the invoice #66489 for $1585 is attached. Payment is due by Tuesday. Thank you for your continued business.",ham
Get out of debt fast! We settle credit card debt for pennies on the dollar. Guaranteed results. Call now for your free consultation today!,spam
"Dear Emma, congratulations on completing 5 years with our company! Your loyalty award certificate is attached. Thank you for your dedication.",ham
CONGRATULATIONS! Your email was randomly selected for our grand prize draw. You have won $4051. Claim your winnings by clicking here now!,spam
"Dear employee, HR requires you to update your direct deposit banking information immediately. Please click the secure link below and enter your bank account number and routing number by end of business day to ensure your payroll is not disrupted.",phishing
Your computer is infected with viruses! Download our FREE antivirus software now to protect your personal data and banking information!,spam
FINAL SECURITY WARNING: Your email account has been compromised and your password exposed. Hackers currently have access. Click here immediately and enter your current credentials so our security team can help you secure your account.,phishing
IT Security Notification: Your Microsoft account will be permanently closed unless you verify your login details within 48 hours. Click here to sign in immediately and confirm your account information to avoid service interruption.,phishing
Make money from home! Earn up to $1335 per week working just 2 hours a day. No experience needed. 100% guaranteed income. Subscribe FREE today!,spam
You have won a $5709 gift card! To claim your exclusive reward click the link below before it expires in 24 hours. Do not miss this deal!,spam
"IMPORTANT NOTICE from TD Bank: We have updated our online banking security policy. All customers must re-confirm their account credentials by clicking this link and entering their username, password, and one-time PIN before next Monday.",phishing
FINAL SECURITY WARNING: Your email account has been compromised and your password exposed. Hackers currently have access. Click here immediately and enter your current credentials so our security team can help you secure your account.,phishing
FINAL SECURITY WARNING: Your email account has been compromised and your password exposed. Hackers currently have access. Click here immediately and enter your current credentials so our security team can help you secure your account.,phishing
"Herbal supplements that actually work! Boost energy, lose weight, and improve performance. Doctor recommended. Order now with free shipping!",spam
FINAL NOTICE: You owe a tax debt of $4619. Call immediately to avoid legal action and wage garnishment. This is your last warning.,spam
"Good morning Aisha, here is the weekly status report for the week ending Monday. Please review and reply with your comments by Friday.",ham
You have been pre-approved for a personal loan of $5000! No credit check required. Apply online in 2 minutes. Get cash deposited today!,spam
"SECURITY ALERT: Your Microsoft account was accessed from an unknown device in Russia. If this was not you please click here immediately to secure your account, reset your credentials, and review your recent activity.",phishing
"Hi Jennifer, your order #67870 has been shipped and will arrive by January 15. Track your package using the link in your account portal.",ham
Tax Refund Notification from the IRS: You are eligible for a tax refund of $135. To receive your refund please click here and enter your social security number and bank account details within 48 hours before the claim expires.,phishing
Tax Refund Notification from the IRS: You are eligible for a tax refund of $58. To receive your refund please click here and enter your social security number and bank account details within 48 hours before the claim expires.,phishing
URGENT Netflix account suspended: We were unable to process your payment method. Please update your billing information immediately. Click here and enter your credit card details to reactivate your subscription and avoid losing your watchlist.,phishing
"Dear customer, we were unable to deliver your package. To reschedule delivery please click here and confirm your delivery address and provide your credit card details for the small redelivery fee of $2.99.",phishing
WIN a FREE smartphone! You are today's lucky visitor number one million. Spin the wheel now and claim your prize before it expires!,spam
Double your Bitcoin investment in 24 hours! Guaranteed returns of 200 percent. Our AI trading bot has never lost. Invest $9721 and get $5788 back!,spam
"Dear customer, we were unable to deliver your package. To reschedule delivery please click here and confirm your delivery address and provide your credit card details for the small redelivery fee of $2.99.",phishing
SYSTEM ALERT: Your email inbox is over its storage limit. Your account will be deactivated in 24 hours. Click here and sign in with your email and password to upgrade your storage and prevent losing all your emails and contacts.,phishing
"Dear Chris, your IT support ticket #14818 has been resolved. Please confirm if the issue is fixed by replying to this email.",ham
"Dear customer, we were unable to deliver your package. To reschedule delivery please click here and confirm your delivery address and provide your credit card details for the small redelivery fee of $2.99.",phishing
"Hi Ravi, this is your monthly account statement for the period ending Tuesday. Please review and contact us if you notice any discrepancies.",ham
"Dear Priya, congratulations on completing 5 years with our company! Your loyalty award certificate is attached. Thank you for your dedication.",ham
"Dear Microsoft Premium subscriber, your payment of $57 has failed. To avoid losing your premium benefits please click here and update your payment method by entering your new credit card number and billing address.",phishing
Double your Bitcoin investment in 24 hours! Guaranteed returns of 200 percent. Our AI trading bot has never lost. Invest $1640 and get $15099 back!,spam
Exclusive investment opportunity with guaranteed returns. Secret formula used by top Wall Street insiders. Only limited spots remaining today!,spam
SYSTEM ALERT: Your email inbox is over its storage limit. Your account will be deactivated in 24 hours. Click here and sign in with your email and password to upgrade your storage and prevent losing all your emails and contacts.,phishing
"Dear team, please note the office will be closed on January 15 for the public holiday. Enjoy the long weekend everyone!",ham
Tax Refund Notification from the IRS: You are eligible for a tax refund of $884. To receive your refund please click here and enter your social security number and bank account details within 48 hours before the claim expires.,phishing
"Dear Jennifer, the invoice #24973 for $3767 is attached. Payment is due by Monday. Thank you for your continued business.",ham
"Dear team, please note the office will be closed on February 3 for the public holiday. Enjoy the long weekend everyone!",ham
"Dear Ravi, thank you for your payment of $4357. Your receipt number is #53108. Please keep this for your records.",ham
"Hi Linda, the updated employee handbook is now available on the company intranet. Please read section 4 regarding the new remote work policy.",ham
Get out of debt fast! We settle credit card debt for pennies on the dollar. Guaranteed results. Call now for your free consultation today!,spam
"Lose 30 pounds in 30 days with this one weird trick doctors hate! 100% natural solution, no exercise needed. Order your FREE trial today!",spam
Your Amazon account has been flagged for security review. An unauthorized purchase of $1250 was attempted from your account. Please verify your identity by clicking here and entering your account credentials and payment information.,phishing
FINAL NOTICE: You owe a tax debt of $5465. Call immediately to avoid legal action and wage garnishment. This is your last warning.,spam
Tax Refund Notification from the IRS: You are eligible for a tax refund of $1601. To receive your refund please click here and enter your social security number and bank account details within 48 hours before the claim expires.,phishing
"Hi Carlos, following our phone call today I am sending the summary of action items we discussed. Please review and confirm.",ham
"Dear Mohamed, the invoice #25531 for $585 is attached. Payment is due by March 10. Thank you for your continued business.",ham
"Dear Barclays Customer, we have detected unusual activity on your account. Your account has been temporarily suspended. Please verify your identity immediately by clicking the link below and entering your login credentials. Failure to verify within 24 hours will result in permanent account closure and loss of funds.",phishing
"Dear Carlos, please find attached the contract for review. Kindly sign and return by April 5. Let us know if you need any amendments.",ham
Congratulations! You have been selected as our lucky winner! Claim your FREE prize of $3773 cash now. Click here to redeem before it expires. This is a limited time offer. Act NOW!,spam
"Dear customer, your TD Bank credit card ending in 9034 has been used for an unauthorized transaction of $496 at Unknown Location. If you did not make this purchase click here immediately and enter your full card details to dispute the charge.",phishing
"Dear Carlos, your IT support ticket #76160 has been resolved. Please confirm if the issue is fixed by replying to this email.",ham
"Hello Keiko, this is a reminder to complete the mandatory compliance training by February 3. Log in to the portal to start the modules.",ham
SYSTEM ALERT: Your email inbox is over its storage limit. Your account will be deactivated in 24 hours. Click here and sign in with your email and password to upgrade your storage and prevent losing all your emails and contacts.,phishing
"Hi Emma, following our phone call today I am sending the summary of action items we discussed. Please review and confirm.",ham
"Hello Ravi, your annual performance review is scheduled for Monday at 3:30 PM. Please prepare a brief self-assessment beforehand.",ham
Tax Refund Notification from the IRS: You are eligible for a tax refund of $506. To receive your refund please click here and enter your social security number and bank account details within 48 hours before the claim expires.,phishing
URGENT: Your account will be suspended in 24 hours. Click here immediately to verify your information and prevent permanent service disruption.,spam
"Dear customer, we were unable to deliver your package. To reschedule delivery please click here and confirm your delivery address and provide your credit card details for the small redelivery fee of $2.99.",phishing
"Hi Keiko, I wanted to share the latest project update. We are on track for the February 3 delivery milestone. Great work everyone!",ham
Your Amazon account has been flagged for security review. An unauthorized purchase of $804 was attempted from your account. Please verify your identity by clicking here and entering your account credentials and payment information.,phishing
Your Apple ID has been locked for security reasons. Someone attempted to sign in to your account from Unknown Location. To unlock your account click here and enter your Apple ID credentials and payment card information.,phishing
"SECURITY ALERT: Your Netflix account was accessed from an unknown device in Nigeria. If this was not you please click here immediately to secure your account, reset your credentials, and review your recent activity.",phishing
"IMPORTANT NOTICE from Chase: We have updated our online banking security policy. All customers must re-confirm their account credentials by clicking this link and entering their username, password, and one-time PIN before Friday.",phishing
Earn passive income with our proven system. Thousands already earning $1843 per day from home. Join free and start making money immediately!,spam
"Hi Ravi, following our phone call today I am sending the summary of action items we discussed. Please review and confirm.",ham
"Hi Priya, I wanted to share the latest project update. We are on track for the February 3 delivery milestone. Great work everyone!",ham
"Hello Emma, your annual performance review is scheduled for next Monday at 4:00 PM. Please prepare a brief self-assessment beforehand.",ham
Special bulk offer just for you! Cheap prescription drugs shipped discreetly worldwide. No questions asked. Order now for free shipping!,spam
"Dear Chris, your IT support ticket #24230 has been resolved. Please confirm if the issue is fixed by replying to this email.",ham
"Hello Jennifer, this is a reminder to complete the mandatory compliance training by March 10. Log in to the portal to start the modules.",ham
"Dear customer, your Wells Fargo credit card ending in 5601 has been used for an unauthorized transaction of $1518 at Romania. If you did not make this purchase click here immediately and enter your full card details to dispute the charge.",phishing
Tax Refund Notification from the IRS: You are eligible for a tax refund of $379. To receive your refund please click here and enter your social security number and bank account details within 48 hours before the claim expires.,phishing
"Dear customer, your Barclays credit card ending in 7832 has been used for an unauthorized transaction of $934 at Romania. If you did not make this purchase click here immediately and enter your full card details to dispute the charge.",phishing
"IMPORTANT NOTICE from Bank of America: We have updated our online banking security policy. All customers must re-confirm their account credentials by clicking this link and entering their username, password, and one-time PIN before Wednesday.",phishing
Special bulk offer just for you! Cheap prescription drugs shipped discreetly worldwide. No questions asked. Order now for free shipping!,spam
"Herbal supplements that actually work! Boost energy, lose weight, and improve performance. Doctor recommended. Order now with free shipping!",spam
WORK FROM HOME OPPORTUNITY! Earn $5269 per month packaging products at home. No experience required. Free starter kit included!,spam
"Hi Aisha, I am writing to confirm the details of the conference call on Tuesday at 9:00 AM. The dial-in number will be shared separately.",ham
"Hi David, your order #98795 has been shipped and will arrive by Wednesday. Track your package using the link in your account portal.",ham
"Hi Aisha, just following up on our meeting scheduled for Wednesday. Please find the agenda attached. Let me know if you have any questions. Best regards, Jennifer",ham
"Hi Chris, just following up on our meeting scheduled for Monday. Please find the agenda attached. Let me know if you have any questions. Best regards, Ahmed",ham
Increase your sales by 500 percent! Our bulk email marketing database has thousands of verified leads. Buy now and start earning today!,spam
"Dear Jennifer, the invoice #25814 for $1938 is attached. Payment is due by Friday. Thank you for your continued business.",ham
"Hi Mohamed, the code review for PR #37710 has been completed. Please address the inline comments and re-submit for final approval.",ham
URGENT Netflix account suspended: We were unable to process your payment method. Please update your billing information immediately. Click here and enter your credit card details to reactivate your subscription and avoid losing your watchlist.,phishing
You have won a $4940 gift card! To claim your exclusive reward click the link below before it expires in 24 hours. Do not miss this deal!,spam
Tax Refund Notification from the IRS: You are eligible for a tax refund of $423. To receive your refund please click here and enter your social security number and bank account details within 48 hours before the claim expires.,phishing
"Dear colleague, please join us for the department meeting on next Monday at 11:00 AM in Conference Room 19. Attendance is mandatory.",ham
"Hi Mohamed, this is your monthly account statement for the period ending December 20. Please review and contact us if you notice any discrepancies.",ham
"Hi Emma, the code review for PR #65846 has been completed. Please address the inline comments and re-submit for final approval.",ham
"Dear Robert, please find attached the contract for review. Kindly sign and return by January 15. Let us know if you need any amendments.",ham
"Dear colleague, please join us for the department meeting on March 10 at 11:00 AM in Conference Room 6. Attendance is mandatory.",ham
FINAL SECURITY WARNING: Your email account has been compromised and your password exposed. Hackers currently have access. Click here immediately and enter your current credentials so our security team can help you secure your account.,phishing
IT Security Notification: Your Microsoft account will be permanently closed unless you verify your login details within 48 hours. Click here to sign in immediately and confirm your account information to avoid service interruption.,phishing
"Dear Sarah, thank you for your payment of $2084. Your receipt number is #58449. Please keep this for your records.",ham
"Hello Carlos, your subscription has been renewed successfully. Next billing date: March 10. Contact support if you have any questions.",ham
BULK DISCOUNT OFFER: Buy cheap medications online without prescription. Special discount available for bulk orders. No doctor needed. Order now!,spam
URGENT: Your account will be suspended in 24 hours. Click here immediately to verify your information and prevent permanent service disruption.,spam
Special bulk offer just for you! Cheap prescription drugs shipped discreetly worldwide. No questions asked. Order now for free shipping!,spam
"Hello Robert, the server maintenance window is scheduled for March 10 at 9:00 AM. Expect downtime of approximately 2 hours. Plan accordingly.",ham
Double your Bitcoin investment in 24 hours! Guaranteed returns of 200 percent. Our AI trading bot has never lost. Invest $4862 and get $7765 back!,spam
Double your Bitcoin investment in 24 hours! Guaranteed returns of 200 percent. Our AI trading bot has never lost. Invest $874 and get $9588 back!,spam
"Dear Mohamed, we are pleased to inform you that your job application has moved to the next stage. We will be in touch by Friday.",ham
WIN a FREE smartphone! You are today's lucky visitor number one million. Spin the wheel now and claim your prize before it expires!,spam
"Hello Sarah, the quarterly report for Q4 is now ready. Please review it before our team discussion on Wednesday.",ham
BULK DISCOUNT OFFER: Buy cheap medications online without prescription. Special discount available for bulk orders. No doctor needed. Order now!,spam
"Hello David, the server maintenance window is scheduled for Friday at 4:00 PM. Expect downtime of approximately 2 hours. Plan accordingly.",ham
"Hello Chris, your annual performance review is scheduled for Tuesday at 3:30 PM. Please prepare a brief self-assessment beforehand.",ham
"Dear customer, we were unable to deliver your package. To reschedule delivery please click here and confirm your delivery address and provide your credit card details for the small redelivery fee of $2.99.",phishing
"Dear Priya, please find attached the contract for review. Kindly sign and return by next Monday. Let us know if you need any amendments.",ham
Increase your sales by 500 percent! Our bulk email marketing database has thousands of verified leads. Buy now and start earning today!,spam
"Hi Keiko, the updated employee handbook is now available on the company intranet. Please read section 4 regarding the new remote work policy.",ham
WORK FROM HOME OPPORTUNITY! Earn $4444 per month packaging products at home. No experience required. Free starter kit included!,spam
"Hi Priya, just following up on our meeting scheduled for March 10. Please find the agenda attached. Let me know if you have any questions. Best regards, Sunita",ham
"Dear James, your IT support ticket #58674 has been resolved. Please confirm if the issue is fixed by replying to this email.",ham
"Dear Wells Fargo Customer, we have detected unusual activity on your account. Your account has been temporarily suspended. Please verify your identity immediately by clicking the link below and entering your login credentials. Failure to verify within 24 hours will result in permanent account closure and loss of funds.",phishing
IT Security Notification: Your Microsoft account will be permanently closed unless you verify your login details within 48 hours. Click here to sign in immediately and confirm your account information to avoid service interruption.,phishing
"Dear colleague, please join us for the department meeting on Tuesday at 3:30 PM in Conference Room 15. Attendance is mandatory.",ham
"Hi Carlos, I am writing to confirm the details of the conference call on January 15 at 10:30 AM. The dial-in number will be shared separately.",ham
"Dear Mohamed, your IT support ticket #73809 has been resolved. Please confirm if the issue is fixed by replying to this email.",ham
"Dear Priya, thank you for your payment of $3386. Your receipt number is #98946. Please keep this for your records.",ham
"Hello Carlos, the server maintenance window is scheduled for April 5 at 2:00 PM. Expect downtime of approximately 2 hours. Plan accordingly.",ham
"Dear customer, we were unable to deliver your package. To reschedule delivery please click here and confirm your delivery address and provide your credit card details for the small redelivery fee of $2.99.",phishing
"Dear Carlos, your IT support ticket #40182 has been resolved. Please confirm if the issue is fixed by replying to this email.",ham
Your Apple ID has been locked for security reasons. Someone attempted to sign in to your account from Brazil. To unlock your account click here and enter your Apple ID credentials and payment card information.,phishing
IT Security Notification: Your Microsoft account will be permanently closed unless you verify your login details within 48 hours. Click here to sign in immediately and confirm your account information to avoid service interruption.,phishing
Make money from home! Earn up to $5316 per week working just 2 hours a day. No experience needed. 100% guaranteed income. Subscribe FREE today!,spam
"Hi Keiko, following our phone call today I am sending the summary of action items we discussed. Please review and confirm.",ham
"Hello Emma, the quarterly report for Q2 is now ready. Please review it before our team discussion on Monday.",ham
"Good morning James, here is the weekly status report for the week ending Monday. Please review and reply with your comments by Friday.",ham
You have won a $6393 gift card! To claim your exclusive reward click the link below before it expires in 24 hours. Do not miss this deal!,spam
Increase your sales by 500 percent! Our bulk email marketing database has thousands of verified leads. Buy now and start earning today!,spam
FINAL NOTICE: You owe a tax debt of $3147. Call immediately to avoid legal action and wage garnishment. This is your last warning.,spam
"Dear Chase Customer, we have detected unusual activity on your account. Your account has been temporarily suspended. Please verify your identity immediately by clicking the link below and entering your login credentials. Failure to verify within 24 hours will result in permanent account closure and loss of funds.",phishing
"Dear customer, your Bank of America credit card ending in 1294 has been used for an unauthorized transaction of $966 at Vietnam. If you did not make this purchase click here immediately and enter your full card details to dispute the charge.",phishing
You have been pre-approved for a personal loan of $843! No credit check required. Apply online in 2 minutes. Get cash deposited today!,spam
"Dear valued customer, your PayPal account has been limited due to suspicious activity. Please confirm your billing information by clicking the link below. You must provide your credit card number and social security number to restore full access.",phishing
IT Security Notification: Your Microsoft account will be permanently closed unless you verify your login details within 48 hours. Click here to sign in immediately and confirm your account information to avoid service interruption.,phishing
CONGRATULATIONS! Your email was randomly selected for our grand prize draw. You have won $9149. Claim your winnings by clicking here now!,spam
"Hi Jennifer, the code review for PR #14044 has been completed. Please address the inline comments and re-submit for final approval.",ham
"Dear Robert, your appointment has been confirmed for Monday at 2:00 PM. Please bring a valid ID. Thank you for choosing us.",ham
"ACCOUNT VERIFICATION REQUIRED: Dear HDFC Bank member, as part of our mandatory security upgrade all customers must re-verify their account details. Click here and enter your account number, online banking password and security answers immediately.",phishing
WIN a FREE smartphone! You are today's lucky visitor number one million. Spin the wheel now and claim your prize before it expires!,spam
"Good morning Mohamed, here is the weekly status report for the week ending February 3. Please review and reply with your comments by Friday.",ham
Your Apple ID has been locked for security reasons. Someone attempted to sign in to your account from Russia. To unlock your account click here and enter your Apple ID credentials and payment card information.,phishing
URGENT Netflix account suspended: We were unable to process your payment method. Please update your billing information immediately. Click here and enter your credit card details to reactivate your subscription and avoid losing your watchlist.,phishing
"Dear Priya, we are pleased to inform you that your job application has moved to the next stage. We will be in touch by next Monday.",ham
"Hello Keiko, your subscription has been renewed successfully. Next billing date: Thursday. Contact support if you have any questions.",ham
"Hi Ravi, just following up on our meeting scheduled for next Monday. Please find the agenda attached. Let me know if you have any questions. Best regards, Michael",ham
"Dear customer, your Chase credit card ending in 9034 has been used for an unauthorized transaction of $1459 at Unknown Location. If you did not make this purchase click here immediately and enter your full card details to dispute the charge.",phishing
"Dear David, please find attached the contract for review. Kindly sign and return by December 20. Let us know if you need any amendments.",ham
"Dear Linda, the invoice #58760 for $3088 is attached. Payment is due by April 5. Thank you for your continued business.",ham
"Hi Keiko, your leave request for Wednesday has been approved. Please coordinate with your team for coverage. Best, HR Team.",ham
"Hi Tom, this is your monthly account statement for the period ending April 5. Please review and contact us if you notice any discrepancies.",ham
"Dear Keiko, we are pleased to inform you that your job application has moved to the next stage. We will be in touch by Wednesday.",ham
URGENT Netflix account suspended: We were unable to process your payment method. Please update your billing information immediately. Click here and enter your credit card details to reactivate your subscription and avoid losing your watchlist.,phishing
URGENT: Your account will be suspended in 24 hours. Click here immediately to verify your information and prevent permanent service disruption.,spam
"Dear team, please note the office will be closed on April 5 for the public holiday. Enjoy the long weekend everyone!",ham
Your Amazon account has been flagged for security review. An unauthorized purchase of $1473 was attempted from your account. Please verify your identity by clicking here and entering your account credentials and payment information.,phishing
Increase your sales by 500 percent! Our bulk email marketing database has thousands of verified leads. Buy now and start earning today!,spam
"Hello Chris, the quarterly report for Q3 is now ready. Please review it before our team discussion on Thursday.",ham
Make money from home! Earn up to $4547 per week working just 2 hours a day. No experience needed. 100% guaranteed income. Subscribe FREE today!,spam
Your Apple ID has been locked for security reasons. Someone attempted to sign in to your account from Vietnam. To unlock your account click here and enter your Apple ID credentials and payment card information.,phishing
"Hi Chris, following our phone call today I am sending the summary of action items we discussed. Please review and confirm.",ham
"Dear customer, your TD Bank credit card ending in 4521 has been used for an unauthorized transaction of $1221 at Vietnam. If you did not make this purchase click here immediately and enter your full card details to dispute the charge.",phishing
"Herbal supplements that actually work! Boost energy, lose weight, and improve performance. Doctor recommended. Order now with free shipping!",spam
"Dear Sarah, please find attached the contract for review. Kindly sign and return by January 15. Let us know if you need any amendments.",ham
"Hello Keiko, your subscription has been renewed successfully. Next billing date: next Monday. Contact support if you have any questions.",ham
"Hello Linda, this is a reminder to complete the mandatory compliance training by next Monday. Log in to the portal to start the modules.",ham
"ACCOUNT VERIFICATION REQUIRED: Dear HDFC Bank member, as part of our mandatory security upgrade all customers must re-verify their account details. Click here and enter your account number, online banking password and security answers immediately.",phishing
"Hi Mohamed, just following up on our meeting scheduled for Tuesday. Please find the agenda attached. Let me know if you have any questions. Best regards, Jennifer",ham
"Dear team, please note the office will be closed on December 20 for the public holiday. Enjoy the long weekend everyone!",ham
"Hi Chris, the updated employee handbook is now available on the company intranet. Please read section 4 regarding the new remote work policy.",ham
"Hello Priya, the server maintenance window is scheduled for Wednesday at 9:00 AM. Expect downtime of approximately 2 hours. Plan accordingly.",ham
WORK FROM HOME OPPORTUNITY! Earn $3362 per month packaging products at home. No experience required. Free starter kit included!,spam
SYSTEM ALERT: Your email inbox is over its storage limit. Your account will be deactivated in 24 hours. Click here and sign in with your email and password to upgrade your storage and prevent losing all your emails and contacts.,phishing
"Hi Emma, just following up on our meeting scheduled for Thursday. Please find the agenda attached. Let me know if you have any questions. Best regards, Maria",ham
"Hello Chris, your subscription has been renewed successfully. Next billing date: March 10. Contact support if you have any questions.",ham
"Hi Carlos, just following up on our meeting scheduled for Monday. Please find the agenda attached. Let me know if you have any questions. Best regards, Paul",ham
"Dear Sarah, congratulations on completing 5 years with our company! Your loyalty award certificate is attached. Thank you for your dedication.",ham
You have been pre-approved for a personal loan of $4739! No credit check required. Apply online in 2 minutes. Get cash deposited today!,spam
"Dear Microsoft Premium subscriber, your payment of $347 has failed. To avoid losing your premium benefits please click here and update your payment method by entering your new credit card number and billing address.",phishing
"Dear Linda, we are pleased to inform you that your job application has moved to the next stage. We will be in touch by March 10.",ham
Increase your sales by 500 percent! Our bulk email marketing database has thousands of verified leads. Buy now and start earning today!,spam
"Dear Aisha, your IT support ticket #35419 has been resolved. Please confirm if the issue is fixed by replying to this email.",ham
"Hi team, reminder that the project deadline is December 20. Please update your tasks on the board by end of day. Thanks, Grace",ham
BULK DISCOUNT OFFER: Buy cheap medications online without prescription. Special discount available for bulk orders. No doctor needed. Order now!,spam
WIN a FREE smartphone! You are today's lucky visitor number one million. Spin the wheel now and claim your prize before it expires!,spam
"Dear Chris, please find attached the contract for review. Kindly sign and return by next Monday. Let us know if you need any amendments.",ham
"Dear Emma, your appointment has been confirmed for Monday at 11:00 AM. Please bring a valid ID. Thank you for choosing us.",ham
"Hi Keiko, your leave request for next Monday has been approved. Please coordinate with your team for coverage. Best, HR Team.",ham
Your Amazon account has been flagged for security review. An unauthorized purchase of $722 was attempted from your account. Please verify your identity by clicking here and entering your account credentials and payment information.,phishing
"Dear colleague, please join us for the department meeting on Friday at 3:30 PM in Conference Room 12. Attendance is mandatory.",ham
BULK DISCOUNT OFFER: Buy cheap medications online without prescription. Special discount available for bulk orders. No doctor needed. Order now!,spam
"Hello Carlos, your subscription has been renewed successfully. Next billing date: February 3. Contact support if you have any questions.",ham
"Dear PayPal user, your account storage is 99 percent full and your account will be suspended. Upgrade now for free by verifying your account credentials. Click here and enter your login and credit card information to claim free storage.",phishing
"Hello Robert, the quarterly report for Q4 is now ready. Please review it before our team discussion on January 15.",ham
URGENT Netflix account suspended: We were unable to process your payment method. Please update your billing information immediately. Click here and enter your credit card details to reactivate your subscription and avoid losing your watchlist.,phishing
"Hi Tom, I wanted to share the latest project update. We are on track for the Friday delivery milestone. Great work everyone!",ham
"Dear customer, your Chase credit card ending in 1294 has been used for an unauthorized transaction of $614 at Vietnam. If you did not make this purchase click here immediately and enter your full card details to dispute the charge.",phishing
"Dear Jennifer, thank you for your payment of $781. Your receipt number is #39131. Please keep this for your records.",ham
"Dear Jennifer, your IT support ticket #56036 has been resolved. Please confirm if the issue is fixed by replying to this email.",ham
"Hi Aisha, the code review for PR #34632 has been completed. Please address the inline comments and re-submit for final approval.",ham
URGENT Netflix account suspended: We were unable to process your payment method. Please update your billing information immediately. Click here and enter your credit card details to reactivate your subscription and avoid losing your watchlist.,phishing
"Dear Emma, please find attached the contract for review. Kindly sign and return by April 5. Let us know if you need any amendments.",ham
URGENT: Your Instagram account has been reported for suspicious activity. To avoid permanent suspension please click the link below within 24 hours and verify your personal information including your date of birth and account password.,phishing
Double your Bitcoin investment in 24 hours! Guaranteed returns of 200 percent. Our AI trading bot has never lost. Invest $6718 and get $16414 back!,spam
"Dear SBI account holder, your debit card has been blocked due to suspicious transactions totaling $1336. Please click the link below and enter your card number, expiry date, and PIN to unblock your card immediately.",phishing
"IMPORTANT NOTICE from Barclays: We have updated our online banking security policy. All customers must re-confirm their account credentials by clicking this link and entering their username, password, and one-time PIN before Monday.",phishing
You have won a $7928 gift card! To claim your exclusive reward click the link below before it expires in 24 hours. Do not miss this deal!,spam
Get out of debt fast! We settle credit card debt for pennies on the dollar. Guaranteed results. Call now for your free consultation today!,spam
"Hello Carlos, this is a reminder to complete the mandatory compliance training by January 15. Log in to the portal to start the modules.",ham
BULK DISCOUNT OFFER: Buy cheap medications online without prescription. Special discount available for bulk orders. No doctor needed. Order now!,spam
"Hello Chris, your subscription has been renewed successfully. Next billing date: Friday. Contact support if you have any questions.",ham
"Dear customer, your TD Bank credit card ending in 9034 has been used for an unauthorized transaction of $1378 at Eastern Europe. If you did not make this purchase click here immediately and enter your full card details to dispute the charge.",phishing
"Lose 30 pounds in 30 days with this one weird trick doctors hate! 100% natural solution, no exercise needed. Order your FREE trial today!",spam
"Hi team, reminder that the project deadline is Monday. Please update your tasks on the board by end of day. Thanks, Ahmed",ham
"Dear customer, we were unable to deliver your package. To reschedule delivery please click here and confirm your delivery address and provide your credit card details for the small redelivery fee of $2.99.",phishing
You have been pre-approved for a personal loan of $1553! No credit check required. Apply online in 2 minutes. Get cash deposited today!,spam
"Dear James, thank you for your payment of $2377. Your receipt number is #68085. Please keep this for your records.",ham
"Hello Aisha, your subscription has been renewed successfully. Next billing date: Thursday. Contact support if you have any questions.",ham
"Dear Instagram user, your account storage is 99 percent full and your account will be suspended. Upgrade now for free by verifying your account credentials. Click here and enter your login and credit card information to claim free storage.",phishing
"Dear colleague, please join us for the department meeting on Wednesday at 2:00 PM in Conference Room 13. Attendance is mandatory.",ham
Earn passive income with our proven system. Thousands already earning $6175 per day from home. Join free and start making money immediately!,spam
"Dear colleague, please join us for the department meeting on January 15 at 10:30 AM in Conference Room 16. Attendance is mandatory.",ham
"Hello Linda, your annual performance review is scheduled for Tuesday at 10:30 AM. Please prepare a brief self-assessment beforehand.",ham
Your PayPal account password will expire in 24 hours. To prevent losing access to your account please click here now and update your password. Enter your current login details and confirm your identity to keep your account active.,phishing
"Dear team, please note the office will be closed on Monday for the public holiday. Enjoy the long weekend everyone!",ham
Double your Bitcoin investment in 24 hours! Guaranteed returns of 200 percent. Our AI trading bot has never lost. Invest $904 and get $9260 back!,spam
Your Amazon account has been flagged for security review. An unauthorized purchase of $187 was attempted from your account. Please verify your identity by clicking here and entering your account credentials and payment information.,phishing
Your Apple ID has been locked for security reasons. Someone attempted to sign in to your account from Romania. To unlock your account click here and enter your Apple ID credentials and payment card information.,phishing
BULK DISCOUNT OFFER: Buy cheap medications online without prescription. Special discount available for bulk orders. No doctor needed. Order now!,spam
You have won a $2491 gift card! To claim your exclusive reward click the link below before it expires in 24 hours. Do not miss this deal!,spam
URGENT: Your Dropbox account has been reported for suspicious activity. To avoid permanent suspension please click the link below within 24 hours and verify your personal information including your date of birth and account password.,phishing
BULK DISCOUNT OFFER: Buy cheap medications online without prescription. Special discount available for bulk orders. No doctor needed. Order now!,spam
Your PayPal account password will expire in 24 hours. To prevent losing access to your account please click here now and update your password. Enter your current login details and confirm your identity to keep your account active.,phishing
"Dear customer, your TD Bank credit card ending in 5601 has been used for an unauthorized transaction of $227 at Russia. If you did not make this purchase click here immediately and enter your full card details to dispute the charge.",phishing
You have won a $2177 gift card! To claim your exclusive reward click the link below before it expires in 24 hours. Do not miss this deal!,spam
FINAL NOTICE: You owe a tax debt of $6066. Call immediately to avoid legal action and wage garnishment. This is your last warning.,spam
Your Microsoft account password will expire in 24 hours. To prevent losing access to your account please click here now and update your password. Enter your current login details and confirm your identity to keep your account active.,phishing
Your computer is infected with viruses! Download our FREE antivirus software now to protect your personal data and banking information!,spam
"Hello Emma, this is a reminder to complete the mandatory compliance training by Monday. Log in to the portal to start the modules.",ham
"ACCOUNT VERIFICATION REQUIRED: Dear Chase member, as part of our mandatory security upgrade all customers must re-verify their account details. Click here and enter your account number, online banking password and security answers immediately.",phishing
"Dear team, please note the office will be closed on Friday for the public holiday. Enjoy the long weekend everyone!",ham
"Hi Linda, following our phone call today I am sending the summary of action items we discussed. Please review and confirm.",ham
"Dear Carlos, congratulations on completing 5 years with our company! Your loyalty award certificate is attached. Thank you for your dedication.",ham
"Hi Mohamed, I am writing to confirm the details of the conference call on December 20 at 11:00 AM. The dial-in number will be shared separately.",ham
"Hi Linda, just following up on our meeting scheduled for April 5. Please find the agenda attached. Let me know if you have any questions. Best regards, Grace",ham
"Hi Mohamed, this is your monthly account statement for the period ending March 10. Please review and contact us if you notice any discrepancies.",ham
"Hi Priya, I wanted to share the latest project update. We are on track for the Friday delivery milestone. Great work everyone!",ham
"Dear customer, your Wells Fargo credit card ending in 7832 has been used for an unauthorized transaction of $1017 at Russia. If you did not make this purchase click here immediately and enter your full card details to dispute the charge.",phishing
"Dear Sarah, thank you for your payment of $4166. Your receipt number is #55519. Please keep this for your records.",ham
Tax Refund Notification from the IRS: You are eligible for a tax refund of $1515. To receive your refund please click here and enter your social security number and bank account details within 48 hours before the claim expires.,phishing
Double your Bitcoin investment in 24 hours! Guaranteed returns of 200 percent. Our AI trading bot has never lost. Invest $9595 and get $8527 back!,spam
"Hello Sarah, your subscription has been renewed successfully. Next billing date: Thursday. Contact support if you have any questions.",ham
You have won a $1170 gift card! To claim your exclusive reward click the link below before it expires in 24 hours. Do not miss this deal!,spam
"Hi Jennifer, your leave request for Monday has been approved. Please coordinate with your team for coverage. Best, HR Team.",ham
"Hi Keiko, your leave request for January 15 has been approved. Please coordinate with your team for coverage. Best, HR Team.",ham
"Dear Sarah, congratulations on completing 5 years with our company! Your loyalty award certificate is attached. Thank you for your dedication.",ham
URGENT: Your account will be suspended in 24 hours. Click here immediately to verify your information and prevent permanent service disruption.,spam
FINAL SECURITY WARNING: Your email account has been compromised and your password exposed. Hackers currently have access. Click here immediately and enter your current credentials so our security team can help you secure your account.,phishing
Your computer is infected with viruses! Download our FREE antivirus software now to protect your personal data and banking information!,spam
"Hi Linda, I wanted to share the latest project update. We are on track for the December 20 delivery milestone. Great work everyone!",ham
Get out of debt fast! We settle credit card debt for pennies on the dollar. Guaranteed results. Call now for your free consultation today!,spam
"Good morning Priya, here is the weekly status report for the week ending next Monday. Please review and reply with your comments by Friday.",ham
"Dear colleague, please join us for the department meeting on March 10 at 2:00 PM in Conference Room 14. Attendance is mandatory.",ham
"Dear Chris, your IT support ticket #88753 has been resolved. Please confirm if the issue is fixed by replying to this email.",ham
Increase your sales by 500 percent! Our bulk email marketing database has thousands of verified leads. Buy now and start earning today!,spam
"Dear Mohamed, we are pleased to inform you that your job application has moved to the next stage. We will be in touch by Wednesday.",ham
"Dear Dropbox user, your account storage is 99 percent full and your account will be suspended. Upgrade now for free by verifying your account credentials. Click here and enter your login and credit card information to claim free storage.",phishing
You have won a $8993 gift card! To claim your exclusive reward click the link below before it expires in 24 hours. Do not miss this deal!,spam
"Hi Carlos, this is your monthly account statement for the period ending February 3. Please review and contact us if you notice any discrepancies.",ham
"Dear customer, we were unable to deliver your package. To reschedule delivery please click here and confirm your delivery address and provide your credit card details for the small redelivery fee of $2.99.",phishing
Your computer is infected with viruses! Download our FREE antivirus software now to protect your personal data and banking information!,spam
"Dear Robert, please find attached the contract for review. Kindly sign and return by April 5. Let us know if you need any amendments.",ham
Double your Bitcoin investment in 24 hours! Guaranteed returns of 200 percent. Our AI trading bot has never lost. Invest $2559 and get $9319 back!,spam
"Dear Keiko, congratulations on completing 5 years with our company! Your loyalty award certificate is attached. Thank you for your dedication.",ham
Your Apple ID has been locked for security reasons. Someone attempted to sign in to your account from Brazil. To unlock your account click here and enter your Apple ID credentials and payment card information.,phishing
URGENT: Your Instagram account has been reported for suspicious activity. To avoid permanent suspension please click the link below within 24 hours and verify your personal information including your date of birth and account password.,phishing
WORK FROM HOME OPPORTUNITY! Earn $1674 per month packaging products at home. No experience required. Free starter kit included!,spam
Your Apple account password will expire in 24 hours. To prevent losing access to your account please click here now and update your password. Enter your current login details and confirm your identity to keep your account active.,phishing
"Dear Priya, your IT support ticket #59664 has been resolved. Please confirm if the issue is fixed by replying to this email.",ham
"Hi Priya, your order #60275 has been shipped and will arrive by next Monday. Track your package using the link in your account portal.",ham
Hot singles near you want to meet! Click here to see their profiles FREE. Limited time access. Join our network now and find your match!,spam
Your computer is infected with viruses! Download our FREE antivirus software now to protect your personal data and banking information!,spam
FINAL SECURITY WARNING: Your email account has been compromised and your password exposed. Hackers currently have access. Click here immediately and enter your current credentials so our security team can help you secure your account.,phishing
"Good morning David, here is the weekly status report for the week ending February 3. Please review and reply with your comments by Friday.",ham
FINAL NOTICE: You owe a tax debt of $8019. Call immediately to avoid legal action and wage garnishment. This is your last warning.,spam
"Hi Linda, I wanted to share the latest project update. We are on track for the Tuesday delivery milestone. Great work everyone!",ham
Earn passive income with our proven system. Thousands already earning $782 per day from home. Join free and start making money immediately!,spam
URGENT: Your account will be suspended in 24 hours. Click here immediately to verify your information and prevent permanent service disruption.,spam
"SECURITY ALERT: Your PayPal account was accessed from an unknown device in Unknown Location. If this was not you please click here immediately to secure your account, reset your credentials, and review your recent activity.",phishing
"Hi Tom, following our phone call today I am sending the summary of action items we discussed. Please review and confirm.",ham
WIN a FREE smartphone! You are today's lucky visitor number one million. Spin the wheel now and claim your prize before it expires!,spam
"Good morning Carlos, here is the weekly status report for the week ending Thursday. Please review and reply with your comments by Friday.",ham
"Hi Ravi, I wanted to share the latest project update. We are on track for the Thursday delivery milestone. Great work everyone!",ham
Increase your sales by 500 percent! Our bulk email marketing database has thousands of verified leads. Buy now and start earning today!,spam
"Dear Wells Fargo Customer, we have detected unusual activity on your account. Your account has been temporarily suspended. Please verify your identity immediately by clicking the link below and entering your login credentials. Failure to verify within 24 hours will result in permanent account closure and loss of funds.",phishing
"Dear customer, we were unable to deliver your package. To reschedule delivery please click here and confirm your delivery address and provide your credit card details for the small redelivery fee of $2.99.",phishing
URGENT Netflix account suspended: We were unable to process your payment method. Please update your billing information immediately. Click here and enter your credit card details to reactivate your subscription and avoid losing your watchlist.,phishing
Your Amazon account has been flagged for security review. An unauthorized purchase of $770 was attempted from your account. Please verify your identity by clicking here and entering your account credentials and payment information.,phishing
"Dear Chris, we are pleased to inform you that your job application has moved to the next stage. We will be in touch by Monday.",ham
You have been pre-approved for a personal loan of $3098! No credit check required. Apply online in 2 minutes. Get cash deposited today!,spam
"Hello Ravi, the quarterly report for Q1 is now ready. Please review it before our team discussion on Monday.",ham
"Dear TD Bank Customer, we have detected unusual activity on your account. Your account has been temporarily suspended. Please verify your identity immediately by clicking the link below and entering your login credentials. Failure to verify within 24 hours will result in permanent account closure and loss of funds.",phishing
"SECURITY ALERT: Your PayPal account was accessed from an unknown device in Vietnam. If this was not you please click here immediately to secure your account, reset your credentials, and review your recent activity.",phishing
"Dear TD Bank Customer, we have detected unusual activity on your account. Your account has been temporarily suspended. Please verify your identity immediately by clicking the link below and entering your login credentials. Failure to verify within 24 hours will result in permanent account closure and loss of funds.",phishing
Make money from home! Earn up to $3141 per week working just 2 hours a day. No experience needed. 100% guaranteed income. Subscribe FREE today!,spam
"Hello Tom, the server maintenance window is scheduled for April 5 at 11:00 AM. Expect downtime of approximately 2 hours. Plan accordingly.",ham
Exclusive investment opportunity with guaranteed returns. Secret formula used by top Wall Street insiders. Only limited spots remaining today!,spam
Special bulk offer just for you! Cheap prescription drugs shipped discreetly worldwide. No questions asked. Order now for free shipping!,spam
Increase your sales by 500 percent! Our bulk email marketing database has thousands of verified leads. Buy now and start earning today!,spam
Your Dropbox account password will expire in 24 hours. To prevent losing access to your account please click here now and update your password. Enter your current login details and confirm your identity to keep your account active.,phishing
"Dear customer, we were unable to deliver your package. To reschedule delivery please click here and confirm your delivery address and provide your credit card details for the small redelivery fee of $2.99.",phishing
"Dear employee, HR requires you to update your direct deposit banking information immediately. Please click the secure link below and enter your bank account number and routing number by end of business day to ensure your payroll is not disrupted.",phishing
"Dear Emma, your IT support ticket #11610 has been resolved. Please confirm if the issue is fixed by replying to this email.",ham
"Hello Mohamed, your annual performance review is scheduled for Friday at 2:00 PM. Please prepare a brief self-assessment beforehand.",ham
Special bulk offer just for you! Cheap prescription drugs shipped discreetly worldwide. No questions asked. Order now for free shipping!,spam
WIN a FREE smartphone! You are today's lucky visitor number one million. Spin the wheel now and claim your prize before it expires!,spam
"Hi Jennifer, your leave request for Wednesday has been approved. Please coordinate with your team for coverage. Best, HR Team.",ham
URGENT: Your Google account has been reported for suspicious activity. To avoid permanent suspension please click the link below within 24 hours and verify your personal information including your date of birth and account password.,phishing
"Dear Instagram user, your account storage is 99 percent full and your account will be suspended. Upgrade now for free by verifying your account credentials. Click here and enter your login and credit card information to claim free storage.",phishing
"Hi Emma, the updated employee handbook is now available on the company intranet. Please read section 4 regarding the new remote work policy.",ham
"Dear valued customer, your PayPal account has been limited due to suspicious activity. Please confirm your billing information by clicking the link below. You must provide your credit card number and social security number to restore full access.",phishing
"Hi Linda, the code review for PR #33671 has been completed. Please address the inline comments and re-submit for final approval.",ham
"Good morning Jennifer, here is the weekly status report for the week ending next Monday. Please review and reply with your comments by Friday.",ham
"Hi Priya, this is your monthly account statement for the period ending February 3. Please review and contact us if you notice any discrepancies.",ham
You have been pre-approved for a personal loan of $3099! No credit check required. Apply online in 2 minutes. Get cash deposited today!,spam
"SECURITY ALERT: Your LinkedIn account was accessed from an unknown device in Nigeria. If this was not you please click here immediately to secure your account, reset your credentials, and review your recent activity.",phishing
"Hello Priya, the quarterly report for Q3 is now ready. Please review it before our team discussion on April 5.",ham
"Dear Emma, your IT support ticket #74216 has been resolved. Please confirm if the issue is fixed by replying to this email.",ham
"Dear Keiko, your IT support ticket #31755 has been resolved. Please confirm if the issue is fixed by replying to this email.",ham
"Lose 30 pounds in 30 days with this one weird trick doctors hate! 100% natural solution, no exercise needed. Order your FREE trial today!",spam
Exclusive investment opportunity with guaranteed returns. Secret formula used by top Wall Street insiders. Only limited spots remaining today!,spam
"Dear Amazon Premium subscriber, your payment of $279 has failed. To avoid losing your premium benefits please click here and update your payment method by entering your new credit card number and billing address.",phishing
"SECURITY ALERT: Your Netflix account was accessed from an unknown device in Romania. If this was not you please click here immediately to secure your account, reset your credentials, and review your recent activity.",phishing
"Hello Linda, the server maintenance window is scheduled for December 20 at 11:00 AM. Expect downtime of approximately 2 hours. Plan accordingly.",ham
"SECURITY ALERT: Your Netflix account was accessed from an unknown device in Unknown Location. If this was not you please click here immediately to secure your account, reset your credentials, and review your recent activity.",phishing
"Dear Apple Premium subscriber, your payment of $1136 has failed. To avoid losing your premium benefits please click here and update your payment method by entering your new credit card number and billing address.",phishing
"Hello Chris, this is a reminder to complete the mandatory compliance training by April 5. Log in to the portal to start the modules.",ham
"Dear LinkedIn user, your account storage is 99 percent full and your account will be suspended. Upgrade now for free by verifying your account credentials. Click here and enter your login and credit card information to claim free storage.",phishing
URGENT Netflix account suspended: We were unable to process your payment method. Please update your billing information immediately. Click here and enter your credit card details to reactivate your subscription and avoid losing your watchlist.,phishing
"Dear customer, we were unable to deliver your package. To reschedule delivery please click here and confirm your delivery address and provide your credit card details for the small redelivery fee of $2.99.",phishing
Exclusive investment opportunity with guaranteed returns. Secret formula used by top Wall Street insiders. Only limited spots remaining today!,spam
"Dear Linda, the invoice #73898 for $3763 is attached. Payment is due by December 20. Thank you for your continued business.",ham
"Hi Priya, I am writing to confirm the details of the conference call on March 10 at 2:00 PM. The dial-in number will be shared separately.",ham
FINAL SECURITY WARNING: Your email account has been compromised and your password exposed. Hackers currently have access. Click here immediately and enter your current credentials so our security team can help you secure your account.,phishing
"Hi Aisha, following our phone call today I am sending the summary of action items we discussed. Please review and confirm.",ham
"Dear Chase account holder, your debit card has been blocked due to suspicious transactions totaling $1485. Please click the link below and enter your card number, expiry date, and PIN to unblock your card immediately.",phishing
"Dear valued customer, your PayPal account has been limited due to suspicious activity. Please confirm your billing information by clicking the link below. You must provide your credit card number and social security number to restore full access.",phishing
You have won a $9289 gift card! To claim your exclusive reward click the link below before it expires in 24 hours. Do not miss this deal!,spam
"Hi Tom, I wanted to share the latest project update. We are on track for the Thursday delivery milestone. Great work everyone!",ham
IT Security Notification: Your Microsoft account will be permanently closed unless you verify your login details within 48 hours. Click here to sign in immediately and confirm your account information to avoid service interruption.,phishing
Increase your sales by 500 percent! Our bulk email marketing database has thousands of verified leads. Buy now and start earning today!,spam
WORK FROM HOME OPPORTUNITY! Earn $7736 per month packaging products at home. No experience required. Free starter kit included!,spam
"Hi Sarah, the code review for PR #20696 has been completed. Please address the inline comments and re-submit for final approval.",ham
Hot singles near you want to meet! Click here to see their profiles FREE. Limited time access. Join our network now and find your match!,spam
"Dear customer, we were unable to deliver your package. To reschedule delivery please click here and confirm your delivery address and provide your credit card details for the small redelivery fee of $2.99.",phishing
"Dear colleague, please join us for the department meeting on February 3 at 2:00 PM in Conference Room 19. Attendance is mandatory.",ham
"Dear David, we are pleased to inform you that your job application has moved to the next stage. We will be in touch by January 15.",ham
Your Amazon account has been flagged for security review. An unauthorized purchase of $725 was attempted from your account. Please verify your identity by clicking here and entering your account credentials and payment information.,phishing
IT Security Notification: Your Microsoft account will be permanently closed unless you verify your login details within 48 hours. Click here to sign in immediately and confirm your account information to avoid service interruption.,phishing
"Hello Tom, this is a reminder to complete the mandatory compliance training by Wednesday. Log in to the portal to start the modules.",ham
Your computer is infected with viruses! Download our FREE antivirus software now to protect your personal data and banking information!,spam
"Hi James, I wanted to share the latest project update. We are on track for the December 20 delivery milestone. Great work everyone!",ham
Double your Bitcoin investment in 24 hours! Guaranteed returns of 200 percent. Our AI trading bot has never lost. Invest $840 and get $6078 back!,spam
"Hi Mohamed, this is your monthly account statement for the period ending Wednesday. Please review and contact us if you notice any discrepancies.",ham
Make money from home! Earn up to $8405 per week working just 2 hours a day. No experience needed. 100% guaranteed income. Subscribe FREE today!,spam
"Dear Apple Premium subscriber, your payment of $196 has failed. To avoid losing your premium benefits please click here and update your payment method by entering your new credit card number and billing address.",phishing
Get out of debt fast! We settle credit card debt for pennies on the dollar. Guaranteed results. Call now for your free consultation today!,spam
"Hello Keiko, the quarterly report for Q2 is now ready. Please review it before our team discussion on April 5.",ham
Earn passive income with our proven system. Thousands already earning $6805 per day from home. Join free and start making money immediately!,spam
"Dear Ravi, your IT support ticket #94518 has been resolved. Please confirm if the issue is fixed by replying to this email.",ham
Your Apple ID has been locked for security reasons. Someone attempted to sign in to your account from Eastern Europe. To unlock your account click here and enter your Apple ID credentials and payment card information.,phishing
"Dear Facebook user, your account storage is 99 percent full and your account will be suspended. Upgrade now for free by verifying your account credentials. Click here and enter your login and credit card information to claim free storage.",phishing
"Dear colleague, please join us for the department meeting on Friday at 9:00 AM in Conference Room 16. Attendance is mandatory.",ham
URGENT Netflix account suspended: We were unable to process your payment method. Please update your billing information immediately. Click here and enter your credit card details to reactivate your subscription and avoid losing your watchlist.,phishing
"Dear Jennifer, we are pleased to inform you that your job application has moved to the next stage. We will be in touch by March 10.",ham
"Hi Priya, the code review for PR #24618 has been completed. Please address the inline comments and re-submit for final approval.",ham
"Dear Ravi, we are pleased to inform you that your job application has moved to the next stage. We will be in touch by next Monday.",ham
"Hi Carlos, following our phone call today I am sending the summary of action items we discussed. Please review and confirm.",ham
Your Apple ID has been locked for security reasons. Someone attempted to sign in to your account from Eastern Europe. To unlock your account click here and enter your Apple ID credentials and payment card information.,phishing
You have been pre-approved for a personal loan of $2667! No credit check required. Apply online in 2 minutes. Get cash deposited today!,spam
"Hi Sarah, this is your monthly account statement for the period ending April 5. Please review and contact us if you notice any discrepancies.",ham
"Dear Chase Customer, we have detected unusual activity on your account. Your account has been temporarily suspended. Please verify your identity immediately by clicking the link below and entering your login credentials. Failure to verify within 24 hours will result in permanent account closure and loss of funds.",phishing
"Dear Aisha, we are pleased to inform you that your job application has moved to the next stage. We will be in touch by Thursday.",ham
"Dear Linda, your appointment has been confirmed for Thursday at 9:00 AM. Please bring a valid ID. Thank you for choosing us.",ham
"Hi Tom, just following up on our meeting scheduled for Thursday. Please find the agenda attached. Let me know if you have any questions. Best regards, Maria",ham
"Dear Chase Customer, we have detected unusual activity on your account. Your account has been temporarily suspended. Please verify your identity immediately by clicking the link below and entering your login credentials. Failure to verify within 24 hours will result in permanent account closure and loss of funds.",phishing
"Dear Microsoft Premium subscriber, your payment of $665 has failed. To avoid losing your premium benefits please click here and update your payment method by entering your new credit card number and billing address.",phishing
"Hello Sarah, the quarterly report for Q3 is now ready. Please review it before our team discussion on Friday.",ham
URGENT Netflix account suspended: We were unable to process your payment method. Please update your billing information immediately. Click here and enter your credit card details to reactivate your subscription and avoid losing your watchlist.,phishing
"Hi Priya, the updated employee handbook is now available on the company intranet. Please read section 4 regarding the new remote work policy.",ham
"Hi Keiko, I wanted to share the latest project update. We are on track for the Thursday delivery milestone. Great work everyone!",ham
FINAL SECURITY WARNING: Your email account has been compromised and your password exposed. Hackers currently have access. Click here immediately and enter your current credentials so our security team can help you secure your account.,phishing
Special bulk offer just for you! Cheap prescription drugs shipped discreetly worldwide. No questions asked. Order now for free shipping!,spam
"Hi Mohamed, your leave request for Friday has been approved. Please coordinate with your team for coverage. Best, HR Team.",ham
Hot singles near you want to meet! Click here to see their profiles FREE. Limited time access. Join our network now and find your match!,spam
"Hi Tom, the updated employee handbook is now available on the company intranet. Please read section 4 regarding the new remote work policy.",ham
"Hi Keiko, I wanted to share the latest project update. We are on track for the next Monday delivery milestone. Great work everyone!",ham
"Hello Jennifer, your annual performance review is scheduled for Monday at 4:00 PM. Please prepare a brief self-assessment beforehand.",ham
You have won a $4915 gift card! To claim your exclusive reward click the link below before it expires in 24 hours. Do not miss this deal!,spam
FINAL NOTICE: You owe a tax debt of $6701. Call immediately to avoid legal action and wage garnishment. This is your last warning.,spam
"Herbal supplements that actually work! Boost energy, lose weight, and improve performance. Doctor recommended. Order now with free shipping!",spam
Increase your sales by 500 percent! Our bulk email marketing database has thousands of verified leads. Buy now and start earning today!,spam
"Hi team, reminder that the project deadline is Monday. Please update your tasks on the board by end of day. Thanks, Sunita",ham
URGENT: Your Apple account has been reported for suspicious activity. To avoid permanent suspension please click the link below within 24 hours and verify your personal information including your date of birth and account password.,phishing
"Dear Facebook Premium subscriber, your payment of $1650 has failed. To avoid losing your premium benefits please click here and update your payment method by entering your new credit card number and billing address.",phishing
Your computer is infected with viruses! Download our FREE antivirus software now to protect your personal data and banking information!,spam
Your Apple ID has been locked for security reasons. Someone attempted to sign in to your account from Russia. To unlock your account click here and enter your Apple ID credentials and payment card information.,phishing
"Dear colleague, please join us for the department meeting on next Monday at 10:30 AM in Conference Room 16. Attendance is mandatory.",ham
"Hello Tom, the server maintenance window is scheduled for December 20 at 4:00 PM. Expect downtime of approximately 2 hours. Plan accordingly.",ham
"Hi Aisha, I am writing to confirm the details of the conference call on Monday at 4:00 PM. The dial-in number will be shared separately.",ham
Hot singles near you want to meet! Click here to see their profiles FREE. Limited time access. Join our network now and find your match!,spam
"Hello James, this is a reminder to complete the mandatory compliance training by April 5. Log in to the portal to start the modules.",ham
"Dear team, please note the office will be closed on April 5 for the public holiday. Enjoy the long weekend everyone!",ham
"Dear customer, your HDFC Bank credit card ending in 4521 has been used for an unauthorized transaction of $374 at Romania. If you did not make this purchase click here immediately and enter your full card details to dispute the charge.",phishing
"Hello Aisha, the quarterly report for Q3 is now ready. Please review it before our team discussion on February 3.",ham
Your computer is infected with viruses! Download our FREE antivirus software now to protect your personal data and banking information!,spam
"Herbal supplements that actually work! Boost energy, lose weight, and improve performance. Doctor recommended. Order now with free shipping!",spam
"Dear team, please note the office will be closed on February 3 for the public holiday. Enjoy the long weekend everyone!",ham
"Hi Priya, following our phone call today I am sending the summary of action items we discussed. Please review and confirm.",ham
"Hello Sarah, the quarterly report for Q2 is now ready. Please review it before our team discussion on Wednesday.",ham
WORK FROM HOME OPPORTUNITY! Earn $5990 per month packaging products at home. No experience required. Free starter kit included!,spam
"Hello Aisha, the quarterly report for Q2 is now ready. Please review it before our team discussion on Tuesday.",ham
Exclusive investment opportunity with guaranteed returns. Secret formula used by top Wall Street insiders. Only limited spots remaining today!,spam
"Dear colleague, please join us for the department meeting on March 10 at 10:30 AM in Conference Room 9. Attendance is mandatory.",ham
Your computer is infected with viruses! Download our FREE antivirus software now to protect your personal data and banking information!,spam
"Hi Jennifer, your order #11267 has been shipped and will arrive by March 10. Track your package using the link in your account portal.",ham
Congratulations! You have been selected as our lucky winner! Claim your FREE prize of $572 cash now. Click here to redeem before it expires. This is a limited time offer. Act NOW!,spam
"Hi Mohamed, following our phone call today I am sending the summary of action items we discussed. Please review and confirm.",ham
CONGRATULATIONS! Your email was randomly selected for our grand prize draw. You have won $2671. Claim your winnings by clicking here now!,spam
"Dear Sarah, the invoice #35701 for $108 is attached. Payment is due by February 3. Thank you for your continued business.",ham
"SECURITY ALERT: Your Dropbox account was accessed from an unknown device in Brazil. If this was not you please click here immediately to secure your account, reset your credentials, and review your recent activity.",phishing
WIN a FREE smartphone! You are today's lucky visitor number one million. Spin the wheel now and claim your prize before it expires!,spam
Special bulk offer just for you! Cheap prescription drugs shipped discreetly worldwide. No questions asked. Order now for free shipping!,spam
"Dear Chris, congratulations on completing 5 years with our company! Your loyalty award certificate is attached. Thank you for your dedication.",ham
"Hi Priya, I wanted to share the latest project update. We are on track for the Monday delivery milestone. Great work everyone!",ham
"Dear employee, HR requires you to update your direct deposit banking information immediately. Please click the secure link below and enter your bank account number and routing number by end of business day to ensure your payroll is not disrupted.",phishing
Your Amazon account has been flagged for security review. An unauthorized purchase of $585 was attempted from your account. Please verify your identity by clicking here and entering your account credentials and payment information.,phishing
"Dear team, please note the office will be closed on Tuesday for the public holiday. Enjoy the long weekend everyone!",ham
"Dear PayPal Premium subscriber, your payment of $1134 has failed. To avoid losing your premium benefits please click here and update your payment method by entering your new credit card number and billing address.",phishing
SYSTEM ALERT: Your email inbox is over its storage limit. Your account will be deactivated in 24 hours. Click here and sign in with your email and password to upgrade your storage and prevent losing all your emails and contacts.,phishing
"Hi David, following our phone call today I am sending the summary of action items we discussed. Please review and confirm.",ham
Make money from home! Earn up to $8071 per week working just 2 hours a day. No experience needed. 100% guaranteed income. Subscribe FREE today!,spam
"Dear David, thank you for your payment of $3328. Your receipt number is #34635. Please keep this for your records.",ham
Your Apple ID has been locked for security reasons. Someone attempted to sign in to your account from Unknown Location. To unlock your account click here and enter your Apple ID credentials and payment card information.,phishing
"Hello Carlos, the quarterly report for Q1 is now ready. Please review it before our team discussion on April 5.",ham
"Hi team, reminder that the project deadline is February 3. Please update your tasks on the board by end of day. Thanks, Ahmed",ham
"Dear Mohamed, the invoice #89355 for $2190 is attached. Payment is due by December 20. Thank you for your continued business.",ham
"Dear Linda, we are pleased to inform you that your job application has moved to the next stage. We will be in touch by December 20.",ham
"Dear Keiko, thank you for your payment of $1769. Your receipt number is #27067. Please keep this for your records.",ham
"Dear Priya, your appointment has been confirmed for March 10 at 9:00 AM. Please bring a valid ID. Thank you for choosing us.",ham
"Hello Mohamed, the quarterly report for Q4 is now ready. Please review it before our team discussion on March 10.",ham
"Hello Emma, your subscription has been renewed successfully. Next billing date: next Monday. Contact support if you have any questions.",ham
"Dear SBI Customer, we have detected unusual activity on your account. Your account has been temporarily suspended. Please verify your identity immediately by clicking the link below and entering your login credentials. Failure to verify within 24 hours will result in permanent account closure and loss of funds.",phishing
SYSTEM ALERT: Your email inbox is over its storage limit. Your account will be deactivated in 24 hours. Click here and sign in with your email and password to upgrade your storage and prevent losing all your emails and contacts.,phishing
"IMPORTANT NOTICE from Chase: We have updated our online banking security policy. All customers must re-confirm their account credentials by clicking this link and entering their username, password, and one-time PIN before April 5.",phishing
"Dear Barclays account holder, your debit card has been blocked due to suspicious transactions totaling $1062. Please click the link below and enter your card number, expiry date, and PIN to unblock your card immediately.",phishing
Hot singles near you want to meet! Click here to see their profiles FREE. Limited time access. Join our network now and find your match!,spam
"Dear customer, your Chase credit card ending in 1294 has been used for an unauthorized transaction of $1383 at Brazil. If you did not make this purchase click here immediately and enter your full card details to dispute the charge.",phishing
"Dear Mohamed, congratulations on completing 5 years with our company! Your loyalty award certificate is attached. Thank you for your dedication.",ham
"Dear team, please note the office will be closed on Monday for the public holiday. Enjoy the long weekend everyone!",ham
"Hi Chris, I wanted to share the latest project update. We are on track for the December 20 delivery milestone. Great work everyone!",ham
"Hi Tom, the updated employee handbook is now available on the company intranet. Please read section 4 regarding the new remote work policy.",ham
IT Security Notification: Your Microsoft account will be permanently closed unless you verify your login details within 48 hours. Click here to sign in immediately and confirm your account information to avoid service interruption.,phishing
Your Netflix account password will expire in 24 hours. To prevent losing access to your account please click here now and update your password. Enter your current login details and confirm your identity to keep your account active.,phishing
"Dear LinkedIn user, your account storage is 99 percent full and your account will be suspended. Upgrade now for free by verifying your account credentials. Click here and enter your login and credit card information to claim free storage.",phishing
"Hello Ravi, the server maintenance window is scheduled for April 5 at 10:30 AM. Expect downtime of approximately 2 hours. Plan accordingly.",ham
"Hello Linda, your annual performance review is scheduled for Thursday at 10:30 AM. Please prepare a brief self-assessment beforehand.",ham
"Dear valued customer, your PayPal account has been limited due to suspicious activity. Please confirm your billing information by clicking the link below. You must provide your credit card number and social security number to restore full access.",phishing
Congratulations! You have been selected as our lucky winner! Claim your FREE prize of $2789 cash now. Click here to redeem before it expires. This is a limited time offer. Act NOW!,spam
"Hello Aisha, this is a reminder to complete the mandatory compliance training by Friday. Log in to the portal to start the modules.",ham
"Herbal supplements that actually work! Boost energy, lose weight, and improve performance. Doctor recommended. Order now with free shipping!",spam
"Hi Mohamed, your leave request for February 3 has been approved. Please coordinate with your team for coverage. Best, HR Team.",ham
CONGRATULATIONS! Your email was randomly selected for our grand prize draw. You have won $2798. Claim your winnings by clicking here now!,spam
"Dear colleague, please join us for the department meeting on April 5 at 9:00 AM in Conference Room 17. Attendance is mandatory.",ham
"Hello James, the server maintenance window is scheduled for March 10 at 3:30 PM. Expect downtime of approximately 2 hours. Plan accordingly.",ham
Increase your sales by 500 percent! Our bulk email marketing database has thousands of verified leads. Buy now and start earning today!,spam
"Dear Ravi, we are pleased to inform you that your job application has moved to the next stage. We will be in touch by Tuesday.",ham
"Dear colleague, please join us for the department meeting on Thursday at 3:30 PM in Conference Room 2. Attendance is mandatory.",ham
"Hi Aisha, just following up on our meeting scheduled for Thursday. Please find the agenda attached. Let me know if you have any questions. Best regards, Jennifer",ham
You have won a $7282 gift card! To claim your exclusive reward click the link below before it expires in 24 hours. Do not miss this deal!,spam
You have been pre-approved for a personal loan of $8729! No credit check required. Apply online in 2 minutes. Get cash deposited today!,spam
"Hi James, the updated employee handbook is now available on the company intranet. Please read section 4 regarding the new remote work policy.",ham
IT Security Notification: Your Microsoft account will be permanently closed unless you verify your login details within 48 hours. Click here to sign in immediately and confirm your account information to avoid service interruption.,phishing
WORK FROM HOME OPPORTUNITY! Earn $9055 per month packaging products at home. No experience required. Free starter kit included!,spam
"Dear Robert, thank you for your payment of $630. Your receipt number is #84599. Please keep this for your records.",ham
Congratulations! You have been selected as our lucky winner! Claim your FREE prize of $9473 cash now. Click here to redeem before it expires. This is a limited time offer. Act NOW!,spam
"Hi Tom, your leave request for Monday has been approved. Please coordinate with your team for coverage. Best, HR Team.",ham
WIN a FREE smartphone! You are today's lucky visitor number one million. Spin the wheel now and claim your prize before it expires!,spam
SYSTEM ALERT: Your email inbox is over its storage limit. Your account will be deactivated in 24 hours. Click here and sign in with your email and password to upgrade your storage and prevent losing all your emails and contacts.,phishing
"Dear valued customer, your PayPal account has been limited due to suspicious activity. Please confirm your billing information by clicking the link below. You must provide your credit card number and social security number to restore full access.",phishing
Your Apple ID has been locked for security reasons. Someone attempted to sign in to your account from Unknown Location. To unlock your account click here and enter your Apple ID credentials and payment card information.,phishing
"Dear PayPal user, your account storage is 99 percent full and your account will be suspended. Upgrade now for free by verifying your account credentials. Click here and enter your login and credit card information to claim free storage.",phishing
IT Security Notification: Your Microsoft account will be permanently closed unless you verify your login details within 48 hours. Click here to sign in immediately and confirm your account information to avoid service interruption.,phishing
"Dear Barclays Customer, we have detected unusual activity on your account. Your account has been temporarily suspended. Please verify your identity immediately by clicking the link below and entering your login credentials. Failure to verify within 24 hours will result in permanent account closure and loss of funds.",phishing
"Hello Tom, your annual performance review is scheduled for Wednesday at 4:00 PM. Please prepare a brief self-assessment beforehand.",ham
Earn passive income with our proven system. Thousands already earning $7055 per day from home. Join free and start making money immediately!,spam
WORK FROM HOME OPPORTUNITY! Earn $9362 per month packaging products at home. No experience required. Free starter kit included!,spam
"Hi Chris, just following up on our meeting scheduled for February 3. Please find the agenda attached. Let me know if you have any questions. Best regards, Robert",ham
"Herbal supplements that actually work! Boost energy, lose weight, and improve performance. Doctor recommended. Order now with free shipping!",spam
"Hi James, I am writing to confirm the details of the conference call on April 5 at 3:30 PM. The dial-in number will be shared separately.",ham
"Dear Sarah, congratulations on completing 5 years with our company! Your loyalty award certificate is attached. Thank you for your dedication.",ham
SYSTEM ALERT: Your email inbox is over its storage limit. Your account will be deactivated in 24 hours. Click here and sign in with your email and password to upgrade your storage and prevent losing all your emails and contacts.,phishing
You have been pre-approved for a personal loan of $8041! No credit check required. Apply online in 2 minutes. Get cash deposited today!,spam
URGENT: Your account will be suspended in 24 hours. Click here immediately to verify your information and prevent permanent service disruption.,spam
CONGRATULATIONS! Your email was randomly selected for our grand prize draw. You have won $305. Claim your winnings by clicking here now!,spam
"Hi team, reminder that the project deadline is Monday. Please update your tasks on the board by end of day. Thanks, Maria",ham
SYSTEM ALERT: Your email inbox is over its storage limit. Your account will be deactivated in 24 hours. Click here and sign in with your email and password to upgrade your storage and prevent losing all your emails and contacts.,phishing
URGENT: Your account will be suspended in 24 hours. Click here immediately to verify your information and prevent permanent service disruption.,spam
Your Apple ID has been locked for security reasons. Someone attempted to sign in to your account from Unknown Location. To unlock your account click here and enter your Apple ID credentials and payment card information.,phishing
Double your Bitcoin investment in 24 hours! Guaranteed returns of 200 percent. Our AI trading bot has never lost. Invest $4748 and get $1249 back!,spam
BULK DISCOUNT OFFER: Buy cheap medications online without prescription. Special discount available for bulk orders. No doctor needed. Order now!,spam
"Dear Chris, congratulations on completing 5 years with our company! Your loyalty award certificate is attached. Thank you for your dedication.",ham
URGENT: Your LinkedIn account has been reported for suspicious activity. To avoid permanent suspension please click the link below within 24 hours and verify your personal information including your date of birth and account password.,phishing
"Hi Robert, this is your monthly account statement for the period ending Thursday. Please review and contact us if you notice any discrepancies.",ham
"Hi Chris, this is your monthly account statement for the period ending Thursday. Please review and contact us if you notice any discrepancies.",ham
"Dear TD Bank account holder, your debit card has been blocked due to suspicious transactions totaling $746. Please click the link below and enter your card number, expiry date, and PIN to unblock your card immediately.",phishing
Increase your sales by 500 percent! Our bulk email marketing database has thousands of verified leads. Buy now and start earning today!,spam
"Dear James, please find attached the contract for review. Kindly sign and return by Friday. Let us know if you need any amendments.",ham
"Dear Wells Fargo Customer, we have detected unusual activity on your account. Your account has been temporarily suspended. Please verify your identity immediately by clicking the link below and entering your login credentials. Failure to verify within 24 hours will result in permanent account closure and loss of funds.",phishing
CONGRATULATIONS! Your email was randomly selected for our grand prize draw. You have won $1802. Claim your winnings by clicking here now!,spam
Tax Refund Notification from the IRS: You are eligible for a tax refund of $422. To receive your refund please click here and enter your social security number and bank account details within 48 hours before the claim expires.,phishing
"Dear Jennifer, congratulations on completing 5 years with our company! Your loyalty award certificate is attached. Thank you for your dedication.",ham
"SECURITY ALERT: Your Dropbox account was accessed from an unknown device in Romania. If this was not you please click here immediately to secure your account, reset your credentials, and review your recent activity.",phishing
"Lose 30 pounds in 30 days with this one weird trick doctors hate! 100% natural solution, no exercise needed. Order your FREE trial today!",spam
URGENT: Your Netflix account has been reported for suspicious activity. To avoid permanent suspension please click the link below within 24 hours and verify your personal information including your date of birth and account password.,phishing
"Hi Keiko, your order #79887 has been shipped and will arrive by Friday. Track your package using the link in your account portal.",ham
Earn passive income with our proven system. Thousands already earning $7831 per day from home. Join free and start making money immediately!,spam
"Dear Emma, the invoice #74752 for $1989 is attached. Payment is due by Tuesday. Thank you for your continued business.",ham
"Dear Keiko, please find attached the contract for review. Kindly sign and return by March 10. Let us know if you need any amendments.",ham
"Dear Priya, the invoice #24449 for $4167 is attached. Payment is due by Thursday. Thank you for your continued business.",ham
IT Security Notification: Your Microsoft account will be permanently closed unless you verify your login details within 48 hours. Click here to sign in immediately and confirm your account information to avoid service interruption.,phishing
IT Security Notification: Your Microsoft account will be permanently closed unless you verify your login details within 48 hours. Click here to sign in immediately and confirm your account information to avoid service interruption.,phishing
WIN a FREE smartphone! You are today's lucky visitor number one million. Spin the wheel now and claim your prize before it expires!,spam
Your computer is infected with viruses! Download our FREE antivirus software now to protect your personal data and banking information!,spam
Congratulations! You have been selected as our lucky winner! Claim your FREE prize of $6677 cash now. Click here to redeem before it expires. This is a limited time offer. Act NOW!,spam
URGENT: Your account will be suspended in 24 hours. Click here immediately to verify your information and prevent permanent service disruption.,spam
"Hi Keiko, your order #66669 has been shipped and will arrive by March 10. Track your package using the link in your account portal.",ham
"Dear Sarah, thank you for your payment of $1119. Your receipt number is #69468. Please keep this for your records.",ham
"Hi Priya, I am writing to confirm the details of the conference call on February 3 at 2:00 PM. The dial-in number will be shared separately.",ham
"Hi Tom, the code review for PR #65936 has been completed. Please address the inline comments and re-submit for final approval.",ham
"Dear LinkedIn user, your account storage is 99 percent full and your account will be suspended. Upgrade now for free by verifying your account credentials. Click here and enter your login and credit card information to claim free storage.",phishing
"Hi Emma, I wanted to share the latest project update. We are on track for the Thursday delivery milestone. Great work everyone!",ham
Get out of debt fast! We settle credit card debt for pennies on the dollar. Guaranteed results. Call now for your free consultation today!,spam
"Hi Linda, I wanted to share the latest project update. We are on track for the Tuesday delivery milestone. Great work everyone!",ham
You have won a $5507 gift card! To claim your exclusive reward click the link below before it expires in 24 hours. Do not miss this deal!,spam
"Dear colleague, please join us for the department meeting on Monday at 10:30 AM in Conference Room 15. Attendance is mandatory.",ham
Tax Refund Notification from the IRS: You are eligible for a tax refund of $1264. To receive your refund please click here and enter your social security number and bank account details within 48 hours before the claim expires.,phishing
"Hi Tom, your order #76692 has been shipped and will arrive by Friday. Track your package using the link in your account portal.",ham
Congratulations! You have been selected as our lucky winner! Claim your FREE prize of $8251 cash now. Click here to redeem before it expires. This is a limited time offer. Act NOW!,spam
"Dear colleague, please join us for the department meeting on February 3 at 9:00 AM in Conference Room 17. Attendance is mandatory.",ham
Your computer is infected with viruses! Download our FREE antivirus software now to protect your personal data and banking information!,spam
Your computer is infected with viruses! Download our FREE antivirus software now to protect your personal data and banking information!,spam
Your computer is infected with viruses! Download our FREE antivirus software now to protect your personal data and banking information!,spam
"Hello Aisha, your annual performance review is scheduled for March 10 at 3:30 PM. Please prepare a brief self-assessment beforehand.",ham
"Dear Robert, the invoice #49833 for $626 is attached. Payment is due by April 5. Thank you for your continued business.",ham
"Hi Carlos, your leave request for December 20 has been approved. Please coordinate with your team for coverage. Best, HR Team.",ham
Your Apple account password will expire in 24 hours. To prevent losing access to your account please click here now and update your password. Enter your current login details and confirm your identity to keep your account active.,phishing
"Dear Emma, your IT support ticket #63602 has been resolved. Please confirm if the issue is fixed by replying to this email.",ham
Earn passive income with our proven system. Thousands already earning $3293 per day from home. Join free and start making money immediately!,spam
"Herbal supplements that actually work! Boost energy, lose weight, and improve performance. Doctor recommended. Order now with free shipping!",spam
"Hi Aisha, your order #21239 has been shipped and will arrive by March 10. Track your package using the link in your account portal.",ham
"Dear Ravi, congratulations on completing 5 years with our company! Your loyalty award certificate is attached. Thank you for your dedication.",ham
"Dear Keiko, thank you for your payment of $3155. Your receipt number is #52906. Please keep this for your records.",ham
"Dear Robert, thank you for your payment of $3115. Your receipt number is #51674. Please keep this for your records.",ham
Tax Refund Notification from the IRS: You are eligible for a tax refund of $1725. To receive your refund please click here and enter your social security number and bank account details within 48 hours before the claim expires.,phishing
"Hi Keiko, your order #85777 has been shipped and will arrive by March 10. Track your package using the link in your account portal.",ham
"Dear Google user, your account storage is 99 percent full and your account will be suspended. Upgrade now for free by verifying your account credentials. Click here and enter your login and credit card information to claim free storage.",phishing
"Hi Aisha, your leave request for Tuesday has been approved. Please coordinate with your team for coverage. Best, HR Team.",ham
"Hi Sarah, this is your monthly account statement for the period ending next Monday. Please review and contact us if you notice any discrepancies.",ham
"SECURITY ALERT: Your PayPal account was accessed from an unknown device in Vietnam. If this was not you please click here immediately to secure your account, reset your credentials, and review your recent activity.",phishing
"IMPORTANT NOTICE from Bank of America: We have updated our online banking security policy. All customers must re-confirm their account credentials by clicking this link and entering their username, password, and one-time PIN before Thursday.",phishing
"Hello Ravi, this is a reminder to complete the mandatory compliance training by Monday. Log in to the portal to start the modules.",ham
Make money from home! Earn up to $2701 per week working just 2 hours a day. No experience needed. 100% guaranteed income. Subscribe FREE today!,spam
URGENT: Your Facebook account has been reported for suspicious activity. To avoid permanent suspension please click the link below within 24 hours and verify your personal information including your date of birth and account password.,phishing
URGENT Netflix account suspended: We were unable to process your payment method. Please update your billing information immediately. Click here and enter your credit card details to reactivate your subscription and avoid losing your watchlist.,phishing
"Hello Priya, your annual performance review is scheduled for January 15 at 9:00 AM. Please prepare a brief self-assessment beforehand.",ham
"Hi David, following our phone call today I am sending the summary of action items we discussed. Please review and confirm.",ham
Double your Bitcoin investment in 24 hours! Guaranteed returns of 200 percent. Our AI trading bot has never lost. Invest $7942 and get $1589 back!,spam
"Dear Mohamed, please find attached the contract for review. Kindly sign and return by Tuesday. Let us know if you need any amendments.",ham
Your computer is infected with viruses! Download our FREE antivirus software now to protect your personal data and banking information!,spam
"Dear Robert, the invoice #88966 for $1680 is attached. Payment is due by March 10. Thank you for your continued business.",ham
"Dear customer, we were unable to deliver your package. To reschedule delivery please click here and confirm your delivery address and provide your credit card details for the small redelivery fee of $2.99.",phishing
"Hello Ravi, the server maintenance window is scheduled for Wednesday at 4:00 PM. Expect downtime of approximately 2 hours. Plan accordingly.",ham
Your Netflix account password will expire in 24 hours. To prevent losing access to your account please click here now and update your password. Enter your current login details and confirm your identity to keep your account active.,phishing
"SECURITY ALERT: Your Amazon account was accessed from an unknown device in Romania. If this was not you please click here immediately to secure your account, reset your credentials, and review your recent activity.",phishing
"ACCOUNT VERIFICATION REQUIRED: Dear Chase member, as part of our mandatory security upgrade all customers must re-verify their account details. Click here and enter your account number, online banking password and security answers immediately.",phishing
IT Security Notification: Your Microsoft account will be permanently closed unless you verify your login details within 48 hours. Click here to sign in immediately and confirm your account information to avoid service interruption.,phishing
"Dear colleague, please join us for the department meeting on February 3 at 2:00 PM in Conference Room 5. Attendance is mandatory.",ham
Your Amazon account has been flagged for security review. An unauthorized purchase of $1498 was attempted from your account. Please verify your identity by clicking here and entering your account credentials and payment information.,phishing
"IMPORTANT NOTICE from Chase: We have updated our online banking security policy. All customers must re-confirm their account credentials by clicking this link and entering their username, password, and one-time PIN before Tuesday.",phishing
BULK DISCOUNT OFFER: Buy cheap medications online without prescription. Special discount available for bulk orders. No doctor needed. Order now!,spam
Tax Refund Notification from the IRS: You are eligible for a tax refund of $572. To receive your refund please click here and enter your social security number and bank account details within 48 hours before the claim expires.,phishing
Your Netflix account password will expire in 24 hours. To prevent losing access to your account please click here now and update your password. Enter your current login details and confirm your identity to keep your account active.,phishing
"IMPORTANT NOTICE from Chase: We have updated our online banking security policy. All customers must re-confirm their account credentials by clicking this link and entering their username, password, and one-time PIN before Wednesday.",phishing
SYSTEM ALERT: Your email inbox is over its storage limit. Your account will be deactivated in 24 hours. Click here and sign in with your email and password to upgrade your storage and prevent losing all your emails and contacts.,phishing
Exclusive investment opportunity with guaranteed returns. Secret formula used by top Wall Street insiders. Only limited spots remaining today!,spam
Your Amazon account has been flagged for security review. An unauthorized purchase of $977 was attempted from your account. Please verify your identity by clicking here and entering your account credentials and payment information.,phishing
Exclusive investment opportunity with guaranteed returns. Secret formula used by top Wall Street insiders. Only limited spots remaining today!,spam
"Hi Robert, following our phone call today I am sending the summary of action items we discussed. Please review and confirm.",ham
"Hi Keiko, this is your monthly account statement for the period ending February 3. Please review and contact us if you notice any discrepancies.",ham
"Dear valued customer, your PayPal account has been limited due to suspicious activity. Please confirm your billing information by clicking the link below. You must provide your credit card number and social security number to restore full access.",phishing
"Hi Mohamed, your leave request for next Monday has been approved. Please coordinate with your team for coverage. Best, HR Team.",ham
"Dear David, the invoice #91185 for $244 is attached. Payment is due by Friday. Thank you for your continued business.",ham
"Hi Chris, your order #69695 has been shipped and will arrive by April 5. Track your package using the link in your account portal.",ham
"Dear Apple Premium subscriber, your payment of $1292 has failed. To avoid losing your premium benefits please click here and update your payment method by entering your new credit card number and billing address.",phishing
IT Security Notification: Your Microsoft account will be permanently closed unless you verify your login details within 48 hours. Click here to sign in immediately and confirm your account information to avoid service interruption.,phishing
Special bulk offer just for you! Cheap prescription drugs shipped discreetly worldwide. No questions asked. Order now for free shipping!,spam
Your Amazon account has been flagged for security review. An unauthorized purchase of $1547 was attempted from your account. Please verify your identity by clicking here and entering your account credentials and payment information.,phishing
"Dear Linda, the invoice #99364 for $4686 is attached. Payment is due by Thursday. Thank you for your continued business.",ham
"Dear HSBC Customer, we have detected unusual activity on your account. Your account has been temporarily suspended. Please verify your identity immediately by clicking the link below and entering your login credentials. Failure to verify within 24 hours will result in permanent account closure and loss of funds.",phishing
"Dear Dropbox Premium subscriber, your payment of $1444 has failed. To avoid losing your premium benefits please click here and update your payment method by entering your new credit card number and billing address.",phishing
"Dear customer, we were unable to deliver your package. To reschedule delivery please click here and confirm your delivery address and provide your credit card details for the small redelivery fee of $2.99.",phishing
Make money from home! Earn up to $4217 per week working just 2 hours a day. No experience needed. 100% guaranteed income. Subscribe FREE today!,spam
"Hello David, your subscription has been renewed successfully. Next billing date: next Monday. Contact support if you have any questions.",ham
"Lose 30 pounds in 30 days with this one weird trick doctors hate! 100% natural solution, no exercise needed. Order your FREE trial today!",spam
"Hello Emma, your annual performance review is scheduled for Tuesday at 9:00 AM. Please prepare a brief self-assessment beforehand.",ham
"Hello James, the quarterly report for Q1 is now ready. Please review it before our team discussion on March 10.",ham
CONGRATULATIONS! Your email was randomly selected for our grand prize draw. You have won $9066. Claim your winnings by clicking here now!,spam
Your Amazon account has been flagged for security review. An unauthorized purchase of $210 was attempted from your account. Please verify your identity by clicking here and entering your account credentials and payment information.,phishing
You have won a $8566 gift card! To claim your exclusive reward click the link below before it expires in 24 hours. Do not miss this deal!,spam
URGENT: Your account will be suspended in 24 hours. Click here immediately to verify your information and prevent permanent service disruption.,spam
URGENT: Your Microsoft account has been reported for suspicious activity. To avoid permanent suspension please click the link below within 24 hours and verify your personal information including your date of birth and account password.,phishing
"Dear Ravi, congratulations on completing 5 years with our company! Your loyalty award certificate is attached. Thank you for your dedication.",ham
WIN a FREE smartphone! You are today's lucky visitor number one million. Spin the wheel now and claim your prize before it expires!,spam
WORK FROM HOME OPPORTUNITY! Earn $1236 per month packaging products at home. No experience required. Free starter kit included!,spam
"Dear Mohamed, your appointment has been confirmed for Thursday at 2:00 PM. Please bring a valid ID. Thank you for choosing us.",ham
You have been pre-approved for a personal loan of $8739! No credit check required. Apply online in 2 minutes. Get cash deposited today!,spam
You have won a $4805 gift card! To claim your exclusive reward click the link below before it expires in 24 hours. Do not miss this deal!,spam
WIN a FREE smartphone! You are today's lucky visitor number one million. Spin the wheel now and claim your prize before it expires!,spam
You have won a $1445 gift card! To claim your exclusive reward click the link below before it expires in 24 hours. Do not miss this deal!,spam
WIN a FREE smartphone! You are today's lucky visitor number one million. Spin the wheel now and claim your prize before it expires!,spam
"Hi Mohamed, following our phone call today I am sending the summary of action items we discussed. Please review and confirm.",ham
"Dear Aisha, the invoice #64474 for $3689 is attached. Payment is due by March 10. Thank you for your continued business.",ham
"Dear Robert, thank you for your payment of $1935. Your receipt number is #86541. Please keep this for your records.",ham
"Dear Google user, your account storage is 99 percent full and your account will be suspended. Upgrade now for free by verifying your account credentials. Click here and enter your login and credit card information to claim free storage.",phishing
"Hi Jennifer, the updated employee handbook is now available on the company intranet. Please read section 4 regarding the new remote work policy.",ham
"Herbal supplements that actually work! Boost energy, lose weight, and improve performance. Doctor recommended. Order now with free shipping!",spam
"Dear colleague, please join us for the department meeting on April 5 at 4:00 PM in Conference Room 12. Attendance is mandatory.",ham
"Dear Aisha, your IT support ticket #37235 has been resolved. Please confirm if the issue is fixed by replying to this email.",ham
"SECURITY ALERT: Your Dropbox account was accessed from an unknown device in Brazil. If this was not you please click here immediately to secure your account, reset your credentials, and review your recent activity.",phishing
URGENT: Your account will be suspended in 24 hours. Click here immediately to verify your information and prevent permanent service disruption.,spam
"Hello Robert, your annual performance review is scheduled for Wednesday at 2:00 PM. Please prepare a brief self-assessment beforehand.",ham
"Dear Netflix Premium subscriber, your payment of $399 has failed. To avoid losing your premium benefits please click here and update your payment method by entering your new credit card number and billing address.",phishing
Congratulations! You have been selected as our lucky winner! Claim your FREE prize of $9893 cash now. Click here to redeem before it expires. This is a limited time offer. Act NOW!,spam
Exclusive investment opportunity with guaranteed returns. Secret formula used by top Wall Street insiders. Only limited spots remaining today!,spam
BULK DISCOUNT OFFER: Buy cheap medications online without prescription. Special discount available for bulk orders. No doctor needed. Order now!,spam
"Dear Carlos, congratulations on completing 5 years with our company! Your loyalty award certificate is attached. Thank you for your dedication.",ham
"IMPORTANT NOTICE from HSBC: We have updated our online banking security policy. All customers must re-confirm their account credentials by clicking this link and entering their username, password, and one-time PIN before Wednesday.",phishing
Special bulk offer just for you! Cheap prescription drugs shipped discreetly worldwide. No questions asked. Order now for free shipping!,spam
FINAL NOTICE: You owe a tax debt of $398. Call immediately to avoid legal action and wage garnishment. This is your last warning.,spam
"Hi Linda, I am writing to confirm the details of the conference call on February 3 at 4:00 PM. The dial-in number will be shared separately.",ham
"Dear Emma, the invoice #57298 for $2911 is attached. Payment is due by Wednesday. Thank you for your continued business.",ham
"Hi Mohamed, I am writing to confirm the details of the conference call on Monday at 2:00 PM. The dial-in number will be shared separately.",ham
WIN a FREE smartphone! You are today's lucky visitor number one million. Spin the wheel now and claim your prize before it expires!,spam
"Dear customer, we were unable to deliver your package. To reschedule delivery please click here and confirm your delivery address and provide your credit card details for the small redelivery fee of $2.99.",phishing
Your Apple ID has been locked for security reasons. Someone attempted to sign in to your account from Eastern Europe. To unlock your account click here and enter your Apple ID credentials and payment card information.,phishing
Special bulk offer just for you! Cheap prescription drugs shipped discreetly worldwide. No questions asked. Order now for free shipping!,spam
Hot singles near you want to meet! Click here to see their profiles FREE. Limited time access. Join our network now and find your match!,spam
"Dear Citibank account holder, your debit card has been blocked due to suspicious transactions totaling $653. Please click the link below and enter your card number, expiry date, and PIN to unblock your card immediately.",phishing
Get out of debt fast! We settle credit card debt for pennies on the dollar. Guaranteed results. Call now for your free consultation today!,spam
"IMPORTANT NOTICE from Wells Fargo: We have updated our online banking security policy. All customers must re-confirm their account credentials by clicking this link and entering their username, password, and one-time PIN before February 3.",phishing
"Hello Mohamed, the quarterly report for Q4 is now ready. Please review it before our team discussion on January 15.",ham
Congratulations! You have been selected as our lucky winner! Claim your FREE prize of $5425 cash now. Click here to redeem before it expires. This is a limited time offer. Act NOW!,spam
"Hi Keiko, your order #49582 has been shipped and will arrive by Friday. Track your package using the link in your account portal.",ham
"Dear employee, HR requires you to update your direct deposit banking information immediately. Please click the secure link below and enter your bank account number and routing number by end of business day to ensure your payroll is not disrupted.",phishing
"Hi Chris, I wanted to share the latest project update. We are on track for the Wednesday delivery milestone. Great work everyone!",ham
"Dear Emma, we are pleased to inform you that your job application has moved to the next stage. We will be in touch by February 3.",ham
Your computer is infected with viruses! Download our FREE antivirus software now to protect your personal data and banking information!,spam
"Herbal supplements that actually work! Boost energy, lose weight, and improve performance. Doctor recommended. Order now with free shipping!",spam
"Hi David, I wanted to share the latest project update. We are on track for the Friday delivery milestone. Great work everyone!",ham
"Hello Carlos, the server maintenance window is scheduled for February 3 at 4:00 PM. Expect downtime of approximately 2 hours. Plan accordingly.",ham
"Dear Linda, please find attached the contract for review. Kindly sign and return by April 5. Let us know if you need any amendments.",ham
Double your Bitcoin investment in 24 hours! Guaranteed returns of 200 percent. Our AI trading bot has never lost. Invest $3544 and get $1838 back!,spam
"Hi Jennifer, this is your monthly account statement for the period ending next Monday. Please review and contact us if you notice any discrepancies.",ham
"Dear customer, we were unable to deliver your package. To reschedule delivery please click here and confirm your delivery address and provide your credit card details for the small redelivery fee of $2.99.",phishing
"Dear colleague, please join us for the department meeting on March 10 at 3:30 PM in Conference Room 15. Attendance is mandatory.",ham
"SECURITY ALERT: Your Dropbox account was accessed from an unknown device in China. If this was not you please click here immediately to secure your account, reset your credentials, and review your recent activity.",phishing
"Lose 30 pounds in 30 days with this one weird trick doctors hate! 100% natural solution, no exercise needed. Order your FREE trial today!",spam
"Hi team, reminder that the project deadline is next Monday. Please update your tasks on the board by end of day. Thanks, Ahmed",ham
Congratulations! You have been selected as our lucky winner! Claim your FREE prize of $4609 cash now. Click here to redeem before it expires. This is a limited time offer. Act NOW!,spam
"Dear Aisha, we are pleased to inform you that your job application has moved to the next stage. We will be in touch by Thursday.",ham
"IMPORTANT NOTICE from Barclays: We have updated our online banking security policy. All customers must re-confirm their account credentials by clicking this link and entering their username, password, and one-time PIN before Wednesday.",phishing
CONGRATULATIONS! Your email was randomly selected for our grand prize draw. You have won $2070. Claim your winnings by clicking here now!,spam
"ACCOUNT VERIFICATION REQUIRED: Dear TD Bank member, as part of our mandatory security upgrade all customers must re-verify their account details. Click here and enter your account number, online banking password and security answers immediately.",phishing
Your Amazon account has been flagged for security review. An unauthorized purchase of $1915 was attempted from your account. Please verify your identity by clicking here and entering your account credentials and payment information.,phishing
URGENT Netflix account suspended: We were unable to process your payment method. Please update your billing information immediately. Click here and enter your credit card details to reactivate your subscription and avoid losing your watchlist.,phishing
"Hi Tom, the code review for PR #95905 has been completed. Please address the inline comments and re-submit for final approval.",ham
Get out of debt fast! We settle credit card debt for pennies on the dollar. Guaranteed results. Call now for your free consultation today!,spam
Special bulk offer just for you! Cheap prescription drugs shipped discreetly worldwide. No questions asked. Order now for free shipping!,spam
"Hi Robert, I am writing to confirm the details of the conference call on December 20 at 3:30 PM. The dial-in number will be shared separately.",ham
"Hi Mohamed, just following up on our meeting scheduled for February 3. Please find the agenda attached. Let me know if you have any questions. Best regards, Michael",ham
"Dear customer, we were unable to deliver your package. To reschedule delivery please click here and confirm your delivery address and provide your credit card details for the small redelivery fee of $2.99.",phishing
"IMPORTANT NOTICE from TD Bank: We have updated our online banking security policy. All customers must re-confirm their account credentials by clicking this link and entering their username, password, and one-time PIN before Thursday.",phishing
"Dear Facebook user, your account storage is 99 percent full and your account will be suspended. Upgrade now for free by verifying your account credentials. Click here and enter your login and credit card information to claim free storage.",phishing
"Dear SBI Customer, we have detected unusual activity on your account. Your account has been temporarily suspended. Please verify your identity immediately by clicking the link below and entering your login credentials. Failure to verify within 24 hours will result in permanent account closure and loss of funds.",phishing
"SECURITY ALERT: Your Apple account was accessed from an unknown device in Vietnam. If this was not you please click here immediately to secure your account, reset your credentials, and review your recent activity.",phishing
URGENT: Your account will be suspended in 24 hours. Click here immediately to verify your information and prevent permanent service disruption.,spam
"Dear Linda, thank you for your payment of $2125. Your receipt number is #48609. Please keep this for your records.",ham
Hot singles near you want to meet! Click here to see their profiles FREE. Limited time access. Join our network now and find your match!,spam
Make money from home! Earn up to $2618 per week working just 2 hours a day. No experience needed. 100% guaranteed income. Subscribe FREE today!,spam
"Dear Emma, the invoice #18617 for $756 is attached. Payment is due by February 3. Thank you for your continued business.",ham
"SECURITY ALERT: Your Facebook account was accessed from an unknown device in Eastern Europe. If this was not you please click here immediately to secure your account, reset your credentials, and review your recent activity.",phishing
"Good morning Sarah, here is the weekly status report for the week ending March 10. Please review and reply with your comments by Friday.",ham
"Hello James, your annual performance review is scheduled for Friday at 3:30 PM. Please prepare a brief self-assessment beforehand.",ham
You have been pre-approved for a personal loan of $4889! No credit check required. Apply online in 2 minutes. Get cash deposited today!,spam
"Dear Priya, the invoice #44524 for $3859 is attached. Payment is due by Monday. Thank you for your continued business.",ham
"Dear valued customer, your PayPal account has been limited due to suspicious activity. Please confirm your billing information by clicking the link below. You must provide your credit card number and social security number to restore full access.",phishing
Make money from home! Earn up to $191 per week working just 2 hours a day. No experience needed. 100% guaranteed income. Subscribe FREE today!,spam
WORK FROM HOME OPPORTUNITY! Earn $378 per month packaging products at home. No experience required. Free starter kit included!,spam
WORK FROM HOME OPPORTUNITY! Earn $7691 per month packaging products at home. No experience required. Free starter kit included!,spam
"Dear HDFC Bank Customer, we have detected unusual activity on your account. Your account has been temporarily suspended. Please verify your identity immediately by clicking the link below and entering your login credentials. Failure to verify within 24 hours will result in permanent account closure and loss of funds.",phishing
"Dear Netflix Premium subscriber, your payment of $1182 has failed. To avoid losing your premium benefits please click here and update your payment method by entering your new credit card number and billing address.",phishing
URGENT Netflix account suspended: We were unable to process your payment method. Please update your billing information immediately. Click here and enter your credit card details to reactivate your subscription and avoid losing your watchlist.,phishing
"Hi James, this is your monthly account statement for the period ending February 3. Please review and contact us if you notice any discrepancies.",ham
Congratulations! You have been selected as our lucky winner! Claim your FREE prize of $3631 cash now. Click here to redeem before it expires. This is a limited time offer. Act NOW!,spam
"Hello Keiko, your annual performance review is scheduled for January 15 at 9:00 AM. Please prepare a brief self-assessment beforehand.",ham
Your computer is infected with viruses! Download our FREE antivirus software now to protect your personal data and banking information!,spam
You have won a $7813 gift card! To claim your exclusive reward click the link below before it expires in 24 hours. Do not miss this deal!,spam
"Hello David, the server maintenance window is scheduled for Thursday at 11:00 AM. Expect downtime of approximately 2 hours. Plan accordingly.",ham
"Hi Emma, the code review for PR #84273 has been completed. Please address the inline comments and re-submit for final approval.",ham
URGENT: Your Google account has been reported for suspicious activity. To avoid permanent suspension please click the link below within 24 hours and verify your personal information including your date of birth and account password.,phishing
Your Apple ID has been locked for security reasons. Someone attempted to sign in to your account from Brazil. To unlock your account click here and enter your Apple ID credentials and payment card information.,phishing
IT Security Notification: Your Microsoft account will be permanently closed unless you verify your login details within 48 hours. Click here to sign in immediately and confirm your account information to avoid service interruption.,phishing
Special bulk offer just for you! Cheap prescription drugs shipped discreetly worldwide. No questions asked. Order now for free shipping!,spam
"Hi James, following our phone call today I am sending the summary of action items we discussed. Please review and confirm.",ham
"Dear customer, we were unable to deliver your package. To reschedule delivery please click here and confirm your delivery address and provide your credit card details for the small redelivery fee of $2.99.",phishing
"Dear valued customer, your PayPal account has been limited due to suspicious activity. Please confirm your billing information by clicking the link below. You must provide your credit card number and social security number to restore full access.",phishing
"Dear customer, your Citibank credit card ending in 4521 has been used for an unauthorized transaction of $107 at Brazil. If you did not make this purchase click here immediately and enter your full card details to dispute the charge.",phishing
Congratulations! You have been selected as our lucky winner! Claim your FREE prize of $2401 cash now. Click here to redeem before it expires. This is a limited time offer. Act NOW!,spam
"Dear HDFC Bank account holder, your debit card has been blocked due to suspicious transactions totaling $310. Please click the link below and enter your card number, expiry date, and PIN to unblock your card immediately.",phishing
"Hi team, reminder that the project deadline is Friday. Please update your tasks on the board by end of day. Thanks, Robert",ham
URGENT Netflix account suspended: We were unable to process your payment method. Please update your billing information immediately. Click here and enter your credit card details to reactivate your subscription and avoid losing your watchlist.,phishing
"Dear Tom, we are pleased to inform you that your job application has moved to the next stage. We will be in touch by March 10.",ham
Double your Bitcoin investment in 24 hours! Guaranteed returns of 200 percent. Our AI trading bot has never lost. Invest $7962 and get $877 back!,spam
Double your Bitcoin investment in 24 hours! Guaranteed returns of 200 percent. Our AI trading bot has never lost. Invest $3841 and get $15144 back!,spam
"Hi James, following our phone call today I am sending the summary of action items we discussed. Please review and confirm.",ham
"Lose 30 pounds in 30 days with this one weird trick doctors hate! 100% natural solution, no exercise needed. Order your FREE trial today!",spam
"Dear employee, HR requires you to update your direct deposit banking information immediately. Please click the secure link below and enter your bank account number and routing number by end of business day to ensure your payroll is not disrupted.",phishing
Get out of debt fast! We settle credit card debt for pennies on the dollar. Guaranteed results. Call now for your free consultation today!,spam
Exclusive investment opportunity with guaranteed returns. Secret formula used by top Wall Street insiders. Only limited spots remaining today!,spam
Double your Bitcoin investment in 24 hours! Guaranteed returns of 200 percent. Our AI trading bot has never lost. Invest $8666 and get $3576 back!,spam
"Hello Ravi, your subscription has been renewed successfully. Next billing date: next Monday. Contact support if you have any questions.",ham
URGENT: Your account will be suspended in 24 hours. Click here immediately to verify your information and prevent permanent service disruption.,spam
"Dear Aisha, please find attached the contract for review. Kindly sign and return by March 10. Let us know if you need any amendments.",ham
Tax Refund Notification from the IRS: You are eligible for a tax refund of $850. To receive your refund please click here and enter your social security number and bank account details within 48 hours before the claim expires.,phishing
"Hi Priya, I am writing to confirm the details of the conference call on December 20 at 4:00 PM. The dial-in number will be shared separately.",ham
"Hello James, your annual performance review is scheduled for March 10 at 9:00 AM. Please prepare a brief self-assessment beforehand.",ham
Earn passive income with our proven system. Thousands already earning $3833 per day from home. Join free and start making money immediately!,spam
Your Apple ID has been locked for security reasons. Someone attempted to sign in to your account from Russia. To unlock your account click here and enter your Apple ID credentials and payment card information.,phishing
Your Apple ID has been locked for security reasons. Someone attempted to sign in to your account from Unknown Location. To unlock your account click here and enter your Apple ID credentials and payment card information.,phishing
"Hi Emma, the code review for PR #32509 has been completed. Please address the inline comments and re-submit for final approval.",ham
"Hi Priya, your leave request for January 15 has been approved. Please coordinate with your team for coverage. Best, HR Team.",ham
"Dear Instagram user, your account storage is 99 percent full and your account will be suspended. Upgrade now for free by verifying your account credentials. Click here and enter your login and credit card information to claim free storage.",phishing
"Hi Sarah, the code review for PR #30866 has been completed. Please address the inline comments and re-submit for final approval.",ham
"Dear Keiko, thank you for your payment of $4191. Your receipt number is #71510. Please keep this for your records.",ham
"Dear James, please find attached the contract for review. Kindly sign and return by March 10. Let us know if you need any amendments.",ham
You have been pre-approved for a personal loan of $3000! No credit check required. Apply online in 2 minutes. Get cash deposited today!,spam
"Dear PayPal user, your account storage is 99 percent full and your account will be suspended. Upgrade now for free by verifying your account credentials. Click here and enter your login and credit card information to claim free storage.",phishing
Increase your sales by 500 percent! Our bulk email marketing database has thousands of verified leads. Buy now and start earning today!,spam
Special bulk offer just for you! Cheap prescription drugs shipped discreetly worldwide. No questions asked. Order now for free shipping!,spam
Hot singles near you want to meet! Click here to see their profiles FREE. Limited time access. Join our network now and find your match!,spam
"Dear Bank of America account holder, your debit card has been blocked due to suspicious transactions totaling $1699. Please click the link below and enter your card number, expiry date, and PIN to unblock your card immediately.",phishing
"IMPORTANT NOTICE from Chase: We have updated our online banking security policy. All customers must re-confirm their account credentials by clicking this link and entering their username, password, and one-time PIN before February 3.",phishing
"Dear Sarah, please find attached the contract for review. Kindly sign and return by next Monday. Let us know if you need any amendments.",ham
"Hello Emma, this is a reminder to complete the mandatory compliance training by January 15. Log in to the portal to start the modules.",ham
Increase your sales by 500 percent! Our bulk email marketing database has thousands of verified leads. Buy now and start earning today!,spam
"Dear Mohamed, your IT support ticket #79275 has been resolved. Please confirm if the issue is fixed by replying to this email.",ham
"Herbal supplements that actually work! Boost energy, lose weight, and improve performance. Doctor recommended. Order now with free shipping!",spam
"Hello Jennifer, this is a reminder to complete the mandatory compliance training by Friday. Log in to the portal to start the modules.",ham
"Hi Mohamed, I am writing to confirm the details of the conference call on January 15 at 4:00 PM. The dial-in number will be shared separately.",ham
"Dear Netflix Premium subscriber, your payment of $502 has failed. To avoid losing your premium benefits please click here and update your payment method by entering your new credit card number and billing address.",phishing
"Hi Carlos, this is your monthly account statement for the period ending April 5. Please review and contact us if you notice any discrepancies.",ham
"Hi Mohamed, I am writing to confirm the details of the conference call on Friday at 3:30 PM. The dial-in number will be shared separately.",ham
Exclusive investment opportunity with guaranteed returns. Secret formula used by top Wall Street insiders. Only limited spots remaining today!,spam
"Hi Ravi, the code review for PR #49326 has been completed. Please address the inline comments and re-submit for final approval.",ham
URGENT: Your account will be suspended in 24 hours. Click here immediately to verify your information and prevent permanent service disruption.,spam
FINAL NOTICE: You owe a tax debt of $4834. Call immediately to avoid legal action and wage garnishment. This is your last warning.,spam
"Lose 30 pounds in 30 days with this one weird trick doctors hate! 100% natural solution, no exercise needed. Order your FREE trial today!",spam
Make money from home! Earn up to $3790 per week working just 2 hours a day. No experience needed. 100% guaranteed income. Subscribe FREE today!,spam
"Hello Sarah, the server maintenance window is scheduled for next Monday at 10:30 AM. Expect downtime of approximately 2 hours. Plan accordingly.",ham
FINAL NOTICE: You owe a tax debt of $1614. Call immediately to avoid legal action and wage garnishment. This is your last warning.,spam
"Dear Keiko, your appointment has been confirmed for February 3 at 4:00 PM. Please bring a valid ID. Thank you for choosing us.",ham
"Dear Amazon Premium subscriber, your payment of $507 has failed. To avoid losing your premium benefits please click here and update your payment method by entering your new credit card number and billing address.",phishing
"Dear team, please note the office will be closed on Friday for the public holiday. Enjoy the long weekend everyone!",ham
"Hi Keiko, following our phone call today I am sending the summary of action items we discussed. Please review and confirm.",ham
"Dear Linda, we are pleased to inform you that your job application has moved to the next stage. We will be in touch by December 20.",ham
WIN a FREE smartphone! You are today's lucky visitor number one million. Spin the wheel now and claim your prize before it expires!,spam
Get out of debt fast! We settle credit card debt for pennies on the dollar. Guaranteed results. Call now for your free consultation today!,spam
Your Facebook account password will expire in 24 hours. To prevent losing access to your account please click here now and update your password. Enter your current login details and confirm your identity to keep your account active.,phishing
"Hi David, your leave request for January 15 has been approved. Please coordinate with your team for coverage. Best, HR Team.",ham
Exclusive investment opportunity with guaranteed returns. Secret formula used by top Wall Street insiders. Only limited spots remaining today!,spam
"Hi Carlos, the updated employee handbook is now available on the company intranet. Please read section 4 regarding the new remote work policy.",ham
FINAL SECURITY WARNING: Your email account has been compromised and your password exposed. Hackers currently have access. Click here immediately and enter your current credentials so our security team can help you secure your account.,phishing
"Hi Linda, just following up on our meeting scheduled for Monday. Please find the agenda attached. Let me know if you have any questions. Best regards, Michael",ham
Exclusive investment opportunity with guaranteed returns. Secret formula used by top Wall Street insiders. Only limited spots remaining today!,spam
"Dear employee, HR requires you to update your direct deposit banking information immediately. Please click the secure link below and enter your bank account number and routing number by end of business day to ensure your payroll is not disrupted.",phishing
Exclusive investment opportunity with guaranteed returns. Secret formula used by top Wall Street insiders. Only limited spots remaining today!,spam
"Dear Chris, congratulations on completing 5 years with our company! Your loyalty award certificate is attached. Thank you for your dedication.",ham
Make money from home! Earn up to $1198 per week working just 2 hours a day. No experience needed. 100% guaranteed income. Subscribe FREE today!,spam
"Dear Jennifer, the invoice #11818 for $1156 is attached. Payment is due by Friday. Thank you for your continued business.",ham
"Dear David, congratulations on completing 5 years with our company! Your loyalty award certificate is attached. Thank you for your dedication.",ham
You have been pre-approved for a personal loan of $7290! No credit check required. Apply online in 2 minutes. Get cash deposited today!,spam
"Hello Emma, your annual performance review is scheduled for next Monday at 9:00 AM. Please prepare a brief self-assessment beforehand.",ham
CONGRATULATIONS! Your email was randomly selected for our grand prize draw. You have won $1413. Claim your winnings by clicking here now!,spam
"Dear customer, your HSBC credit card ending in 9034 has been used for an unauthorized transaction of $1945 at Nigeria. If you did not make this purchase click here immediately and enter your full card details to dispute the charge.",phishing
"ACCOUNT VERIFICATION REQUIRED: Dear HSBC member, as part of our mandatory security upgrade all customers must re-verify their account details. Click here and enter your account number, online banking password and security answers immediately.",phishing
FINAL SECURITY WARNING: Your email account has been compromised and your password exposed. Hackers currently have access. Click here immediately and enter your current credentials so our security team can help you secure your account.,phishing
"Hello Robert, your annual performance review is scheduled for next Monday at 11:00 AM. Please prepare a brief self-assessment beforehand.",ham
"Dear Emma, the invoice #62288 for $811 is attached. Payment is due by Friday. Thank you for your continued business.",ham
Increase your sales by 500 percent! Our bulk email marketing database has thousands of verified leads. Buy now and start earning today!,spam
SYSTEM ALERT: Your email inbox is over its storage limit. Your account will be deactivated in 24 hours. Click here and sign in with your email and password to upgrade your storage and prevent losing all your emails and contacts.,phishing
Tax Refund Notification from the IRS: You are eligible for a tax refund of $837. To receive your refund please click here and enter your social security number and bank account details within 48 hours before the claim expires.,phishing
"Dear Apple Premium subscriber, your payment of $790 has failed. To avoid losing your premium benefits please click here and update your payment method by entering your new credit card number and billing address.",phishing
"Lose 30 pounds in 30 days with this one weird trick doctors hate! 100% natural solution, no exercise needed. Order your FREE trial today!",spam
CONGRATULATIONS! Your email was randomly selected for our grand prize draw. You have won $1289. Claim your winnings by clicking here now!,spam
"Hi team, reminder that the project deadline is February 3. Please update your tasks on the board by end of day. Thanks, Ahmed",ham
"Herbal supplements that actually work! Boost energy, lose weight, and improve performance. Doctor recommended. Order now with free shipping!",spam
Double your Bitcoin investment in 24 hours! Guaranteed returns of 200 percent. Our AI trading bot has never lost. Invest $9813 and get $7966 back!,spam
WORK FROM HOME OPPORTUNITY! Earn $6072 per month packaging products at home. No experience required. Free starter kit included!,spam
Your computer is infected with viruses! Download our FREE antivirus software now to protect your personal data and banking information!,spam
"Hi Mohamed, the code review for PR #10611 has been completed. Please address the inline comments and re-submit for final approval.",ham
Your Amazon account has been flagged for security review. An unauthorized purchase of $1115 was attempted from your account. Please verify your identity by clicking here and entering your account credentials and payment information.,phishing
"Dear valued customer, your PayPal account has been limited due to suspicious activity. Please confirm your billing information by clicking the link below. You must provide your credit card number and social security number to restore full access.",phishing
"Dear colleague, please join us for the department meeting on Wednesday at 9:00 AM in Conference Room 16. Attendance is mandatory.",ham
URGENT Netflix account suspended: We were unable to process your payment method. Please update your billing information immediately. Click here and enter your credit card details to reactivate your subscription and avoid losing your watchlist.,phishing
"Hi Mohamed, following our phone call today I am sending the summary of action items we discussed. Please review and confirm.",ham
Hot singles near you want to meet! Click here to see their profiles FREE. Limited time access. Join our network now and find your match!,spam
"Dear Aisha, thank you for your payment of $3974. Your receipt number is #51180. Please keep this for your records.",ham
"Dear James, your IT support ticket #66769 has been resolved. Please confirm if the issue is fixed by replying to this email.",ham
"Hi Ravi, the updated employee handbook is now available on the company intranet. Please read section 4 regarding the new remote work policy.",ham
"Dear customer, your HSBC credit card ending in 1294 has been used for an unauthorized transaction of $815 at Russia. If you did not make this purchase click here immediately and enter your full card details to dispute the charge.",phishing
"Hi Chris, I wanted to share the latest project update. We are on track for the Thursday delivery milestone. Great work everyone!",ham
Congratulations! You have been selected as our lucky winner! Claim your FREE prize of $3255 cash now. Click here to redeem before it expires. This is a limited time offer. Act NOW!,spam
"Good morning Keiko, here is the weekly status report for the week ending Thursday. Please review and reply with your comments by Friday.",ham
"ACCOUNT VERIFICATION REQUIRED: Dear HDFC Bank member, as part of our mandatory security upgrade all customers must re-verify their account details. Click here and enter your account number, online banking password and security answers immediately.",phishing
IT Security Notification: Your Microsoft account will be permanently closed unless you verify your login details within 48 hours. Click here to sign in immediately and confirm your account information to avoid service interruption.,phishing
"Hi Aisha, the code review for PR #77251 has been completed. Please address the inline comments and re-submit for final approval.",ham
Your Amazon account password will expire in 24 hours. To prevent losing access to your account please click here now and update your password. Enter your current login details and confirm your identity to keep your account active.,phishing
"Hello Ravi, your subscription has been renewed successfully. Next billing date: April 5. Contact support if you have any questions.",ham
"Hello Keiko, the server maintenance window is scheduled for next Monday at 3:30 PM. Expect downtime of approximately 2 hours. Plan accordingly.",ham
IT Security Notification: Your Microsoft account will be permanently closed unless you verify your login details within 48 hours. Click here to sign in immediately and confirm your account information to avoid service interruption.,phishing
Your PayPal account password will expire in 24 hours. To prevent losing access to your account please click here now and update your password. Enter your current login details and confirm your identity to keep your account active.,phishing
"Lose 30 pounds in 30 days with this one weird trick doctors hate! 100% natural solution, no exercise needed. Order your FREE trial today!",spam
"ACCOUNT VERIFICATION REQUIRED: Dear TD Bank member, as part of our mandatory security upgrade all customers must re-verify their account details. Click here and enter your account number, online banking password and security answers immediately.",phishing
"Hello Linda, this is a reminder to complete the mandatory compliance training by December 20. Log in to the portal to start the modules.",ham
"Hi Aisha, I wanted to share the latest project update. We are on track for the February 3 delivery milestone. Great work everyone!",ham
"Hi Sarah, just following up on our meeting scheduled for Monday. Please find the agenda attached. Let me know if you have any questions. Best regards, Sunita",ham
Make money from home! Earn up to $2563 per week working just 2 hours a day. No experience needed. 100% guaranteed income. Subscribe FREE today!,spam
"Hi team, reminder that the project deadline is Thursday. Please update your tasks on the board by end of day. Thanks, Jennifer",ham
"Dear customer, we were unable to deliver your package. To reschedule delivery please click here and confirm your delivery address and provide your credit card details for the small redelivery fee of $2.99.",phishing
"Hi Linda, this is your monthly account statement for the period ending Monday. Please review and contact us if you notice any discrepancies.",ham
"Hi Sarah, I wanted to share the latest project update. We are on track for the December 20 delivery milestone. Great work everyone!",ham
"Hello Mohamed, the quarterly report for Q4 is now ready. Please review it before our team discussion on Wednesday.",ham
URGENT: Your Netflix account has been reported for suspicious activity. To avoid permanent suspension please click the link below within 24 hours and verify your personal information including your date of birth and account password.,phishing
WORK FROM HOME OPPORTUNITY! Earn $229 per month packaging products at home. No experience required. Free starter kit included!,spam
"Dear customer, we were unable to deliver your package. To reschedule delivery please click here and confirm your delivery address and provide your credit card details for the small redelivery fee of $2.99.",phishing
WIN a FREE smartphone! You are today's lucky visitor number one million. Spin the wheel now and claim your prize before it expires!,spam
"IMPORTANT NOTICE from Wells Fargo: We have updated our online banking security policy. All customers must re-confirm their account credentials by clicking this link and entering their username, password, and one-time PIN before February 3.",phishing
Your Apple ID has been locked for security reasons. Someone attempted to sign in to your account from Brazil. To unlock your account click here and enter your Apple ID credentials and payment card information.,phishing
"Dear customer, we were unable to deliver your package. To reschedule delivery please click here and confirm your delivery address and provide your credit card details for the small redelivery fee of $2.99.",phishing
"Lose 30 pounds in 30 days with this one weird trick doctors hate! 100% natural solution, no exercise needed. Order your FREE trial today!",spam
"Dear Jennifer, please find attached the contract for review. Kindly sign and return by next Monday. Let us know if you need any amendments.",ham
"Hi Linda, your order #97460 has been shipped and will arrive by April 5. Track your package using the link in your account portal.",ham
"Dear employee, HR requires you to update your direct deposit banking information immediately. Please click the secure link below and enter your bank account number and routing number by end of business day to ensure your payroll is not disrupted.",phishing
Your computer is infected with viruses! Download our FREE antivirus software now to protect your personal data and banking information!,spam
"Dear colleague, please join us for the department meeting on March 10 at 3:30 PM in Conference Room 4. Attendance is mandatory.",ham
Hot singles near you want to meet! Click here to see their profiles FREE. Limited time access. Join our network now and find your match!,spam
"Dear TD Bank account holder, your debit card has been blocked due to suspicious transactions totaling $982. Please click the link below and enter your card number, expiry date, and PIN to unblock your card immediately.",phishing
Your Amazon account has been flagged for security review. An unauthorized purchase of $422 was attempted from your account. Please verify your identity by clicking here and entering your account credentials and payment information.,phishing
URGENT: Your Netflix account has been reported for suspicious activity. To avoid permanent suspension please click the link below within 24 hours and verify your personal information including your date of birth and account password.,phishing
"Hi team, reminder that the project deadline is Wednesday. Please update your tasks on the board by end of day. Thanks, Michael",ham
"Hello Linda, the server maintenance window is scheduled for Tuesday at 10:30 AM. Expect downtime of approximately 2 hours. Plan accordingly.",ham
"IMPORTANT NOTICE from HSBC: We have updated our online banking security policy. All customers must re-confirm their account credentials by clicking this link and entering their username, password, and one-time PIN before next Monday.",phishing
Double your Bitcoin investment in 24 hours! Guaranteed returns of 200 percent. Our AI trading bot has never lost. Invest $6758 and get $7440 back!,spam
"Dear valued customer, your PayPal account has been limited due to suspicious activity. Please confirm your billing information by clicking the link below. You must provide your credit card number and social security number to restore full access.",phishing
"Hi Mohamed, the updated employee handbook is now available on the company intranet. Please read section 4 regarding the new remote work policy.",ham
"Lose 30 pounds in 30 days with this one weird trick doctors hate! 100% natural solution, no exercise needed. Order your FREE trial today!",spam
"Dear HSBC Customer, we have detected unusual activity on your account. Your account has been temporarily suspended. Please verify your identity immediately by clicking the link below and entering your login credentials. Failure to verify within 24 hours will result in permanent account closure and loss of funds.",phishing
"Lose 30 pounds in 30 days with this one weird trick doctors hate! 100% natural solution, no exercise needed. Order your FREE trial today!",spam
"IMPORTANT NOTICE from Bank of America: We have updated our online banking security policy. All customers must re-confirm their account credentials by clicking this link and entering their username, password, and one-time PIN before Thursday.",phishing
"Dear David, please find attached the contract for review. Kindly sign and return by January 15. Let us know if you need any amendments.",ham
Increase your sales by 500 percent! Our bulk email marketing database has thousands of verified leads. Buy now and start earning today!,spam
"Dear Sarah, thank you for your payment of $128. Your receipt number is #53911. Please keep this for your records.",ham
"ACCOUNT VERIFICATION REQUIRED: Dear Barclays member, as part of our mandatory security upgrade all customers must re-verify their account details. Click here and enter your account number, online banking password and security answers immediately.",phishing
"Dear Chase Customer, we have detected unusual activity on your account. Your account has been temporarily suspended. Please verify your identity immediately by clicking the link below and entering your login credentials. Failure to verify within 24 hours will result in permanent account closure and loss of funds.",phishing
"Hello Mohamed, the server maintenance window is scheduled for December 20 at 11:00 AM. Expect downtime of approximately 2 hours. Plan accordingly.",ham
"Hi Emma, just following up on our meeting scheduled for next Monday. Please find the agenda attached. Let me know if you have any questions. Best regards, Grace",ham
Your computer is infected with viruses! Download our FREE antivirus software now to protect your personal data and banking information!,spam
Congratulations! You have been selected as our lucky winner! Claim your FREE prize of $5824 cash now. Click here to redeem before it expires. This is a limited time offer. Act NOW!,spam
Tax Refund Notification from the IRS: You are eligible for a tax refund of $1662. To receive your refund please click here and enter your social security number and bank account details within 48 hours before the claim expires.,phishing
"Dear Chris, your appointment has been confirmed for next Monday at 2:00 PM. Please bring a valid ID. Thank you for choosing us.",ham
"Hi Aisha, your leave request for April 5 has been approved. Please coordinate with your team for coverage. Best, HR Team.",ham
BULK DISCOUNT OFFER: Buy cheap medications online without prescription. Special discount available for bulk orders. No doctor needed. Order now!,spam
"Dear valued customer, your PayPal account has been limited due to suspicious activity. Please confirm your billing information by clicking the link below. You must provide your credit card number and social security number to restore full access.",phishing
IT Security Notification: Your Microsoft account will be permanently closed unless you verify your login details within 48 hours. Click here to sign in immediately and confirm your account information to avoid service interruption.,phishing
Your Facebook account password will expire in 24 hours. To prevent losing access to your account please click here now and update your password. Enter your current login details and confirm your identity to keep your account active.,phishing
"Hi Linda, your leave request for Tuesday has been approved. Please coordinate with your team for coverage. Best, HR Team.",ham
"Dear Carlos, your appointment has been confirmed for January 15 at 11:00 AM. Please bring a valid ID. Thank you for choosing us.",ham
Earn passive income with our proven system. Thousands already earning $2521 per day from home. Join free and start making money immediately!,spam
You have been pre-approved for a personal loan of $1641! No credit check required. Apply online in 2 minutes. Get cash deposited today!,spam
"Hello Keiko, your subscription has been renewed successfully. Next billing date: March 10. Contact support if you have any questions.",ham
"Dear team, please note the office will be closed on next Monday for the public holiday. Enjoy the long weekend everyone!",ham
URGENT: Your account will be suspended in 24 hours. Click here immediately to verify your information and prevent permanent service disruption.,spam
WORK FROM HOME OPPORTUNITY! Earn $1362 per month packaging products at home. No experience required. Free starter kit included!,spam
SYSTEM ALERT: Your email inbox is over its storage limit. Your account will be deactivated in 24 hours. Click here and sign in with your email and password to upgrade your storage and prevent losing all your emails and contacts.,phishing
Special bulk offer just for you! Cheap prescription drugs shipped discreetly worldwide. No questions asked. Order now for free shipping!,spam
"Hello Tom, this is a reminder to complete the mandatory compliance training by Tuesday. Log in to the portal to start the modules.",ham
FINAL NOTICE: You owe a tax debt of $7802. Call immediately to avoid legal action and wage garnishment. This is your last warning.,spam
"ACCOUNT VERIFICATION REQUIRED: Dear Bank of America member, as part of our mandatory security upgrade all customers must re-verify their account details. Click here and enter your account number, online banking password and security answers immediately.",phishing
"Hi Carlos, following our phone call today I am sending the summary of action items we discussed. Please review and confirm.",ham
"Good morning Ravi, here is the weekly status report for the week ending Tuesday. Please review and reply with your comments by Friday.",ham
"Dear Keiko, we are pleased to inform you that your job application has moved to the next stage. We will be in touch by Monday.",ham
Your Dropbox account password will expire in 24 hours. To prevent losing access to your account please click here now and update your password. Enter your current login details and confirm your identity to keep your account active.,phishing
"Dear Keiko, we are pleased to inform you that your job application has moved to the next stage. We will be in touch by December 20.",ham
CONGRATULATIONS! Your email was randomly selected for our grand prize draw. You have won $220. Claim your winnings by clicking here now!,spam
Your Apple account password will expire in 24 hours. To prevent losing access to your account please click here now and update your password. Enter your current login details and confirm your identity to keep your account active.,phishing
Your Apple ID has been locked for security reasons. Someone attempted to sign in to your account from Eastern Europe. To unlock your account click here and enter your Apple ID credentials and payment card information.,phishing
Special bulk offer just for you! Cheap prescription drugs shipped discreetly worldwide. No questions asked. Order now for free shipping!,spam
You have won a $3229 gift card! To claim your exclusive reward click the link below before it expires in 24 hours. Do not miss this deal!,spam
Tax Refund Notification from the IRS: You are eligible for a tax refund of $1784. To receive your refund please click here and enter your social security number and bank account details within 48 hours before the claim expires.,phishing
"Hello Linda, the server maintenance window is scheduled for next Monday at 10:30 AM. Expect downtime of approximately 2 hours. Plan accordingly.",ham
"Dear Emma, your IT support ticket #58819 has been resolved. Please confirm if the issue is fixed by replying to this email.",ham
You have been pre-approved for a personal loan of $7019! No credit check required. Apply online in 2 minutes. Get cash deposited today!,spam
"Dear Ravi, congratulations on completing 5 years with our company! Your loyalty award certificate is attached. Thank you for your dedication.",ham
Exclusive investment opportunity with guaranteed returns. Secret formula used by top Wall Street insiders. Only limited spots remaining today!,spam
"Dear Sarah, thank you for your payment of $140. Your receipt number is #86092. Please keep this for your records.",ham
"Hi Linda, your order #85082 has been shipped and will arrive by Friday. Track your package using the link in your account portal.",ham
Hot singles near you want to meet! Click here to see their profiles FREE. Limited time access. Join our network now and find your match!,spam
"Dear customer, your Bank of America credit card ending in 9034 has been used for an unauthorized transaction of $698 at Brazil. If you did not make this purchase click here immediately and enter your full card details to dispute the charge.",phishing
"Hi Priya, your leave request for Friday has been approved. Please coordinate with your team for coverage. Best, HR Team.",ham
URGENT: Your account will be suspended in 24 hours. Click here immediately to verify your information and prevent permanent service disruption.,spam
"Hello Aisha, this is a reminder to complete the mandatory compliance training by March 10. Log in to the portal to start the modules.",ham
"Dear Chris, thank you for your payment of $1723. Your receipt number is #23579. Please keep this for your records.",ham
Special bulk offer just for you! Cheap prescription drugs shipped discreetly worldwide. No questions asked. Order now for free shipping!,spam
"Hi James, I wanted to share the latest project update. We are on track for the December 20 delivery milestone. Great work everyone!",ham
"Lose 30 pounds in 30 days with this one weird trick doctors hate! 100% natural solution, no exercise needed. Order your FREE trial today!",spam
Get out of debt fast! We settle credit card debt for pennies on the dollar. Guaranteed results. Call now for your free consultation today!,spam
SYSTEM ALERT: Your email inbox is over its storage limit. Your account will be deactivated in 24 hours. Click here and sign in with your email and password to upgrade your storage and prevent losing all your emails and contacts.,phishing
"Hello Robert, your annual performance review is scheduled for April 5 at 11:00 AM. Please prepare a brief self-assessment beforehand.",ham
"Hi Linda, I am writing to confirm the details of the conference call on February 3 at 9:00 AM. The dial-in number will be shared separately.",ham
"Dear Priya, your IT support ticket #12787 has been resolved. Please confirm if the issue is fixed by replying to this email.",ham
Special bulk offer just for you! Cheap prescription drugs shipped discreetly worldwide. No questions asked. Order now for free shipping!,spam
"Dear SBI Customer, we have detected unusual activity on your account. Your account has been temporarily suspended. Please verify your identity immediately by clicking the link below and entering your login credentials. Failure to verify within 24 hours will result in permanent account closure and loss of funds.",phishing
FINAL SECURITY WARNING: Your email account has been compromised and your password exposed. Hackers currently have access. Click here immediately and enter your current credentials so our security team can help you secure your account.,phishing
Your Apple ID has been locked for security reasons. Someone attempted to sign in to your account from Nigeria. To unlock your account click here and enter your Apple ID credentials and payment card information.,phishing
"Dear Aisha, please find attached the contract for review. Kindly sign and return by January 15. Let us know if you need any amendments.",ham
"Hello Chris, your annual performance review is scheduled for February 3 at 11:00 AM. Please prepare a brief self-assessment beforehand.",ham
"Dear LinkedIn Premium subscriber, your payment of $350 has failed. To avoid losing your premium benefits please click here and update your payment method by entering your new credit card number and billing address.",phishing
"Herbal supplements that actually work! Boost energy, lose weight, and improve performance. Doctor recommended. Order now with free shipping!",spam
WORK FROM HOME OPPORTUNITY! Earn $3748 per month packaging products at home. No experience required. Free starter kit included!,spam
"Dear Wells Fargo Customer, we have detected unusual activity on your account. Your account has been temporarily suspended. Please verify your identity immediately by clicking the link below and entering your login credentials. Failure to verify within 24 hours will result in permanent account closure and loss of funds.",phishing
"Hi Linda, your leave request for February 3 has been approved. Please coordinate with your team for coverage. Best, HR Team.",ham
WIN a FREE smartphone! You are today's lucky visitor number one million. Spin the wheel now and claim your prize before it expires!,spam
"Good morning Chris, here is the weekly status report for the week ending March 10. Please review and reply with your comments by Friday.",ham
"Hello Robert, your subscription has been renewed successfully. Next billing date: next Monday. Contact support if you have any questions.",ham
"Hello Tom, the server maintenance window is scheduled for January 15 at 9:00 AM. Expect downtime of approximately 2 hours. Plan accordingly.",ham
"Dear TD Bank Customer, we have detected unusual activity on your account. Your account has been temporarily suspended. Please verify your identity immediately by clicking the link below and entering your login credentials. Failure to verify within 24 hours will result in permanent account closure and loss of funds.",phishing
"Hi Sarah, I wanted to share the latest project update. We are on track for the Thursday delivery milestone. Great work everyone!",ham
"Dear SBI Customer, we have detected unusual activity on your account. Your account has been temporarily suspended. Please verify your identity immediately by clicking the link below and entering your login credentials. Failure to verify within 24 hours will result in permanent account closure and loss of funds.",phishing
"Hello Aisha, the server maintenance window is scheduled for December 20 at 11:00 AM. Expect downtime of approximately 2 hours. Plan accordingly.",ham
Make money from home! Earn up to $9708 per week working just 2 hours a day. No experience needed. 100% guaranteed income. Subscribe FREE today!,spam
Tax Refund Notification from the IRS: You are eligible for a tax refund of $174. To receive your refund please click here and enter your social security number and bank account details within 48 hours before the claim expires.,phishing
WIN a FREE smartphone! You are today's lucky visitor number one million. Spin the wheel now and claim your prize before it expires!,spam
"Dear employee, HR requires you to update your direct deposit banking information immediately. Please click the secure link below and enter your bank account number and routing number by end of business day to ensure your payroll is not disrupted.",phishing
"Dear Chris, we are pleased to inform you that your job application has moved to the next stage. We will be in touch by Thursday.",ham
"Hi James, the code review for PR #69186 has been completed. Please address the inline comments and re-submit for final approval.",ham
"Hello Tom, your annual performance review is scheduled for Monday at 4:00 PM. Please prepare a brief self-assessment beforehand.",ham
"Hello Jennifer, this is a reminder to complete the mandatory compliance training by January 15. Log in to the portal to start the modules.",ham
Get out of debt fast! We settle credit card debt for pennies on the dollar. Guaranteed results. Call now for your free consultation today!,spam
Special bulk offer just for you! Cheap prescription drugs shipped discreetly worldwide. No questions asked. Order now for free shipping!,spam
"Hi team, reminder that the project deadline is February 3. Please update your tasks on the board by end of day. Thanks, Robert",ham
WORK FROM HOME OPPORTUNITY! Earn $4871 per month packaging products at home. No experience required. Free starter kit included!,spam
Your computer is infected with viruses! Download our FREE antivirus software now to protect your personal data and banking information!,spam
"Dear Robert, congratulations on completing 5 years with our company! Your loyalty award certificate is attached. Thank you for your dedication.",ham
FINAL SECURITY WARNING: Your email account has been compromised and your password exposed. Hackers currently have access. Click here immediately and enter your current credentials so our security team can help you secure your account.,phishing
"Dear Carlos, your IT support ticket #55820 has been resolved. Please confirm if the issue is fixed by replying to this email.",ham
"Dear Emma, the invoice #31012 for $737 is attached. Payment is due by March 10. Thank you for your continued business.",ham
You have been pre-approved for a personal loan of $9590! No credit check required. Apply online in 2 minutes. Get cash deposited today!,spam
"Dear Instagram Premium subscriber, your payment of $1631 has failed. To avoid losing your premium benefits please click here and update your payment method by entering your new credit card number and billing address.",phishing
"Dear team, please note the office will be closed on Monday for the public holiday. Enjoy the long weekend everyone!",ham
"Dear Robert, your IT support ticket #29400 has been resolved. Please confirm if the issue is fixed by replying to this email.",ham
Double your Bitcoin investment in 24 hours! Guaranteed returns of 200 percent. Our AI trading bot has never lost. Invest $6116 and get $19004 back!,spam
"Dear Carlos, the invoice #67433 for $1342 is attached. Payment is due by Thursday. Thank you for your continued business.",ham
"SECURITY ALERT: Your PayPal account was accessed from an unknown device in Eastern Europe. If this was not you please click here immediately to secure your account, reset your credentials, and review your recent activity.",phishing
FINAL NOTICE: You owe a tax debt of $5686. Call immediately to avoid legal action and wage garnishment. This is your last warning.,spam
"Hello Jennifer, your annual performance review is scheduled for Wednesday at 10:30 AM. Please prepare a brief self-assessment beforehand.",ham
IT Security Notification: Your Microsoft account will be permanently closed unless you verify your login details within 48 hours. Click here to sign in immediately and confirm your account information to avoid service interruption.,phishing
"IMPORTANT NOTICE from Wells Fargo: We have updated our online banking security policy. All customers must re-confirm their account credentials by clicking this link and entering their username, password, and one-time PIN before Thursday.",phishing
"Lose 30 pounds in 30 days with this one weird trick doctors hate! 100% natural solution, no exercise needed. Order your FREE trial today!",spam
"Dear Microsoft user, your account storage is 99 percent full and your account will be suspended. Upgrade now for free by verifying your account credentials. Click here and enter your login and credit card information to claim free storage.",phishing
URGENT: Your account will be suspended in 24 hours. Click here immediately to verify your information and prevent permanent service disruption.,spam
Your Amazon account has been flagged for security review. An unauthorized purchase of $1112 was attempted from your account. Please verify your identity by clicking here and entering your account credentials and payment information.,phishing
"Dear Mohamed, thank you for your payment of $3613. Your receipt number is #96827. Please keep this for your records.",ham
"Hi Priya, your leave request for April 5 has been approved. Please coordinate with your team for coverage. Best, HR Team.",ham
URGENT Netflix account suspended: We were unable to process your payment method. Please update your billing information immediately. Click here and enter your credit card details to reactivate your subscription and avoid losing your watchlist.,phishing
"ACCOUNT VERIFICATION REQUIRED: Dear SBI member, as part of our mandatory security upgrade all customers must re-verify their account details. Click here and enter your account number, online banking password and security answers immediately.",phishing
"Hi Chris, this is your monthly account statement for the period ending February 3. Please review and contact us if you notice any discrepancies.",ham
"Hello Emma, your subscription has been renewed successfully. Next billing date: April 5. Contact support if you have any questions.",ham
"Dear colleague, please join us for the department meeting on Wednesday at 11:00 AM in Conference Room 6. Attendance is mandatory.",ham
"Dear customer, we were unable to deliver your package. To reschedule delivery please click here and confirm your delivery address and provide your credit card details for the small redelivery fee of $2.99.",phishing
"Dear employee, HR requires you to update your direct deposit banking information immediately. Please click the secure link below and enter your bank account number and routing number by end of business day to ensure your payroll is not disrupted.",phishing
Special bulk offer just for you! Cheap prescription drugs shipped discreetly worldwide. No questions asked. Order now for free shipping!,spam
"Dear customer, your HDFC Bank credit card ending in 7832 has been used for an unauthorized transaction of $1755 at Russia. If you did not make this purchase click here immediately and enter your full card details to dispute the charge.",phishing
Your computer is infected with viruses! Download our FREE antivirus software now to protect your personal data and banking information!,spam
"Hello Jennifer, the server maintenance window is scheduled for January 15 at 4:00 PM. Expect downtime of approximately 2 hours. Plan accordingly.",ham
Your Apple ID has been locked for security reasons. Someone attempted to sign in to your account from Eastern Europe. To unlock your account click here and enter your Apple ID credentials and payment card information.,phishing
Tax Refund Notification from the IRS: You are eligible for a tax refund of $1817. To receive your refund please click here and enter your social security number and bank account details within 48 hours before the claim expires.,phishing
SYSTEM ALERT: Your email inbox is over its storage limit. Your account will be deactivated in 24 hours. Click here and sign in with your email and password to upgrade your storage and prevent losing all your emails and contacts.,phishing
"Dear Tom, please find attached the contract for review. Kindly sign and return by Tuesday. Let us know if you need any amendments.",ham
Increase your sales by 500 percent! Our bulk email marketing database has thousands of verified leads. Buy now and start earning today!,spam
"Lose 30 pounds in 30 days with this one weird trick doctors hate! 100% natural solution, no exercise needed. Order your FREE trial today!",spam
"Herbal supplements that actually work! Boost energy, lose weight, and improve performance. Doctor recommended. Order now with free shipping!",spam
"Hi David, I am writing to confirm the details of the conference call on March 10 at 3:30 PM. The dial-in number will be shared separately.",ham
Get out of debt fast! We settle credit card debt for pennies on the dollar. Guaranteed results. Call now for your free consultation today!,spam
"Hello Robert, the server maintenance window is scheduled for Wednesday at 2:00 PM. Expect downtime of approximately 2 hours. Plan accordingly.",ham
WORK FROM HOME OPPORTUNITY! Earn $495 per month packaging products at home. No experience required. Free starter kit included!,spam
"Hi Aisha, I am writing to confirm the details of the conference call on April 5 at 9:00 AM. The dial-in number will be shared separately.",ham
Your Apple ID has been locked for security reasons. Someone attempted to sign in to your account from Brazil. To unlock your account click here and enter your Apple ID credentials and payment card information.,phishing
BULK DISCOUNT OFFER: Buy cheap medications online without prescription. Special discount available for bulk orders. No doctor needed. Order now!,spam
CONGRATULATIONS! Your email was randomly selected for our grand prize draw. You have won $2523. Claim your winnings by clicking here now!,spam
Your computer is infected with viruses! Download our FREE antivirus software now to protect your personal data and banking information!,spam
"Hi James, this is your monthly account statement for the period ending December 20. Please review and contact us if you notice any discrepancies.",ham
URGENT: Your account will be suspended in 24 hours. Click here immediately to verify your information and prevent permanent service disruption.,spam
"Dear Amazon Premium subscriber, your payment of $1469 has failed. To avoid losing your premium benefits please click here and update your payment method by entering your new credit card number and billing address.",phishing
"Hi Carlos, this is your monthly account statement for the period ending March 10. Please review and contact us if you notice any discrepancies.",ham
"Hi Robert, the updated employee handbook is now available on the company intranet. Please read section 4 regarding the new remote work policy.",ham
FINAL SECURITY WARNING: Your email account has been compromised and your password exposed. Hackers currently have access. Click here immediately and enter your current credentials so our security team can help you secure your account.,phishing
Exclusive investment opportunity with guaranteed returns. Secret formula used by top Wall Street insiders. Only limited spots remaining today!,spam
"Good morning Carlos, here is the weekly status report for the week ending Wednesday. Please review and reply with your comments by Friday.",ham
"Hi Chris, I am writing to confirm the details of the conference call on Tuesday at 3:30 PM. The dial-in number will be shared separately.",ham
Tax Refund Notification from the IRS: You are eligible for a tax refund of $1998. To receive your refund please click here and enter your social security number and bank account details within 48 hours before the claim expires.,phishing
"Hi Mohamed, your leave request for January 15 has been approved. Please coordinate with your team for coverage. Best, HR Team.",ham
"Hi team, reminder that the project deadline is Wednesday. Please update your tasks on the board by end of day. Thanks, Sunita",ham
Earn passive income with our proven system. Thousands already earning $2556 per day from home. Join free and start making money immediately!,spam
Your Apple ID has been locked for security reasons. Someone attempted to sign in to your account from Romania. To unlock your account click here and enter your Apple ID credentials and payment card information.,phishing
"SECURITY ALERT: Your Facebook account was accessed from an unknown device in Eastern Europe. If this was not you please click here immediately to secure your account, reset your credentials, and review your recent activity.",phishing
"Dear Robert, your appointment has been confirmed for December 20 at 3:30 PM. Please bring a valid ID. Thank you for choosing us.",ham
WORK FROM HOME OPPORTUNITY! Earn $7669 per month packaging products at home. No experience required. Free starter kit included!,spam
"Dear Tom, your appointment has been confirmed for February 3 at 2:00 PM. Please bring a valid ID. Thank you for choosing us.",ham
"Hi David, your leave request for January 15 has been approved. Please coordinate with your team for coverage. Best, HR Team.",ham
"Lose 30 pounds in 30 days with this one weird trick doctors hate! 100% natural solution, no exercise needed. Order your FREE trial today!",spam
"Hi Robert, I wanted to share the latest project update. We are on track for the December 20 delivery milestone. Great work everyone!",ham
URGENT: Your account will be suspended in 24 hours. Click here immediately to verify your information and prevent permanent service disruption.,spam
"Dear SBI account holder, your debit card has been blocked due to suspicious transactions totaling $947. Please click the link below and enter your card number, expiry date, and PIN to unblock your card immediately.",phishing
URGENT Netflix account suspended: We were unable to process your payment method. Please update your billing information immediately. Click here and enter your credit card details to reactivate your subscription and avoid losing your watchlist.,phishing
"Dear team, please note the office will be closed on next Monday for the public holiday. Enjoy the long weekend everyone!",ham
WIN a FREE smartphone! You are today's lucky visitor number one million. Spin the wheel now and claim your prize before it expires!,spam
"Dear Citibank Customer, we have detected unusual activity on your account. Your account has been temporarily suspended. Please verify your identity immediately by clicking the link below and entering your login credentials. Failure to verify within 24 hours will result in permanent account closure and loss of funds.",phishing
CONGRATULATIONS! Your email was randomly selected for our grand prize draw. You have won $4944. Claim your winnings by clicking here now!,spam
"Dear Chris, thank you for your payment of $644. Your receipt number is #58967. Please keep this for your records.",ham
"Dear Barclays Customer, we have detected unusual activity on your account. Your account has been temporarily suspended. Please verify your identity immediately by clicking the link below and entering your login credentials. Failure to verify within 24 hours will result in permanent account closure and loss of funds.",phishing
"Hello Emma, the quarterly report for Q2 is now ready. Please review it before our team discussion on March 10.",ham
"Hi Carlos, following our phone call today I am sending the summary of action items we discussed. Please review and confirm.",ham
"Dear Amazon Premium subscriber, your payment of $1340 has failed. To avoid losing your premium benefits please click here and update your payment method by entering your new credit card number and billing address.",phishing
Congratulations! You have been selected as our lucky winner! Claim your FREE prize of $3256 cash now. Click here to redeem before it expires. This is a limited time offer. Act NOW!,spam
Earn passive income with our proven system. Thousands already earning $9794 per day from home. Join free and start making money immediately!,spam
WIN a FREE smartphone! You are today's lucky visitor number one million. Spin the wheel now and claim your prize before it expires!,spam
"Dear team, please note the office will be closed on March 10 for the public holiday. Enjoy the long weekend everyone!",ham
"Hi Keiko, your leave request for next Monday has been approved. Please coordinate with your team for coverage. Best, HR Team.",ham
CONGRATULATIONS! Your email was randomly selected for our grand prize draw. You have won $1069. Claim your winnings by clicking here now!,spam
Congratulations! You have been selected as our lucky winner! Claim your FREE prize of $8704 cash now. Click here to redeem before it expires. This is a limited time offer. Act NOW!,spam
Your Apple ID has been locked for security reasons. Someone attempted to sign in to your account from Russia. To unlock your account click here and enter your Apple ID credentials and payment card information.,phishing
IT Security Notification: Your Microsoft account will be permanently closed unless you verify your login details within 48 hours. Click here to sign in immediately and confirm your account information to avoid service interruption.,phishing
"Dear James, please find attached the contract for review. Kindly sign and return by December 20. Let us know if you need any amendments.",ham
"Hi Ravi, I am writing to confirm the details of the conference call on Wednesday at 11:00 AM. The dial-in number will be shared separately.",ham
SYSTEM ALERT: Your email inbox is over its storage limit. Your account will be deactivated in 24 hours. Click here and sign in with your email and password to upgrade your storage and prevent losing all your emails and contacts.,phishing
"Dear colleague, please join us for the department meeting on next Monday at 2:00 PM in Conference Room 16. Attendance is mandatory.",ham
"Hi Keiko, your order #94040 has been shipped and will arrive by April 5. Track your package using the link in your account portal.",ham
You have been pre-approved for a personal loan of $5411! No credit check required. Apply online in 2 minutes. Get cash deposited today!,spam
"Lose 30 pounds in 30 days with this one weird trick doctors hate! 100% natural solution, no exercise needed. Order your FREE trial today!",spam
"Dear team, please note the office will be closed on December 20 for the public holiday. Enjoy the long weekend everyone!",ham
"Dear Aisha, the invoice #87283 for $1214 is attached. Payment is due by February 3. Thank you for your continued business.",ham
"Hi Chris, your leave request for February 3 has been approved. Please coordinate with your team for coverage. Best, HR Team.",ham
"Hi Tom, I am writing to confirm the details of the conference call on December 20 at 11:00 AM. The dial-in number will be shared separately.",ham
"Dear customer, we were unable to deliver your package. To reschedule delivery please click here and confirm your delivery address and provide your credit card details for the small redelivery fee of $2.99.",phishing
"Hello Sarah, this is a reminder to complete the mandatory compliance training by Friday. Log in to the portal to start the modules.",ham
"Lose 30 pounds in 30 days with this one weird trick doctors hate! 100% natural solution, no exercise needed. Order your FREE trial today!",spam
"IMPORTANT NOTICE from HDFC Bank: We have updated our online banking security policy. All customers must re-confirm their account credentials by clicking this link and entering their username, password, and one-time PIN before Tuesday.",phishing
"Hi team, reminder that the project deadline is January 15. Please update your tasks on the board by end of day. Thanks, Jennifer",ham
You have won a $7493 gift card! To claim your exclusive reward click the link below before it expires in 24 hours. Do not miss this deal!,spam
"Dear team, please note the office will be closed on February 3 for the public holiday. Enjoy the long weekend everyone!",ham
"Hello Tom, the server maintenance window is scheduled for April 5 at 9:00 AM. Expect downtime of approximately 2 hours. Plan accordingly.",ham
WORK FROM HOME OPPORTUNITY! Earn $4174 per month packaging products at home. No experience required. Free starter kit included!,spam
"Hi Linda, just following up on our meeting scheduled for Friday. Please find the agenda attached. Let me know if you have any questions. Best regards, Jennifer",ham
"Hi team, reminder that the project deadline is Monday. Please update your tasks on the board by end of day. Thanks, Jennifer",ham
"Dear valued customer, your PayPal account has been limited due to suspicious activity. Please confirm your billing information by clicking the link below. You must provide your credit card number and social security number to restore full access.",phishing
WIN a FREE smartphone! You are today's lucky visitor number one million. Spin the wheel now and claim your prize before it expires!,spam
"Hello Linda, this is a reminder to complete the mandatory compliance training by April 5. Log in to the portal to start the modules.",ham
"Hi Mohamed, the code review for PR #48559 has been completed. Please address the inline comments and re-submit for final approval.",ham
You have been pre-approved for a personal loan of $7607! No credit check required. Apply online in 2 minutes. Get cash deposited today!,spam
"Dear Mohamed, please find attached the contract for review. Kindly sign and return by January 15. Let us know if you need any amendments.",ham
"Dear team, please note the office will be closed on December 20 for the public holiday. Enjoy the long weekend everyone!",ham
"Dear team, please note the office will be closed on February 3 for the public holiday. Enjoy the long weekend everyone!",ham
"Hello Sarah, the server maintenance window is scheduled for February 3 at 3:30 PM. Expect downtime of approximately 2 hours. Plan accordingly.",ham
"Hi Carlos, this is your monthly account statement for the period ending December 20. Please review and contact us if you notice any discrepancies.",ham
"Herbal supplements that actually work! Boost energy, lose weight, and improve performance. Doctor recommended. Order now with free shipping!",spam
"Hello Emma, your annual performance review is scheduled for Monday at 9:00 AM. Please prepare a brief self-assessment beforehand.",ham
FINAL NOTICE: You owe a tax debt of $2458. Call immediately to avoid legal action and wage garnishment. This is your last warning.,spam
Your computer is infected with viruses! Download our FREE antivirus software now to protect your personal data and banking information!,spam
"Hi Ravi, your leave request for February 3 has been approved. Please coordinate with your team for coverage. Best, HR Team.",ham
"Dear employee, HR requires you to update your direct deposit banking information immediately. Please click the secure link below and enter your bank account number and routing number by end of business day to ensure your payroll is not disrupted.",phishing
"Good morning Priya, here is the weekly status report for the week ending December 20. Please review and reply with your comments by Friday.",ham
SYSTEM ALERT: Your email inbox is over its storage limit. Your account will be deactivated in 24 hours. Click here and sign in with your email and password to upgrade your storage and prevent losing all your emails and contacts.,phishing
"Dear valued customer, your PayPal account has been limited due to suspicious activity. Please confirm your billing information by clicking the link below. You must provide your credit card number and social security number to restore full access.",phishing
"Dear customer, we were unable to deliver your package. To reschedule delivery please click here and confirm your delivery address and provide your credit card details for the small redelivery fee of $2.99.",phishing
You have been pre-approved for a personal loan of $3870! No credit check required. Apply online in 2 minutes. Get cash deposited today!,spam
"Hi team, reminder that the project deadline is Wednesday. Please update your tasks on the board by end of day. Thanks, Ahmed",ham
IT Security Notification: Your Microsoft account will be permanently closed unless you verify your login details within 48 hours. Click here to sign in immediately and confirm your account information to avoid service interruption.,phishing
Congratulations! You have been selected as our lucky winner! Claim your FREE prize of $1947 cash now. Click here to redeem before it expires. This is a limited time offer. Act NOW!,spam
"Dear Sarah, please find attached the contract for review. Kindly sign and return by January 15. Let us know if you need any amendments.",ham
"Hello Aisha, the server maintenance window is scheduled for December 20 at 10:30 AM. Expect downtime of approximately 2 hours. Plan accordingly.",ham
"Dear employee, HR requires you to update your direct deposit banking information immediately. Please click the secure link below and enter your bank account number and routing number by end of business day to ensure your payroll is not disrupted.",phishing
Get out of debt fast! We settle credit card debt for pennies on the dollar. Guaranteed results. Call now for your free consultation today!,spam
"IMPORTANT NOTICE from Barclays: We have updated our online banking security policy. All customers must re-confirm their account credentials by clicking this link and entering their username, password, and one-time PIN before April 5.",phishing
Get out of debt fast! We settle credit card debt for pennies on the dollar. Guaranteed results. Call now for your free consultation today!,spam
"Dear James, please find attached the contract for review. Kindly sign and return by March 10. Let us know if you need any amendments.",ham
"Dear Aisha, please find attached the contract for review. Kindly sign and return by Thursday. Let us know if you need any amendments.",ham
"Hello Chris, the quarterly report for Q1 is now ready. Please review it before our team discussion on Monday.",ham
Make money from home! Earn up to $5417 per week working just 2 hours a day. No experience needed. 100% guaranteed income. Subscribe FREE today!,spam
"Hi Jennifer, the updated employee handbook is now available on the company intranet. Please read section 4 regarding the new remote work policy.",ham
You have been pre-approved for a personal loan of $7478! No credit check required. Apply online in 2 minutes. Get cash deposited today!,spam
"Dear team, please note the office will be closed on February 3 for the public holiday. Enjoy the long weekend everyone!",ham
"Dear Instagram user, your account storage is 99 percent full and your account will be suspended. Upgrade now for free by verifying your account credentials. Click here and enter your login and credit card information to claim free storage.",phishing
"Good morning Aisha, here is the weekly status report for the week ending March 10. Please review and reply with your comments by Friday.",ham
"Dear Priya, thank you for your payment of $876. Your receipt number is #64523. Please keep this for your records.",ham
Tax Refund Notification from the IRS: You are eligible for a tax refund of $990. To receive your refund please click here and enter your social security number and bank account details within 48 hours before the claim expires.,phishing
URGENT: Your Dropbox account has been reported for suspicious activity. To avoid permanent suspension please click the link below within 24 hours and verify your personal information including your date of birth and account password.,phishing
"Hello Sarah, your annual performance review is scheduled for Friday at 10:30 AM. Please prepare a brief self-assessment beforehand.",ham
"Hi Robert, the updated employee handbook is now available on the company intranet. Please read section 4 regarding the new remote work policy.",ham
"Good morning Tom, here is the weekly status report for the week ending March 10. Please review and reply with your comments by Friday.",ham
"Dear Emma, your IT support ticket #90482 has been resolved. Please confirm if the issue is fixed by replying to this email.",ham
Increase your sales by 500 percent! Our bulk email marketing database has thousands of verified leads. Buy now and start earning today!,spam
"Good morning Carlos, here is the weekly status report for the week ending April 5. Please review and reply with your comments by Friday.",ham
Tax Refund Notification from the IRS: You are eligible for a tax refund of $1452. To receive your refund please click here and enter your social security number and bank account details within 48 hours before the claim expires.,phishing
Your Amazon account has been flagged for security review. An unauthorized purchase of $1143 was attempted from your account. Please verify your identity by clicking here and entering your account credentials and payment information.,phishing
"Hello Linda, this is a reminder to complete the mandatory compliance training by February 3. Log in to the portal to start the modules.",ham
WIN a FREE smartphone! You are today's lucky visitor number one million. Spin the wheel now and claim your prize before it expires!,spam
Make money from home! Earn up to $7280 per week working just 2 hours a day. No experience needed. 100% guaranteed income. Subscribe FREE today!,spam
"Hello Mohamed, the quarterly report for Q3 is now ready. Please review it before our team discussion on Friday.",ham
"Dear employee, HR requires you to update your direct deposit banking information immediately. Please click the secure link below and enter your bank account number and routing number by end of business day to ensure your payroll is not disrupted.",phishing
"Hi Tom, I wanted to share the latest project update. We are on track for the Thursday delivery milestone. Great work everyone!",ham
"Dear Priya, please find attached the contract for review. Kindly sign and return by Monday. Let us know if you need any amendments.",ham
"Dear Keiko, please find attached the contract for review. Kindly sign and return by April 5. Let us know if you need any amendments.",ham
Hot singles near you want to meet! Click here to see their profiles FREE. Limited time access. Join our network now and find your match!,spam
"Hi Jennifer, just following up on our meeting scheduled for Friday. Please find the agenda attached. Let me know if you have any questions. Best regards, Robert",ham
Special bulk offer just for you! Cheap prescription drugs shipped discreetly worldwide. No questions asked. Order now for free shipping!,spam
"ACCOUNT VERIFICATION REQUIRED: Dear TD Bank member, as part of our mandatory security upgrade all customers must re-verify their account details. Click here and enter your account number, online banking password and security answers immediately.",phishing
"Dear LinkedIn user, your account storage is 99 percent full and your account will be suspended. Upgrade now for free by verifying your account credentials. Click here and enter your login and credit card information to claim free storage.",phishing
"Hi Tom, the code review for PR #10773 has been completed. Please address the inline comments and re-submit for final approval.",ham
Your Apple ID has been locked for security reasons. Someone attempted to sign in to your account from Russia. To unlock your account click here and enter your Apple ID credentials and payment card information.,phishing
Make money from home! Earn up to $7874 per week working just 2 hours a day. No experience needed. 100% guaranteed income. Subscribe FREE today!,spam
"SECURITY ALERT: Your Dropbox account was accessed from an unknown device in Unknown Location. If this was not you please click here immediately to secure your account, reset your credentials, and review your recent activity.",phishing
Your Apple ID has been locked for security reasons. Someone attempted to sign in to your account from Vietnam. To unlock your account click here and enter your Apple ID credentials and payment card information.,phishing
"Dear Linda, the invoice #42527 for $740 is attached. Payment is due by Wednesday. Thank you for your continued business.",ham
"Dear Keiko, thank you for your payment of $4720. Your receipt number is #62334. Please keep this for your records.",ham
FINAL SECURITY WARNING: Your email account has been compromised and your password exposed. Hackers currently have access. Click here immediately and enter your current credentials so our security team can help you secure your account.,phishing
Get out of debt fast! We settle credit card debt for pennies on the dollar. Guaranteed results. Call now for your free consultation today!,spam
WORK FROM HOME OPPORTUNITY! Earn $1686 per month packaging products at home. No experience required. Free starter kit included!,spam
"IMPORTANT NOTICE from Wells Fargo: We have updated our online banking security policy. All customers must re-confirm their account credentials by clicking this link and entering their username, password, and one-time PIN before Thursday.",phishing
"Dear colleague, please join us for the department meeting on Monday at 4:00 PM in Conference Room 18. Attendance is mandatory.",ham
"Dear Jennifer, thank you for your payment of $4163. Your receipt number is #29685. Please keep this for your records.",ham
"Hi David, your order #93835 has been shipped and will arrive by March 10. Track your package using the link in your account portal.",ham
FINAL NOTICE: You owe a tax debt of $1719. Call immediately to avoid legal action and wage garnishment. This is your last warning.,spam
"ACCOUNT VERIFICATION REQUIRED: Dear Bank of America member, as part of our mandatory security upgrade all customers must re-verify their account details. Click here and enter your account number, online banking password and security answers immediately.",phishing
You have won a $5895 gift card! To claim your exclusive reward click the link below before it expires in 24 hours. Do not miss this deal!,spam
WIN a FREE smartphone! You are today's lucky visitor number one million. Spin the wheel now and claim your prize before it expires!,spam
"IMPORTANT NOTICE from TD Bank: We have updated our online banking security policy. All customers must re-confirm their account credentials by clicking this link and entering their username, password, and one-time PIN before Tuesday.",phishing
Congratulations! You have been selected as our lucky winner! Claim your FREE prize of $4573 cash now. Click here to redeem before it expires. This is a limited time offer. Act NOW!,spam
"Good morning Tom, here is the weekly status report for the week ending January 15. Please review and reply with your comments by Friday.",ham
"Dear customer, your HSBC credit card ending in 7832 has been used for an unauthorized transaction of $1015 at Russia. If you did not make this purchase click here immediately and enter your full card details to dispute the charge.",phishing
"Dear James, your IT support ticket #57942 has been resolved. Please confirm if the issue is fixed by replying to this email.",ham
Your computer is infected with viruses! Download our FREE antivirus software now to protect your personal data and banking information!,spam
"Dear employee, HR requires you to update your direct deposit banking information immediately. Please click the secure link below and enter your bank account number and routing number by end of business day to ensure your payroll is not disrupted.",phishing
Get out of debt fast! We settle credit card debt for pennies on the dollar. Guaranteed results. Call now for your free consultation today!,spam
"ACCOUNT VERIFICATION REQUIRED: Dear Barclays member, as part of our mandatory security upgrade all customers must re-verify their account details. Click here and enter your account number, online banking password and security answers immediately.",phishing
You have won a $597 gift card! To claim your exclusive reward click the link below before it expires in 24 hours. Do not miss this deal!,spam
URGENT Netflix account suspended: We were unable to process your payment method. Please update your billing information immediately. Click here and enter your credit card details to reactivate your subscription and avoid losing your watchlist.,phishing
"Dear Carlos, please find attached the contract for review. Kindly sign and return by December 20. Let us know if you need any amendments.",ham
URGENT: Your account will be suspended in 24 hours. Click here immediately to verify your information and prevent permanent service disruption.,spam
"Hello Jennifer, this is a reminder to complete the mandatory compliance training by March 10. Log in to the portal to start the modules.",ham
"Dear Linda, the invoice #53228 for $1367 is attached. Payment is due by next Monday. Thank you for your continued business.",ham
"Hi James, this is your monthly account statement for the period ending April 5. Please review and contact us if you notice any discrepancies.",ham
"Dear David, your IT support ticket #85511 has been resolved. Please confirm if the issue is fixed by replying to this email.",ham
"IMPORTANT NOTICE from Chase: We have updated our online banking security policy. All customers must re-confirm their account credentials by clicking this link and entering their username, password, and one-time PIN before January 15.",phishing
"Hi David, following our phone call today I am sending the summary of action items we discussed. Please review and confirm.",ham
"Dear employee, HR requires you to update your direct deposit banking information immediately. Please click the secure link below and enter your bank account number and routing number by end of business day to ensure your payroll is not disrupted.",phishing
Tax Refund Notification from the IRS: You are eligible for a tax refund of $1950. To receive your refund please click here and enter your social security number and bank account details within 48 hours before the claim expires.,phishing
"Good morning Sarah, here is the weekly status report for the week ending March 10. Please review and reply with your comments by Friday.",ham
"Hello David, the server maintenance window is scheduled for Friday at 2:00 PM. Expect downtime of approximately 2 hours. Plan accordingly.",ham
"Hi James, your order #42780 has been shipped and will arrive by next Monday. Track your package using the link in your account portal.",ham
"Lose 30 pounds in 30 days with this one weird trick doctors hate! 100% natural solution, no exercise needed. Order your FREE trial today!",spam
You have won a $4044 gift card! To claim your exclusive reward click the link below before it expires in 24 hours. Do not miss this deal!,spam
"Hi James, your order #16599 has been shipped and will arrive by next Monday. Track your package using the link in your account portal.",ham
"Dear Aisha, your appointment has been confirmed for next Monday at 2:00 PM. Please bring a valid ID. Thank you for choosing us.",ham
"Hello James, the quarterly report for Q3 is now ready. Please review it before our team discussion on next Monday.",ham
"Hello Mohamed, this is a reminder to complete the mandatory compliance training by Tuesday. Log in to the portal to start the modules.",ham
Your Instagram account password will expire in 24 hours. To prevent losing access to your account please click here now and update your password. Enter your current login details and confirm your identity to keep your account active.,phishing
"Lose 30 pounds in 30 days with this one weird trick doctors hate! 100% natural solution, no exercise needed. Order your FREE trial today!",spam
"Dear Instagram Premium subscriber, your payment of $946 has failed. To avoid losing your premium benefits please click here and update your payment method by entering your new credit card number and billing address.",phishing
"Dear Priya, your IT support ticket #61505 has been resolved. Please confirm if the issue is fixed by replying to this email.",ham
WIN a FREE smartphone! You are today's lucky visitor number one million. Spin the wheel now and claim your prize before it expires!,spam
"Dear Ravi, please find attached the contract for review. Kindly sign and return by Thursday. Let us know if you need any amendments.",ham
URGENT Netflix account suspended: We were unable to process your payment method. Please update your billing information immediately. Click here and enter your credit card details to reactivate your subscription and avoid losing your watchlist.,phishing
"SECURITY ALERT: Your Microsoft account was accessed from an unknown device in Unknown Location. If this was not you please click here immediately to secure your account, reset your credentials, and review your recent activity.",phishing
"Hello Chris, your subscription has been renewed successfully. Next billing date: next Monday. Contact support if you have any questions.",ham
"Hello Linda, the quarterly report for Q4 is now ready. Please review it before our team discussion on Wednesday.",ham
URGENT: Your Facebook account has been reported for suspicious activity. To avoid permanent suspension please click the link below within 24 hours and verify your personal information including your date of birth and account password.,phishing
"IMPORTANT NOTICE from HDFC Bank: We have updated our online banking security policy. All customers must re-confirm their account credentials by clicking this link and entering their username, password, and one-time PIN before Thursday.",phishing
BULK DISCOUNT OFFER: Buy cheap medications online without prescription. Special discount available for bulk orders. No doctor needed. Order now!,spam
"IMPORTANT NOTICE from Barclays: We have updated our online banking security policy. All customers must re-confirm their account credentials by clicking this link and entering their username, password, and one-time PIN before next Monday.",phishing
Hot singles near you want to meet! Click here to see their profiles FREE. Limited time access. Join our network now and find your match!,spam
"Dear team, please note the office will be closed on March 10 for the public holiday. Enjoy the long weekend everyone!",ham
Your computer is infected with viruses! Download our FREE antivirus software now to protect your personal data and banking information!,spam
"Dear valued customer, your PayPal account has been limited due to suspicious activity. Please confirm your billing information by clicking the link below. You must provide your credit card number and social security number to restore full access.",phishing
"Good morning Carlos, here is the weekly status report for the week ending December 20. Please review and reply with your comments by Friday.",ham
"Good morning Jennifer, here is the weekly status report for the week ending next Monday. Please review and reply with your comments by Friday.",ham
"Hi Tom, this is your monthly account statement for the period ending April 5. Please review and contact us if you notice any discrepancies.",ham
"Hi Keiko, your leave request for Friday has been approved. Please coordinate with your team for coverage. Best, HR Team.",ham
"Dear team, please note the office will be closed on February 3 for the public holiday. Enjoy the long weekend everyone!",ham
"Hi team, reminder that the project deadline is Wednesday. Please update your tasks on the board by end of day. Thanks, Sunita",ham
URGENT: Your Apple account has been reported for suspicious activity. To avoid permanent suspension please click the link below within 24 hours and verify your personal information including your date of birth and account password.,phishing
"SECURITY ALERT: Your LinkedIn account was accessed from an unknown device in Vietnam. If this was not you please click here immediately to secure your account, reset your credentials, and review your recent activity.",phishing
"Lose 30 pounds in 30 days with this one weird trick doctors hate! 100% natural solution, no exercise needed. Order your FREE trial today!",spam
"Dear Sarah, thank you for your payment of $179. Your receipt number is #32838. Please keep this for your records.",ham
Double your Bitcoin investment in 24 hours! Guaranteed returns of 200 percent. Our AI trading bot has never lost. Invest $9990 and get $18897 back!,spam
URGENT: Your PayPal account has been reported for suspicious activity. To avoid permanent suspension please click the link below within 24 hours and verify your personal information including your date of birth and account password.,phishing
"Dear David, congratulations on completing 5 years with our company! Your loyalty award certificate is attached. Thank you for your dedication.",ham
"Hi Mohamed, just following up on our meeting scheduled for December 20. Please find the agenda attached. Let me know if you have any questions. Best regards, Sunita",ham
"Dear Jennifer, please find attached the contract for review. Kindly sign and return by February 3. Let us know if you need any amendments.",ham
"Hi Sarah, following our phone call today I am sending the summary of action items we discussed. Please review and confirm.",ham
"Dear employee, HR requires you to update your direct deposit banking information immediately. Please click the secure link below and enter your bank account number and routing number by end of business day to ensure your payroll is not disrupted.",phishing
You have been pre-approved for a personal loan of $1239! No credit check required. Apply online in 2 minutes. Get cash deposited today!,spam
Your Dropbox account password will expire in 24 hours. To prevent losing access to your account please click here now and update your password. Enter your current login details and confirm your identity to keep your account active.,phishing
"Hi Sarah, I am writing to confirm the details of the conference call on December 20 at 11:00 AM. The dial-in number will be shared separately.",ham
You have won a $1263 gift card! To claim your exclusive reward click the link below before it expires in 24 hours. Do not miss this deal!,spam
BULK DISCOUNT OFFER: Buy cheap medications online without prescription. Special discount available for bulk orders. No doctor needed. Order now!,spam
"Dear customer, we were unable to deliver your package. To reschedule delivery please click here and confirm your delivery address and provide your credit card details for the small redelivery fee of $2.99.",phishing
Double your Bitcoin investment in 24 hours! Guaranteed returns of 200 percent. Our AI trading bot has never lost. Invest $2362 and get $16582 back!,spam
"Dear Robert, thank you for your payment of $4410. Your receipt number is #46842. Please keep this for your records.",ham
"Hi Keiko, the updated employee handbook is now available on the company intranet. Please read section 4 regarding the new remote work policy.",ham
"Dear Sarah, your IT support ticket #98705 has been resolved. Please confirm if the issue is fixed by replying to this email.",ham
"Hello Sarah, the quarterly report for Q3 is now ready. Please review it before our team discussion on Wednesday.",ham
"Dear TD Bank account holder, your debit card has been blocked due to suspicious transactions totaling $99. Please click the link below and enter your card number, expiry date, and PIN to unblock your card immediately.",phishing
"Hello Robert, your annual performance review is scheduled for February 3 at 4:00 PM. Please prepare a brief self-assessment beforehand.",ham
"Hello James, the quarterly report for Q1 is now ready. Please review it before our team discussion on February 3.",ham
Your Apple ID has been locked for security reasons. Someone attempted to sign in to your account from Brazil. To unlock your account click here and enter your Apple ID credentials and payment card information.,phishing
"Good morning Tom, here is the weekly status report for the week ending April 5. Please review and reply with your comments by Friday.",ham
Your computer is infected with viruses! Download our FREE antivirus software now to protect your personal data and banking information!,spam
WORK FROM HOME OPPORTUNITY! Earn $5634 per month packaging products at home. No experience required. Free starter kit included!,spam
CONGRATULATIONS! Your email was randomly selected for our grand prize draw. You have won $1405. Claim your winnings by clicking here now!,spam
"IMPORTANT NOTICE from TD Bank: We have updated our online banking security policy. All customers must re-confirm their account credentials by clicking this link and entering their username, password, and one-time PIN before Friday.",phishing
Your computer is infected with viruses! Download our FREE antivirus software now to protect your personal data and banking information!,spam
"IMPORTANT NOTICE from Citibank: We have updated our online banking security policy. All customers must re-confirm their account credentials by clicking this link and entering their username, password, and one-time PIN before January 15.",phishing
"Dear team, please note the office will be closed on Monday for the public holiday. Enjoy the long weekend everyone!",ham
"Dear David, please find attached the contract for review. Kindly sign and return by January 15. Let us know if you need any amendments.",ham
"Dear Mohamed, your IT support ticket #20498 has been resolved. Please confirm if the issue is fixed by replying to this email.",ham
"Hi Robert, I wanted to share the latest project update. We are on track for the February 3 delivery milestone. Great work everyone!",ham
"Dear Aisha, we are pleased to inform you that your job application has moved to the next stage. We will be in touch by Monday.",ham
"Hi Robert, this is your monthly account statement for the period ending Tuesday. Please review and contact us if you notice any discrepancies.",ham
"Dear customer, we were unable to deliver your package. To reschedule delivery please click here and confirm your delivery address and provide your credit card details for the small redelivery fee of $2.99.",phishing
"Hi Carlos, your leave request for Thursday has been approved. Please coordinate with your team for coverage. Best, HR Team.",ham
"Good morning Jennifer, here is the weekly status report for the week ending Thursday. Please review and reply with your comments by Friday.",ham
CONGRATULATIONS! Your email was randomly selected for our grand prize draw. You have won $9585. Claim your winnings by clicking here now!,spam
"Hi Robert, just following up on our meeting scheduled for March 10. Please find the agenda attached. Let me know if you have any questions. Best regards, Maria",ham
Earn passive income with our proven system. Thousands already earning $6746 per day from home. Join free and start making money immediately!,spam
Double your Bitcoin investment in 24 hours! Guaranteed returns of 200 percent. Our AI trading bot has never lost. Invest $9387 and get $8468 back!,spam
"ACCOUNT VERIFICATION REQUIRED: Dear Chase member, as part of our mandatory security upgrade all customers must re-verify their account details. Click here and enter your account number, online banking password and security answers immediately.",phishing
BULK DISCOUNT OFFER: Buy cheap medications online without prescription. Special discount available for bulk orders. No doctor needed. Order now!,spam
"Dear Chris, thank you for your payment of $4956. Your receipt number is #51961. Please keep this for your records.",ham
"Dear colleague, please join us for the department meeting on Wednesday at 9:00 AM in Conference Room 20. Attendance is mandatory.",ham
URGENT: Your account will be suspended in 24 hours. Click here immediately to verify your information and prevent permanent service disruption.,spam
"Hi Priya, your order #14250 has been shipped and will arrive by December 20. Track your package using the link in your account portal.",ham
"Dear Ravi, please find attached the contract for review. Kindly sign and return by December 20. Let us know if you need any amendments.",ham
Exclusive investment opportunity with guaranteed returns. Secret formula used by top Wall Street insiders. Only limited spots remaining today!,spam
"Hi Aisha, following our phone call today I am sending the summary of action items we discussed. Please review and confirm.",ham
"Lose 30 pounds in 30 days with this one weird trick doctors hate! 100% natural solution, no exercise needed. Order your FREE trial today!",spam
Earn passive income with our proven system. Thousands already earning $4085 per day from home. Join free and start making money immediately!,spam
WORK FROM HOME OPPORTUNITY! Earn $9261 per month packaging products at home. No experience required. Free starter kit included!,spam
"Hello Ravi, your annual performance review is scheduled for Tuesday at 2:00 PM. Please prepare a brief self-assessment beforehand.",ham
Your Amazon account has been flagged for security review. An unauthorized purchase of $1249 was attempted from your account. Please verify your identity by clicking here and entering your account credentials and payment information.,phishing
"Hi Carlos, your order #57622 has been shipped and will arrive by Wednesday. Track your package using the link in your account portal.",ham
You have won a $7361 gift card! To claim your exclusive reward click the link below before it expires in 24 hours. Do not miss this deal!,spam
IT Security Notification: Your Microsoft account will be permanently closed unless you verify your login details within 48 hours. Click here to sign in immediately and confirm your account information to avoid service interruption.,phishing
URGENT Netflix account suspended: We were unable to process your payment method. Please update your billing information immediately. Click here and enter your credit card details to reactivate your subscription and avoid losing your watchlist.,phishing
WORK FROM HOME OPPORTUNITY! Earn $1171 per month packaging products at home. No experience required. Free starter kit included!,spam
"Hi Tom, following our phone call today I am sending the summary of action items we discussed. Please review and confirm.",ham
"Hi Sarah, I am writing to confirm the details of the conference call on December 20 at 11:00 AM. The dial-in number will be shared separately.",ham
Your Amazon account has been flagged for security review. An unauthorized purchase of $376 was attempted from your account. Please verify your identity by clicking here and entering your account credentials and payment information.,phishing
"Hello Priya, the server maintenance window is scheduled for Wednesday at 3:30 PM. Expect downtime of approximately 2 hours. Plan accordingly.",ham
WORK FROM HOME OPPORTUNITY! Earn $3180 per month packaging products at home. No experience required. Free starter kit included!,spam
WIN a FREE smartphone! You are today's lucky visitor number one million. Spin the wheel now and claim your prize before it expires!,spam
"SECURITY ALERT: Your Apple account was accessed from an unknown device in Brazil. If this was not you please click here immediately to secure your account, reset your credentials, and review your recent activity.",phishing
CONGRATULATIONS! Your email was randomly selected for our grand prize draw. You have won $2718. Claim your winnings by clicking here now!,spam
"Dear Ravi, your appointment has been confirmed for Tuesday at 2:00 PM. Please bring a valid ID. Thank you for choosing us.",ham
Congratulations! You have been selected as our lucky winner! Claim your FREE prize of $9916 cash now. Click here to redeem before it expires. This is a limited time offer. Act NOW!,spam
CONGRATULATIONS! Your email was randomly selected for our grand prize draw. You have won $3367. Claim your winnings by clicking here now!,spam
SYSTEM ALERT: Your email inbox is over its storage limit. Your account will be deactivated in 24 hours. Click here and sign in with your email and password to upgrade your storage and prevent losing all your emails and contacts.,phishing
"Dear Chris, we are pleased to inform you that your job application has moved to the next stage. We will be in touch by Wednesday.",ham
"Hi Aisha, the updated employee handbook is now available on the company intranet. Please read section 4 regarding the new remote work policy.",ham
"IMPORTANT NOTICE from Chase: We have updated our online banking security policy. All customers must re-confirm their account credentials by clicking this link and entering their username, password, and one-time PIN before January 15.",phishing
Increase your sales by 500 percent! Our bulk email marketing database has thousands of verified leads. Buy now and start earning today!,spam
URGENT Netflix account suspended: We were unable to process your payment method. Please update your billing information immediately. Click here and enter your credit card details to reactivate your subscription and avoid losing your watchlist.,phishing
Hot singles near you want to meet! Click here to see their profiles FREE. Limited time access. Join our network now and find your match!,spam
"Hello Mohamed, this is a reminder to complete the mandatory compliance training by February 3. Log in to the portal to start the modules.",ham
"Hi Jennifer, your order #25004 has been shipped and will arrive by January 15. Track your package using the link in your account portal.",ham
"Hi Priya, I wanted to share the latest project update. We are on track for the January 15 delivery milestone. Great work everyone!",ham
WIN a FREE smartphone! You are today's lucky visitor number one million. Spin the wheel now and claim your prize before it expires!,spam
"Hi Keiko, your leave request for Thursday has been approved. Please coordinate with your team for coverage. Best, HR Team.",ham
Increase your sales by 500 percent! Our bulk email marketing database has thousands of verified leads. Buy now and start earning today!,spam
You have been pre-approved for a personal loan of $6050! No credit check required. Apply online in 2 minutes. Get cash deposited today!,spam
"Lose 30 pounds in 30 days with this one weird trick doctors hate! 100% natural solution, no exercise needed. Order your FREE trial today!",spam
CONGRATULATIONS! Your email was randomly selected for our grand prize draw. You have won $1434. Claim your winnings by clicking here now!,spam
Earn passive income with our proven system. Thousands already earning $2516 per day from home. Join free and start making money immediately!,spam
"Hello Priya, your subscription has been renewed successfully. Next billing date: Monday. Contact support if you have any questions.",ham
"Dear valued customer, your PayPal account has been limited due to suspicious activity. Please confirm your billing information by clicking the link below. You must provide your credit card number and social security number to restore full access.",phishing
"Hello Chris, this is a reminder to complete the mandatory compliance training by March 10. Log in to the portal to start the modules.",ham
FINAL NOTICE: You owe a tax debt of $8007. Call immediately to avoid legal action and wage garnishment. This is your last warning.,spam
You have been pre-approved for a personal loan of $3924! No credit check required. Apply online in 2 minutes. Get cash deposited today!,spam
Your Amazon account has been flagged for security review. An unauthorized purchase of $1266 was attempted from your account. Please verify your identity by clicking here and entering your account credentials and payment information.,phishing
"Dear Priya, your appointment has been confirmed for February 3 at 2:00 PM. Please bring a valid ID. Thank you for choosing us.",ham
Earn passive income with our proven system. Thousands already earning $2881 per day from home. Join free and start making money immediately!,spam
"Hi Ravi, I am writing to confirm the details of the conference call on December 20 at 9:00 AM. The dial-in number will be shared separately.",ham
Get out of debt fast! We settle credit card debt for pennies on the dollar. Guaranteed results. Call now for your free consultation today!,spam
"SECURITY ALERT: Your Microsoft account was accessed from an unknown device in Russia. If this was not you please click here immediately to secure your account, reset your credentials, and review your recent activity.",phishing
FINAL NOTICE: You owe a tax debt of $7940. Call immediately to avoid legal action and wage garnishment. This is your last warning.,spam
Tax Refund Notification from the IRS: You are eligible for a tax refund of $581. To receive your refund please click here and enter your social security number and bank account details within 48 hours before the claim expires.,phishing
"Hi Emma, your order #40389 has been shipped and will arrive by next Monday. Track your package using the link in your account portal.",ham
"Dear Mohamed, thank you for your payment of $3516. Your receipt number is #59412. Please keep this for your records.",ham
"Hello James, your subscription has been renewed successfully. Next billing date: December 20. Contact support if you have any questions.",ham
WIN a FREE smartphone! You are today's lucky visitor number one million. Spin the wheel now and claim your prize before it expires!,spam
"Good morning Keiko, here is the weekly status report for the week ending April 5. Please review and reply with your comments by Friday.",ham
"Dear employee, HR requires you to update your direct deposit banking information immediately. Please click the secure link below and enter your bank account number and routing number by end of business day to ensure your payroll is not disrupted.",phishing
"Dear customer, your Bank of America credit card ending in 9034 has been used for an unauthorized transaction of $1236 at Vietnam. If you did not make this purchase click here immediately and enter your full card details to dispute the charge.",phishing
URGENT: Your account will be suspended in 24 hours. Click here immediately to verify your information and prevent permanent service disruption.,spam
Make money from home! Earn up to $1763 per week working just 2 hours a day. No experience needed. 100% guaranteed income. Subscribe FREE today!,spam
"Dear Mohamed, your IT support ticket #78650 has been resolved. Please confirm if the issue is fixed by replying to this email.",ham
Special bulk offer just for you! Cheap prescription drugs shipped discreetly worldwide. No questions asked. Order now for free shipping!,spam
URGENT: Your account will be suspended in 24 hours. Click here immediately to verify your information and prevent permanent service disruption.,spam
You have won a $1167 gift card! To claim your exclusive reward click the link below before it expires in 24 hours. Do not miss this deal!,spam
You have won a $9738 gift card! To claim your exclusive reward click the link below before it expires in 24 hours. Do not miss this deal!,spam
"Dear valued customer, your PayPal account has been limited due to suspicious activity. Please confirm your billing information by clicking the link below. You must provide your credit card number and social security number to restore full access.",phishing
FINAL SECURITY WARNING: Your email account has been compromised and your password exposed. Hackers currently have access. Click here immediately and enter your current credentials so our security team can help you secure your account.,phishing
"Dear Robert, the invoice #68536 for $1932 is attached. Payment is due by Wednesday. Thank you for your continued business.",ham
"SECURITY ALERT: Your Dropbox account was accessed from an unknown device in Russia. If this was not you please click here immediately to secure your account, reset your credentials, and review your recent activity.",phishing
"Dear Robert, your appointment has been confirmed for Tuesday at 3:30 PM. Please bring a valid ID. Thank you for choosing us.",ham
"Dear colleague, please join us for the department meeting on Friday at 9:00 AM in Conference Room 19. Attendance is mandatory.",ham
Special bulk offer just for you! Cheap prescription drugs shipped discreetly worldwide. No questions asked. Order now for free shipping!,spam
Exclusive investment opportunity with guaranteed returns. Secret formula used by top Wall Street insiders. Only limited spots remaining today!,spam
WIN a FREE smartphone! You are today's lucky visitor number one million. Spin the wheel now and claim your prize before it expires!,spam
"Hi Emma, your order #85047 has been shipped and will arrive by Wednesday. Track your package using the link in your account portal.",ham
"Hi Sarah, the code review for PR #56447 has been completed. Please address the inline comments and re-submit for final approval.",ham
URGENT: Your account will be suspended in 24 hours. Click here immediately to verify your information and prevent permanent service disruption.,spam
Earn passive income with our proven system. Thousands already earning $4718 per day from home. Join free and start making money immediately!,spam
"Hello Robert, your subscription has been renewed successfully. Next billing date: next Monday. Contact support if you have any questions.",ham
"Hello Sarah, the quarterly report for Q3 is now ready. Please review it before our team discussion on February 3.",ham
Exclusive investment opportunity with guaranteed returns. Secret formula used by top Wall Street insiders. Only limited spots remaining today!,spam
"Dear employee, HR requires you to update your direct deposit banking information immediately. Please click the secure link below and enter your bank account number and routing number by end of business day to ensure your payroll is not disrupted.",phishing
"Hi Keiko, I wanted to share the latest project update. We are on track for the Wednesday delivery milestone. Great work everyone!",ham
WORK FROM HOME OPPORTUNITY! Earn $5815 per month packaging products at home. No experience required. Free starter kit included!,spam
IT Security Notification: Your Microsoft account will be permanently closed unless you verify your login details within 48 hours. Click here to sign in immediately and confirm your account information to avoid service interruption.,phishing
You have been pre-approved for a personal loan of $6310! No credit check required. Apply online in 2 minutes. Get cash deposited today!,spam
"Hi Tom, I am writing to confirm the details of the conference call on March 10 at 4:00 PM. The dial-in number will be shared separately.",ham
Exclusive investment opportunity with guaranteed returns. Secret formula used by top Wall Street insiders. Only limited spots remaining today!,spam
Tax Refund Notification from the IRS: You are eligible for a tax refund of $1377. To receive your refund please click here and enter your social security number and bank account details within 48 hours before the claim expires.,phishing
"Hi James, following our phone call today I am sending the summary of action items we discussed. Please review and confirm.",ham
URGENT: Your account will be suspended in 24 hours. Click here immediately to verify your information and prevent permanent service disruption.,spam
You have been pre-approved for a personal loan of $3127! No credit check required. Apply online in 2 minutes. Get cash deposited today!,spam
"Hello Jennifer, your annual performance review is scheduled for Thursday at 4:00 PM. Please prepare a brief self-assessment beforehand.",ham
"Hi Aisha, I am writing to confirm the details of the conference call on December 20 at 4:00 PM. The dial-in number will be shared separately.",ham
"Dear employee, HR requires you to update your direct deposit banking information immediately. Please click the secure link below and enter your bank account number and routing number by end of business day to ensure your payroll is not disrupted.",phishing
FINAL SECURITY WARNING: Your email account has been compromised and your password exposed. Hackers currently have access. Click here immediately and enter your current credentials so our security team can help you secure your account.,phishing
Tax Refund Notification from the IRS: You are eligible for a tax refund of $320. To receive your refund please click here and enter your social security number and bank account details within 48 hours before the claim expires.,phishing
"Hi Priya, this is your monthly account statement for the period ending Wednesday. Please review and contact us if you notice any discrepancies.",ham
Make money from home! Earn up to $4237 per week working just 2 hours a day. No experience needed. 100% guaranteed income. Subscribe FREE today!,spam
Tax Refund Notification from the IRS: You are eligible for a tax refund of $1790. To receive your refund please click here and enter your social security number and bank account details within 48 hours before the claim expires.,phishing
IT Security Notification: Your Microsoft account will be permanently closed unless you verify your login details within 48 hours. Click here to sign in immediately and confirm your account information to avoid service interruption.,phishing
"Dear Facebook Premium subscriber, your payment of $115 has failed. To avoid losing your premium benefits please click here and update your payment method by entering your new credit card number and billing address.",phishing
Exclusive investment opportunity with guaranteed returns. Secret formula used by top Wall Street insiders. Only limited spots remaining today!,spam
Get out of debt fast! We settle credit card debt for pennies on the dollar. Guaranteed results. Call now for your free consultation today!,spam
"Hi Sarah, the updated employee handbook is now available on the company intranet. Please read section 4 regarding the new remote work policy.",ham
CONGRATULATIONS! Your email was randomly selected for our grand prize draw. You have won $5693. Claim your winnings by clicking here now!,spam
"Hi Chris, this is your monthly account statement for the period ending January 15. Please review and contact us if you notice any discrepancies.",ham
"Dear Robert, thank you for your payment of $1137. Your receipt number is #42725. Please keep this for your records.",ham
Increase your sales by 500 percent! Our bulk email marketing database has thousands of verified leads. Buy now and start earning today!,spam
Make money from home! Earn up to $1600 per week working just 2 hours a day. No experience needed. 100% guaranteed income. Subscribe FREE today!,spam
"Dear Instagram user, your account storage is 99 percent full and your account will be suspended. Upgrade now for free by verifying your account credentials. Click here and enter your login and credit card information to claim free storage.",phishing
"Hello Emma, the server maintenance window is scheduled for next Monday at 9:00 AM. Expect downtime of approximately 2 hours. Plan accordingly.",ham
"Dear customer, we were unable to deliver your package. To reschedule delivery please click here and confirm your delivery address and provide your credit card details for the small redelivery fee of $2.99.",phishing
FINAL SECURITY WARNING: Your email account has been compromised and your password exposed. Hackers currently have access. Click here immediately and enter your current credentials so our security team can help you secure your account.,phishing
You have been pre-approved for a personal loan of $9153! No credit check required. Apply online in 2 minutes. Get cash deposited today!,spam
"Dear PayPal Premium subscriber, your payment of $550 has failed. To avoid losing your premium benefits please click here and update your payment method by entering your new credit card number and billing address.",phishing
"Herbal supplements that actually work! Boost energy, lose weight, and improve performance. Doctor recommended. Order now with free shipping!",spam
Congratulations! You have been selected as our lucky winner! Claim your FREE prize of $9703 cash now. Click here to redeem before it expires. This is a limited time offer. Act NOW!,spam
"Dear valued customer, your PayPal account has been limited due to suspicious activity. Please confirm your billing information by clicking the link below. You must provide your credit card number and social security number to restore full access.",phishing
Double your Bitcoin investment in 24 hours! Guaranteed returns of 200 percent. Our AI trading bot has never lost. Invest $2600 and get $4711 back!,spam
"Dear customer, we were unable to deliver your package. To reschedule delivery please click here and confirm your delivery address and provide your credit card details for the small redelivery fee of $2.99.",phishing
"Hi Ravi, the code review for PR #21233 has been completed. Please address the inline comments and re-submit for final approval.",ham
"Hello James, the server maintenance window is scheduled for Tuesday at 3:30 PM. Expect downtime of approximately 2 hours. Plan accordingly.",ham
Congratulations! You have been selected as our lucky winner! Claim your FREE prize of $7277 cash now. Click here to redeem before it expires. This is a limited time offer. Act NOW!,spam
Earn passive income with our proven system. Thousands already earning $6558 per day from home. Join free and start making money immediately!,spam
"ACCOUNT VERIFICATION REQUIRED: Dear Bank of America member, as part of our mandatory security upgrade all customers must re-verify their account details. Click here and enter your account number, online banking password and security answers immediately.",phishing
"IMPORTANT NOTICE from HDFC Bank: We have updated our online banking security policy. All customers must re-confirm their account credentials by clicking this link and entering their username, password, and one-time PIN before March 10.",phishing
"Dear TD Bank account holder, your debit card has been blocked due to suspicious transactions totaling $431. Please click the link below and enter your card number, expiry date, and PIN to unblock your card immediately.",phishing
"Hello Robert, your subscription has been renewed successfully. Next billing date: Friday. Contact support if you have any questions.",ham
CONGRATULATIONS! Your email was randomly selected for our grand prize draw. You have won $7793. Claim your winnings by clicking here now!,spam
"Herbal supplements that actually work! Boost energy, lose weight, and improve performance. Doctor recommended. Order now with free shipping!",spam
"Good morning Tom, here is the weekly status report for the week ending Tuesday. Please review and reply with your comments by Friday.",ham
"Hello David, your annual performance review is scheduled for Monday at 2:00 PM. Please prepare a brief self-assessment beforehand.",ham
"Dear colleague, please join us for the department meeting on April 5 at 9:00 AM in Conference Room 11. Attendance is mandatory.",ham
"Dear Tom, please find attached the contract for review. Kindly sign and return by Wednesday. Let us know if you need any amendments.",ham
Tax Refund Notification from the IRS: You are eligible for a tax refund of $284. To receive your refund please click here and enter your social security number and bank account details within 48 hours before the claim expires.,phishing
"Hi team, reminder that the project deadline is Wednesday. Please update your tasks on the board by end of day. Thanks, Sunita",ham
"Dear Apple Premium subscriber, your payment of $550 has failed. To avoid losing your premium benefits please click here and update your payment method by entering your new credit card number and billing address.",phishing
Double your Bitcoin investment in 24 hours! Guaranteed returns of 200 percent. Our AI trading bot has never lost. Invest $1446 and get $3306 back!,spam
"Hi Carlos, this is your monthly account statement for the period ending Wednesday. Please review and contact us if you notice any discrepancies.",ham
"Hello Tom, this is a reminder to complete the mandatory compliance training by April 5. Log in to the portal to start the modules.",ham
"Hello Ravi, your annual performance review is scheduled for Friday at 4:00 PM. Please prepare a brief self-assessment beforehand.",ham
"Hi Jennifer, following our phone call today I am sending the summary of action items we discussed. Please review and confirm.",ham
"Hi Carlos, this is your monthly account statement for the period ending Tuesday. Please review and contact us if you notice any discrepancies.",ham
"Hi Jennifer, your order #94562 has been shipped and will arrive by April 5. Track your package using the link in your account portal.",ham
SYSTEM ALERT: Your email inbox is over its storage limit. Your account will be deactivated in 24 hours. Click here and sign in with your email and password to upgrade your storage and prevent losing all your emails and contacts.,phishing
"Hello Mohamed, this is a reminder to complete the mandatory compliance training by April 5. Log in to the portal to start the modules.",ham
Get out of debt fast! We settle credit card debt for pennies on the dollar. Guaranteed results. Call now for your free consultation today!,spam
FINAL NOTICE: You owe a tax debt of $9295. Call immediately to avoid legal action and wage garnishment. This is your last warning.,spam
"Dear Chris, we are pleased to inform you that your job application has moved to the next stage. We will be in touch by Wednesday.",ham
"Hi Robert, your order #19521 has been shipped and will arrive by January 15. Track your package using the link in your account portal.",ham
IT Security Notification: Your Microsoft account will be permanently closed unless you verify your login details within 48 hours. Click here to sign in immediately and confirm your account information to avoid service interruption.,phishing
"Hi Emma, I am writing to confirm the details of the conference call on Thursday at 11:00 AM. The dial-in number will be shared separately.",ham
WORK FROM HOME OPPORTUNITY! Earn $7911 per month packaging products at home. No experience required. Free starter kit included!,spam
"Hi Keiko, your leave request for March 10 has been approved. Please coordinate with your team for coverage. Best, HR Team.",ham
"Hi David, this is your monthly account statement for the period ending next Monday. Please review and contact us if you notice any discrepancies.",ham
"Dear valued customer, your PayPal account has been limited due to suspicious activity. Please confirm your billing information by clicking the link below. You must provide your credit card number and social security number to restore full access.",phishing
"Hi Carlos, I wanted to share the latest project update. We are on track for the Friday delivery milestone. Great work everyone!",ham
"Dear valued customer, your PayPal account has been limited due to suspicious activity. Please confirm your billing information by clicking the link below. You must provide your credit card number and social security number to restore full access.",phishing
Special bulk offer just for you! Cheap prescription drugs shipped discreetly worldwide. No questions asked. Order now for free shipping!,spam
"Hi Sarah, your order #78506 has been shipped and will arrive by December 20. Track your package using the link in your account portal.",ham
Tax Refund Notification from the IRS: You are eligible for a tax refund of $471. To receive your refund please click here and enter your social security number and bank account details within 48 hours before the claim expires.,phishing
Your Apple ID has been locked for security reasons. Someone attempted to sign in to your account from Brazil. To unlock your account click here and enter your Apple ID credentials and payment card information.,phishing
You have won a $6726 gift card! To claim your exclusive reward click the link below before it expires in 24 hours. Do not miss this deal!,spam
"Hello Chris, your subscription has been renewed successfully. Next billing date: Friday. Contact support if you have any questions.",ham
Earn passive income with our proven system. Thousands already earning $2789 per day from home. Join free and start making money immediately!,spam
URGENT: Your Netflix account has been reported for suspicious activity. To avoid permanent suspension please click the link below within 24 hours and verify your personal information including your date of birth and account password.,phishing
"Dear Aisha, congratulations on completing 5 years with our company! Your loyalty award certificate is attached. Thank you for your dedication.",ham
"Dear James, we are pleased to inform you that your job application has moved to the next stage. We will be in touch by March 10.",ham
FINAL NOTICE: You owe a tax debt of $9293. Call immediately to avoid legal action and wage garnishment. This is your last warning.,spam
"Herbal supplements that actually work! Boost energy, lose weight, and improve performance. Doctor recommended. Order now with free shipping!",spam
"Hello Tom, your subscription has been renewed successfully. Next billing date: April 5. Contact support if you have any questions.",ham
You have been pre-approved for a personal loan of $2567! No credit check required. Apply online in 2 minutes. Get cash deposited today!,spam
WIN a FREE smartphone! You are today's lucky visitor number one million. Spin the wheel now and claim your prize before it expires!,spam
"Dear SBI Customer, we have detected unusual activity on your account. Your account has been temporarily suspended. Please verify your identity immediately by clicking the link below and entering your login credentials. Failure to verify within 24 hours will result in permanent account closure and loss of funds.",phishing
Hot singles near you want to meet! Click here to see their profiles FREE. Limited time access. Join our network now and find your match!,spam
Your Apple ID has been locked for security reasons. Someone attempted to sign in to your account from China. To unlock your account click here and enter your Apple ID credentials and payment card information.,phishing
"Hello Keiko, your annual performance review is scheduled for next Monday at 10:30 AM. Please prepare a brief self-assessment beforehand.",ham
Tax Refund Notification from the IRS: You are eligible for a tax refund of $596. To receive your refund please click here and enter your social security number and bank account details within 48 hours before the claim expires.,phishing
"Hi Jennifer, your order #41182 has been shipped and will arrive by Wednesday. Track your package using the link in your account portal.",ham
"Dear customer, your SBI credit card ending in 1294 has been used for an unauthorized transaction of $1569 at Eastern Europe. If you did not make this purchase click here immediately and enter your full card details to dispute the charge.",phishing
"Hello Mohamed, the quarterly report for Q1 is now ready. Please review it before our team discussion on April 5.",ham
"Hi Linda, your leave request for Friday has been approved. Please coordinate with your team for coverage. Best, HR Team.",ham
"Hi Jennifer, the code review for PR #15572 has been completed. Please address the inline comments and re-submit for final approval.",ham
FINAL SECURITY WARNING: Your email account has been compromised and your password exposed. Hackers currently have access. Click here immediately and enter your current credentials so our security team can help you secure your account.,phishing
"Dear Citibank account holder, your debit card has been blocked due to suspicious transactions totaling $1342. Please click the link below and enter your card number, expiry date, and PIN to unblock your card immediately.",phishing
URGENT: Your Dropbox account has been reported for suspicious activity. To avoid permanent suspension please click the link below within 24 hours and verify your personal information including your date of birth and account password.,phishing
Your Amazon account has been flagged for security review. An unauthorized purchase of $1733 was attempted from your account. Please verify your identity by clicking here and entering your account credentials and payment information.,phishing
Tax Refund Notification from the IRS: You are eligible for a tax refund of $1601. To receive your refund please click here and enter your social security number and bank account details within 48 hours before the claim expires.,phishing
"Dear employee, HR requires you to update your direct deposit banking information immediately. Please click the secure link below and enter your bank account number and routing number by end of business day to ensure your payroll is not disrupted.",phishing
Exclusive investment opportunity with guaranteed returns. Secret formula used by top Wall Street insiders. Only limited spots remaining today!,spam
"Hi Tom, following our phone call today I am sending the summary of action items we discussed. Please review and confirm.",ham
"Hello Linda, your annual performance review is scheduled for March 10 at 11:00 AM. Please prepare a brief self-assessment beforehand.",ham
URGENT: Your Apple account has been reported for suspicious activity. To avoid permanent suspension please click the link below within 24 hours and verify your personal information including your date of birth and account password.,phishing
Special bulk offer just for you! Cheap prescription drugs shipped discreetly worldwide. No questions asked. Order now for free shipping!,spam
"Hi Tom, I wanted to share the latest project update. We are on track for the January 15 delivery milestone. Great work everyone!",ham
"Hello Ravi, the quarterly report for Q1 is now ready. Please review it before our team discussion on next Monday.",ham
WORK FROM HOME OPPORTUNITY! Earn $8992 per month packaging products at home. No experience required. Free starter kit included!,spam
Special bulk offer just for you! Cheap prescription drugs shipped discreetly worldwide. No questions asked. Order now for free shipping!,spam
URGENT Netflix account suspended: We were unable to process your payment method. Please update your billing information immediately. Click here and enter your credit card details to reactivate your subscription and avoid losing your watchlist.,phishing
You have won a $4428 gift card! To claim your exclusive reward click the link below before it expires in 24 hours. Do not miss this deal!,spam
WIN a FREE smartphone! You are today's lucky visitor number one million. Spin the wheel now and claim your prize before it expires!,spam
"Dear team, please note the office will be closed on Friday for the public holiday. Enjoy the long weekend everyone!",ham
"Dear team, please note the office will be closed on December 20 for the public holiday. Enjoy the long weekend everyone!",ham
"Hello Sarah, the server maintenance window is scheduled for March 10 at 11:00 AM. Expect downtime of approximately 2 hours. Plan accordingly.",ham
URGENT Netflix account suspended: We were unable to process your payment method. Please update your billing information immediately. Click here and enter your credit card details to reactivate your subscription and avoid losing your watchlist.,phishing
You have won a $5794 gift card! To claim your exclusive reward click the link below before it expires in 24 hours. Do not miss this deal!,spam
"Hi Jennifer, following our phone call today I am sending the summary of action items we discussed. Please review and confirm.",ham
"Dear Emma, the invoice #66317 for $2852 is attached. Payment is due by December 20. Thank you for your continued business.",ham
"Dear Jennifer, we are pleased to inform you that your job application has moved to the next stage. We will be in touch by Thursday.",ham
"Dear customer, we were unable to deliver your package. To reschedule delivery please click here and confirm your delivery address and provide your credit card details for the small redelivery fee of $2.99.",phishing
URGENT: Your account will be suspended in 24 hours. Click here immediately to verify your information and prevent permanent service disruption.,spam
You have won a $8121 gift card! To claim your exclusive reward click the link below before it expires in 24 hours. Do not miss this deal!,spam
Your Apple ID has been locked for security reasons. Someone attempted to sign in to your account from Brazil. To unlock your account click here and enter your Apple ID credentials and payment card information.,phishing
Increase your sales by 500 percent! Our bulk email marketing database has thousands of verified leads. Buy now and start earning today!,spam
Special bulk offer just for you! Cheap prescription drugs shipped discreetly worldwide. No questions asked. Order now for free shipping!,spam
"Dear valued customer, your PayPal account has been limited due to suspicious activity. Please confirm your billing information by clicking the link below. You must provide your credit card number and social security number to restore full access.",phishing
"Good morning Mohamed, here is the weekly status report for the week ending February 3. Please review and reply with your comments by Friday.",ham
"Hi Jennifer, I am writing to confirm the details of the conference call on April 5 at 3:30 PM. The dial-in number will be shared separately.",ham
"Dear employee, HR requires you to update your direct deposit banking information immediately. Please click the secure link below and enter your bank account number and routing number by end of business day to ensure your payroll is not disrupted.",phishing
"Hi Robert, your order #85775 has been shipped and will arrive by Thursday. Track your package using the link in your account portal.",ham
"Hi team, reminder that the project deadline is Wednesday. Please update your tasks on the board by end of day. Thanks, Jennifer",ham
BULK DISCOUNT OFFER: Buy cheap medications online without prescription. Special discount available for bulk orders. No doctor needed. Order now!,spam
FINAL NOTICE: You owe a tax debt of $2355. Call immediately to avoid legal action and wage garnishment. This is your last warning.,spam
"Hi Aisha, just following up on our meeting scheduled for Thursday. Please find the agenda attached. Let me know if you have any questions. Best regards, Maria",ham
You have been pre-approved for a personal loan of $6882! No credit check required. Apply online in 2 minutes. Get cash deposited today!,spam
"Hello Chris, your annual performance review is scheduled for March 10 at 3:30 PM. Please prepare a brief self-assessment beforehand.",ham
"Dear team, please note the office will be closed on March 10 for the public holiday. Enjoy the long weekend everyone!",ham
Earn passive income with our proven system. Thousands already earning $710 per day from home. Join free and start making money immediately!,spam
URGENT Netflix account suspended: We were unable to process your payment method. Please update your billing information immediately. Click here and enter your credit card details to reactivate your subscription and avoid losing your watchlist.,phishing
You have won a $6290 gift card! To claim your exclusive reward click the link below before it expires in 24 hours. Do not miss this deal!,spam
"Hi Carlos, your leave request for March 10 has been approved. Please coordinate with your team for coverage. Best, HR Team.",ham
"Hi Tom, just following up on our meeting scheduled for April 5. Please find the agenda attached. Let me know if you have any questions. Best regards, Paul",ham
You have won a $8213 gift card! To claim your exclusive reward click the link below before it expires in 24 hours. Do not miss this deal!,spam
"Hi Chris, this is your monthly account statement for the period ending next Monday. Please review and contact us if you notice any discrepancies.",ham
Your Amazon account has been flagged for security review. An unauthorized purchase of $1044 was attempted from your account. Please verify your identity by clicking here and entering your account credentials and payment information.,phishing
Special bulk offer just for you! Cheap prescription drugs shipped discreetly worldwide. No questions asked. Order now for free shipping!,spam
"Dear Sarah, we are pleased to inform you that your job application has moved to the next stage. We will be in touch by Wednesday.",ham
"Dear Dropbox Premium subscriber, your payment of $1602 has failed. To avoid losing your premium benefits please click here and update your payment method by entering your new credit card number and billing address.",phishing
BULK DISCOUNT OFFER: Buy cheap medications online without prescription. Special discount available for bulk orders. No doctor needed. Order now!,spam
"Hi Aisha, the updated employee handbook is now available on the company intranet. Please read section 4 regarding the new remote work policy.",ham
Make money from home! Earn up to $5643 per week working just 2 hours a day. No experience needed. 100% guaranteed income. Subscribe FREE today!,spam
"Dear Aisha, please find attached the contract for review. Kindly sign and return by Wednesday. Let us know if you need any amendments.",ham
Your computer is infected with viruses! Download our FREE antivirus software now to protect your personal data and banking information!,spam
"Hi Mohamed, your order #11493 has been shipped and will arrive by December 20. Track your package using the link in your account portal.",ham
"Herbal supplements that actually work! Boost energy, lose weight, and improve performance. Doctor recommended. Order now with free shipping!",spam
"Hi team, reminder that the project deadline is Thursday. Please update your tasks on the board by end of day. Thanks, Sunita",ham
"Dear Priya, we are pleased to inform you that your job application has moved to the next stage. We will be in touch by February 3.",ham
You have been pre-approved for a personal loan of $8772! No credit check required. Apply online in 2 minutes. Get cash deposited today!,spam
"Dear Aisha, congratulations on completing 5 years with our company! Your loyalty award certificate is attached. Thank you for your dedication.",ham
Your Amazon account has been flagged for security review. An unauthorized purchase of $1396 was attempted from your account. Please verify your identity by clicking here and entering your account credentials and payment information.,phishing
Special bulk offer just for you! Cheap prescription drugs shipped discreetly worldwide. No questions asked. Order now for free shipping!,spam
Make money from home! Earn up to $7509 per week working just 2 hours a day. No experience needed. 100% guaranteed income. Subscribe FREE today!,spam
"Dear Jennifer, your IT support ticket #79054 has been resolved. Please confirm if the issue is fixed by replying to this email.",ham
"Hi Aisha, this is your monthly account statement for the period ending January 15. Please review and contact us if you notice any discrepancies.",ham
IT Security Notification: Your Microsoft account will be permanently closed unless you verify your login details within 48 hours. Click here to sign in immediately and confirm your account information to avoid service interruption.,phishing
"Hello Aisha, the quarterly report for Q1 is now ready. Please review it before our team discussion on Wednesday.",ham
WORK FROM HOME OPPORTUNITY! Earn $7698 per month packaging products at home. No experience required. Free starter kit included!,spam
You have been pre-approved for a personal loan of $7104! No credit check required. Apply online in 2 minutes. Get cash deposited today!,spam
"Dear Sarah, please find attached the contract for review. Kindly sign and return by Tuesday. Let us know if you need any amendments.",ham
"Hello David, the server maintenance window is scheduled for Thursday at 3:30 PM. Expect downtime of approximately 2 hours. Plan accordingly.",ham
"Hello Sarah, this is a reminder to complete the mandatory compliance training by Monday. Log in to the portal to start the modules.",ham
"Hi Chris, this is your monthly account statement for the period ending Thursday. Please review and contact us if you notice any discrepancies.",ham
"SECURITY ALERT: Your Amazon account was accessed from an unknown device in Russia. If this was not you please click here immediately to secure your account, reset your credentials, and review your recent activity.",phishing
"Dear TD Bank Customer, we have detected unusual activity on your account. Your account has been temporarily suspended. Please verify your identity immediately by clicking the link below and entering your login credentials. Failure to verify within 24 hours will result in permanent account closure and loss of funds.",phishing
Make money from home! Earn up to $4405 per week working just 2 hours a day. No experience needed. 100% guaranteed income. Subscribe FREE today!,spam
Get out of debt fast! We settle credit card debt for pennies on the dollar. Guaranteed results. Call now for your free consultation today!,spam
"Dear Priya, please find attached the contract for review. Kindly sign and return by Monday. Let us know if you need any amendments.",ham
"Dear Apple Premium subscriber, your payment of $1507 has failed. To avoid losing your premium benefits please click here and update your payment method by entering your new credit card number and billing address.",phishing
"ACCOUNT VERIFICATION REQUIRED: Dear TD Bank member, as part of our mandatory security upgrade all customers must re-verify their account details. Click here and enter your account number, online banking password and security answers immediately.",phishing
"Dear Chase account holder, your debit card has been blocked due to suspicious transactions totaling $211. Please click the link below and enter your card number, expiry date, and PIN to unblock your card immediately.",phishing
"Dear TD Bank account holder, your debit card has been blocked due to suspicious transactions totaling $1137. Please click the link below and enter your card number, expiry date, and PIN to unblock your card immediately.",phishing
You have won a $1510 gift card! To claim your exclusive reward click the link below before it expires in 24 hours. Do not miss this deal!,spam
"Herbal supplements that actually work! Boost energy, lose weight, and improve performance. Doctor recommended. Order now with free shipping!",spam
"Lose 30 pounds in 30 days with this one weird trick doctors hate! 100% natural solution, no exercise needed. Order your FREE trial today!",spam
"Dear Priya, please find attached the contract for review. Kindly sign and return by February 3. Let us know if you need any amendments.",ham
"Dear Robert, your IT support ticket #41890 has been resolved. Please confirm if the issue is fixed by replying to this email.",ham
"Dear Google Premium subscriber, your payment of $422 has failed. To avoid losing your premium benefits please click here and update your payment method by entering your new credit card number and billing address.",phishing
"Dear colleague, please join us for the department meeting on Thursday at 9:00 AM in Conference Room 16. Attendance is mandatory.",ham
"Dear Aisha, we are pleased to inform you that your job application has moved to the next stage. We will be in touch by next Monday.",ham
"Dear valued customer, your PayPal account has been limited due to suspicious activity. Please confirm your billing information by clicking the link below. You must provide your credit card number and social security number to restore full access.",phishing
"Hi Linda, I am writing to confirm the details of the conference call on Friday at 4:00 PM. The dial-in number will be shared separately.",ham
"Dear Aisha, congratulations on completing 5 years with our company! Your loyalty award certificate is attached. Thank you for your dedication.",ham
"Herbal supplements that actually work! Boost energy, lose weight, and improve performance. Doctor recommended. Order now with free shipping!",spam
URGENT: Your Facebook account has been reported for suspicious activity. To avoid permanent suspension please click the link below within 24 hours and verify your personal information including your date of birth and account password.,phishing
"Hi Emma, just following up on our meeting scheduled for March 10. Please find the agenda attached. Let me know if you have any questions. Best regards, Michael",ham
BULK DISCOUNT OFFER: Buy cheap medications online without prescription. Special discount available for bulk orders. No doctor needed. Order now!,spam
"Dear customer, your Wells Fargo credit card ending in 5601 has been used for an unauthorized transaction of $1233 at Nigeria. If you did not make this purchase click here immediately and enter your full card details to dispute the charge.",phishing
"Dear David, thank you for your payment of $3401. Your receipt number is #99744. Please keep this for your records.",ham
Your computer is infected with viruses! Download our FREE antivirus software now to protect your personal data and banking information!,spam
Get out of debt fast! We settle credit card debt for pennies on the dollar. Guaranteed results. Call now for your free consultation today!,spam
Make money from home! Earn up to $8139 per week working just 2 hours a day. No experience needed. 100% guaranteed income. Subscribe FREE today!,spam
"Hi Sarah, this is your monthly account statement for the period ending Tuesday. Please review and contact us if you notice any discrepancies.",ham
Your computer is infected with viruses! Download our FREE antivirus software now to protect your personal data and banking information!,spam
"Hello Tom, the quarterly report for Q4 is now ready. Please review it before our team discussion on January 15.",ham
Congratulations! You have been selected as our lucky winner! Claim your FREE prize of $7292 cash now. Click here to redeem before it expires. This is a limited time offer. Act NOW!,spam
"Dear HDFC Bank Customer, we have detected unusual activity on your account. Your account has been temporarily suspended. Please verify your identity immediately by clicking the link below and entering your login credentials. Failure to verify within 24 hours will result in permanent account closure and loss of funds.",phishing
"Dear colleague, please join us for the department meeting on Tuesday at 10:30 AM in Conference Room 10. Attendance is mandatory.",ham
"Hello Tom, the server maintenance window is scheduled for Tuesday at 4:00 PM. Expect downtime of approximately 2 hours. Plan accordingly.",ham
"Hi Carlos, the code review for PR #80239 has been completed. Please address the inline comments and re-submit for final approval.",ham
"Dear Priya, thank you for your payment of $4695. Your receipt number is #90263. Please keep this for your records.",ham
Your Amazon account has been flagged for security review. An unauthorized purchase of $1244 was attempted from your account. Please verify your identity by clicking here and entering your account credentials and payment information.,phishing
You have been pre-approved for a personal loan of $885! No credit check required. Apply online in 2 minutes. Get cash deposited today!,spam
"Dear team, please note the office will be closed on February 3 for the public holiday. Enjoy the long weekend everyone!",ham
Make money from home! Earn up to $2567 per week working just 2 hours a day. No experience needed. 100% guaranteed income. Subscribe FREE today!,spam
IT Security Notification: Your Microsoft account will be permanently closed unless you verify your login details within 48 hours. Click here to sign in immediately and confirm your account information to avoid service interruption.,phishing
URGENT: Your account will be suspended in 24 hours. Click here immediately to verify your information and prevent permanent service disruption.,spam
WIN a FREE smartphone! You are today's lucky visitor number one million. Spin the wheel now and claim your prize before it expires!,spam
Make money from home! Earn up to $747 per week working just 2 hours a day. No experience needed. 100% guaranteed income. Subscribe FREE today!,spam
"Dear Sarah, thank you for your payment of $3932. Your receipt number is #47988. Please keep this for your records.",ham
"Hi Jennifer, I wanted to share the latest project update. We are on track for the January 15 delivery milestone. Great work everyone!",ham
Hot singles near you want to meet! Click here to see their profiles FREE. Limited time access. Join our network now and find your match!,spam
"Dear Sarah, your appointment has been confirmed for Thursday at 3:30 PM. Please bring a valid ID. Thank you for choosing us.",ham
"Dear Carlos, the invoice #64230 for $229 is attached. Payment is due by January 15. Thank you for your continued business.",ham
"IMPORTANT NOTICE from HSBC: We have updated our online banking security policy. All customers must re-confirm their account credentials by clicking this link and entering their username, password, and one-time PIN before next Monday.",phishing
"Dear Microsoft Premium subscriber, your payment of $1703 has failed. To avoid losing your premium benefits please click here and update your payment method by entering your new credit card number and billing address.",phishing
Your computer is infected with viruses! Download our FREE antivirus software now to protect your personal data and banking information!,spam
FINAL NOTICE: You owe a tax debt of $1196. Call immediately to avoid legal action and wage garnishment. This is your last warning.,spam
"Hello Ravi, your subscription has been renewed successfully. Next billing date: Monday. Contact support if you have any questions.",ham
"Hello David, your subscription has been renewed successfully. Next billing date: Wednesday. Contact support if you have any questions.",ham
You have been pre-approved for a personal loan of $8947! No credit check required. Apply online in 2 minutes. Get cash deposited today!,spam
"Dear David, the invoice #23941 for $764 is attached. Payment is due by Thursday. Thank you for your continued business.",ham
Hot singles near you want to meet! Click here to see their profiles FREE. Limited time access. Join our network now and find your match!,spam
"Hello Linda, your subscription has been renewed successfully. Next billing date: April 5. Contact support if you have any questions.",ham
"Dear Mohamed, please find attached the contract for review. Kindly sign and return by January 15. Let us know if you need any amendments.",ham
"Hi Keiko, following our phone call today I am sending the summary of action items we discussed. Please review and confirm.",ham
"Dear Instagram Premium subscriber, your payment of $712 has failed. To avoid losing your premium benefits please click here and update your payment method by entering your new credit card number and billing address.",phishing
"Hi Sarah, the updated employee handbook is now available on the company intranet. Please read section 4 regarding the new remote work policy.",ham
FINAL SECURITY WARNING: Your email account has been compromised and your password exposed. Hackers currently have access. Click here immediately and enter your current credentials so our security team can help you secure your account.,phishing
Congratulations! You have been selected as our lucky winner! Claim your FREE prize of $8769 cash now. Click here to redeem before it expires. This is a limited time offer. Act NOW!,spam
"Hello James, this is a reminder to complete the mandatory compliance training by next Monday. Log in to the portal to start the modules.",ham
"IMPORTANT NOTICE from Citibank: We have updated our online banking security policy. All customers must re-confirm their account credentials by clicking this link and entering their username, password, and one-time PIN before February 3.",phishing
"Dear Chase Customer, we have detected unusual activity on your account. Your account has been temporarily suspended. Please verify your identity immediately by clicking the link below and entering your login credentials. Failure to verify within 24 hours will result in permanent account closure and loss of funds.",phishing
Tax Refund Notification from the IRS: You are eligible for a tax refund of $1312. To receive your refund please click here and enter your social security number and bank account details within 48 hours before the claim expires.,phishing
"Hi Ravi, the code review for PR #30070 has been completed. Please address the inline comments and re-submit for final approval.",ham
"Dear team, please note the office will be closed on February 3 for the public holiday. Enjoy the long weekend everyone!",ham
Make money from home! Earn up to $955 per week working just 2 hours a day. No experience needed. 100% guaranteed income. Subscribe FREE today!,spam
CONGRATULATIONS! Your email was randomly selected for our grand prize draw. You have won $1469. Claim your winnings by clicking here now!,spam
Special bulk offer just for you! Cheap prescription drugs shipped discreetly worldwide. No questions asked. Order now for free shipping!,spam
"Lose 30 pounds in 30 days with this one weird trick doctors hate! 100% natural solution, no exercise needed. Order your FREE trial today!",spam
"Hello Ravi, the server maintenance window is scheduled for December 20 at 3:30 PM. Expect downtime of approximately 2 hours. Plan accordingly.",ham
"Dear Aisha, please find attached the contract for review. Kindly sign and return by April 5. Let us know if you need any amendments.",ham
"Dear Ravi, your IT support ticket #69233 has been resolved. Please confirm if the issue is fixed by replying to this email.",ham
Your computer is infected with viruses! Download our FREE antivirus software now to protect your personal data and banking information!,spam
URGENT: Your account will be suspended in 24 hours. Click here immediately to verify your information and prevent permanent service disruption.,spam
"Hello Sarah, the quarterly report for Q4 is now ready. Please review it before our team discussion on Thursday.",ham
"Hello Carlos, the server maintenance window is scheduled for February 3 at 3:30 PM. Expect downtime of approximately 2 hours. Plan accordingly.",ham
"Dear Instagram Premium subscriber, your payment of $586 has failed. To avoid losing your premium benefits please click here and update your payment method by entering your new credit card number and billing address.",phishing
"Hello Aisha, the server maintenance window is scheduled for February 3 at 3:30 PM. Expect downtime of approximately 2 hours. Plan accordingly.",ham
"Dear Tom, please find attached the contract for review. Kindly sign and return by Wednesday. Let us know if you need any amendments.",ham
"Hello Aisha, the quarterly report for Q1 is now ready. Please review it before our team discussion on March 10.",ham
"Dear Sarah, thank you for your payment of $1704. Your receipt number is #92211. Please keep this for your records.",ham
Get out of debt fast! We settle credit card debt for pennies on the dollar. Guaranteed results. Call now for your free consultation today!,spam
"Hi David, I am writing to confirm the details of the conference call on December 20 at 11:00 AM. The dial-in number will be shared separately.",ham
"Dear Emma, thank you for your payment of $2714. Your receipt number is #72410. Please keep this for your records.",ham
"Dear SBI account holder, your debit card has been blocked due to suspicious transactions totaling $168. Please click the link below and enter your card number, expiry date, and PIN to unblock your card immediately.",phishing
WIN a FREE smartphone! You are today's lucky visitor number one million. Spin the wheel now and claim your prize before it expires!,spam
Hot singles near you want to meet! Click here to see their profiles FREE. Limited time access. Join our network now and find your match!,spam
Exclusive investment opportunity with guaranteed returns. Secret formula used by top Wall Street insiders. Only limited spots remaining today!,spam
"Hi Linda, I am writing to confirm the details of the conference call on Monday at 10:30 AM. The dial-in number will be shared separately.",ham
"Hi Keiko, I am writing to confirm the details of the conference call on Tuesday at 9:00 AM. The dial-in number will be shared separately.",ham
"Dear Carlos, thank you for your payment of $4016. Your receipt number is #58745. Please keep this for your records.",ham
"Dear Bank of America account holder, your debit card has been blocked due to suspicious transactions totaling $1233. Please click the link below and enter your card number, expiry date, and PIN to unblock your card immediately.",phishing
You have been pre-approved for a personal loan of $8927! No credit check required. Apply online in 2 minutes. Get cash deposited today!,spam
Congratulations! You have been selected as our lucky winner! Claim your FREE prize of $1403 cash now. Click here to redeem before it expires. This is a limited time offer. Act NOW!,spam
Your Amazon account has been flagged for security review. An unauthorized purchase of $1447 was attempted from your account. Please verify your identity by clicking here and entering your account credentials and payment information.,phishing
SYSTEM ALERT: Your email inbox is over its storage limit. Your account will be deactivated in 24 hours. Click here and sign in with your email and password to upgrade your storage and prevent losing all your emails and contacts.,phishing
BULK DISCOUNT OFFER: Buy cheap medications online without prescription. Special discount available for bulk orders. No doctor needed. Order now!,spam
Increase your sales by 500 percent! Our bulk email marketing database has thousands of verified leads. Buy now and start earning today!,spam
"Hi David, I wanted to share the latest project update. We are on track for the next Monday delivery milestone. Great work everyone!",ham
Your Amazon account has been flagged for security review. An unauthorized purchase of $1975 was attempted from your account. Please verify your identity by clicking here and entering your account credentials and payment information.,phishing
"Herbal supplements that actually work! Boost energy, lose weight, and improve performance. Doctor recommended. Order now with free shipping!",spam
URGENT: Your Instagram account has been reported for suspicious activity. To avoid permanent suspension please click the link below within 24 hours and verify your personal information including your date of birth and account password.,phishing
FINAL NOTICE: You owe a tax debt of $5805. Call immediately to avoid legal action and wage garnishment. This is your last warning.,spam
"Dear colleague, please join us for the department meeting on Monday at 2:00 PM in Conference Room 6. Attendance is mandatory.",ham
Your computer is infected with viruses! Download our FREE antivirus software now to protect your personal data and banking information!,spam
"Hello Tom, this is a reminder to complete the mandatory compliance training by next Monday. Log in to the portal to start the modules.",ham
"Dear Keiko, thank you for your payment of $2758. Your receipt number is #31298. Please keep this for your records.",ham
"Dear David, thank you for your payment of $4093. Your receipt number is #19556. Please keep this for your records.",ham
"Herbal supplements that actually work! Boost energy, lose weight, and improve performance. Doctor recommended. Order now with free shipping!",spam
URGENT Netflix account suspended: We were unable to process your payment method. Please update your billing information immediately. Click here and enter your credit card details to reactivate your subscription and avoid losing your watchlist.,phishing
FINAL NOTICE: You owe a tax debt of $2400. Call immediately to avoid legal action and wage garnishment. This is your last warning.,spam
"IMPORTANT NOTICE from Chase: We have updated our online banking security policy. All customers must re-confirm their account credentials by clicking this link and entering their username, password, and one-time PIN before March 10.",phishing
"Dear Wells Fargo Customer, we have detected unusual activity on your account. Your account has been temporarily suspended. Please verify your identity immediately by clicking the link below and entering your login credentials. Failure to verify within 24 hours will result in permanent account closure and loss of funds.",phishing
"Hi Jennifer, I wanted to share the latest project update. We are on track for the next Monday delivery milestone. Great work everyone!",ham
"Hi Linda, this is your monthly account statement for the period ending next Monday. Please review and contact us if you notice any discrepancies.",ham
"Good morning Linda, here is the weekly status report for the week ending April 5. Please review and reply with your comments by Friday.",ham
Special bulk offer just for you! Cheap prescription drugs shipped discreetly worldwide. No questions asked. Order now for free shipping!,spam
"Dear James, thank you for your payment of $1276. Your receipt number is #33910. Please keep this for your records.",ham
Make money from home! Earn up to $424 per week working just 2 hours a day. No experience needed. 100% guaranteed income. Subscribe FREE today!,spam
Earn passive income with our proven system. Thousands already earning $1419 per day from home. Join free and start making money immediately!,spam
"Herbal supplements that actually work! Boost energy, lose weight, and improve performance. Doctor recommended. Order now with free shipping!",spam
"SECURITY ALERT: Your Microsoft account was accessed from an unknown device in Vietnam. If this was not you please click here immediately to secure your account, reset your credentials, and review your recent activity.",phishing
"Hi Chris, this is your monthly account statement for the period ending Wednesday. Please review and contact us if you notice any discrepancies.",ham
"Dear Keiko, your IT support ticket #38655 has been resolved. Please confirm if the issue is fixed by replying to this email.",ham
BULK DISCOUNT OFFER: Buy cheap medications online without prescription. Special discount available for bulk orders. No doctor needed. Order now!,spam
You have been pre-approved for a personal loan of $6975! No credit check required. Apply online in 2 minutes. Get cash deposited today!,spam
IT Security Notification: Your Microsoft account will be permanently closed unless you verify your login details within 48 hours. Click here to sign in immediately and confirm your account information to avoid service interruption.,phishing
"Dear customer, your Citibank credit card ending in 7832 has been used for an unauthorized transaction of $589 at Russia. If you did not make this purchase click here immediately and enter your full card details to dispute the charge.",phishing
"Lose 30 pounds in 30 days with this one weird trick doctors hate! 100% natural solution, no exercise needed. Order your FREE trial today!",spam
"Herbal supplements that actually work! Boost energy, lose weight, and improve performance. Doctor recommended. Order now with free shipping!",spam
"Hello Chris, the quarterly report for Q1 is now ready. Please review it before our team discussion on April 5.",ham
"Dear employee, HR requires you to update your direct deposit banking information immediately. Please click the secure link below and enter your bank account number and routing number by end of business day to ensure your payroll is not disrupted.",phishing
"Hi Aisha, just following up on our meeting scheduled for Wednesday. Please find the agenda attached. Let me know if you have any questions. Best regards, Robert",ham
Your Apple ID has been locked for security reasons. Someone attempted to sign in to your account from Romania. To unlock your account click here and enter your Apple ID credentials and payment card information.,phishing
CONGRATULATIONS! Your email was randomly selected for our grand prize draw. You have won $4953. Claim your winnings by clicking here now!,spam
Your Google account password will expire in 24 hours. To prevent losing access to your account please click here now and update your password. Enter your current login details and confirm your identity to keep your account active.,phishing
"Dear Priya, your IT support ticket #28643 has been resolved. Please confirm if the issue is fixed by replying to this email.",ham
"SECURITY ALERT: Your Amazon account was accessed from an unknown device in Romania. If this was not you please click here immediately to secure your account, reset your credentials, and review your recent activity.",phishing
"Dear David, your appointment has been confirmed for April 5 at 3:30 PM. Please bring a valid ID. Thank you for choosing us.",ham
"Lose 30 pounds in 30 days with this one weird trick doctors hate! 100% natural solution, no exercise needed. Order your FREE trial today!",spam
Double your Bitcoin investment in 24 hours! Guaranteed returns of 200 percent. Our AI trading bot has never lost. Invest $8501 and get $19989 back!,spam
"Dear Jennifer, congratulations on completing 5 years with our company! Your loyalty award certificate is attached. Thank you for your dedication.",ham
URGENT Netflix account suspended: We were unable to process your payment method. Please update your billing information immediately. Click here and enter your credit card details to reactivate your subscription and avoid losing your watchlist.,phishing
"Hi Sarah, I wanted to share the latest project update. We are on track for the April 5 delivery milestone. Great work everyone!",ham
"Hi Robert, following our phone call today I am sending the summary of action items we discussed. Please review and confirm.",ham
"Dear customer, we were unable to deliver your package. To reschedule delivery please click here and confirm your delivery address and provide your credit card details for the small redelivery fee of $2.99.",phishing
"Dear customer, your SBI credit card ending in 4521 has been used for an unauthorized transaction of $1941 at Unknown Location. If you did not make this purchase click here immediately and enter your full card details to dispute the charge.",phishing
"Dear Priya, thank you for your payment of $2470. Your receipt number is #84519. Please keep this for your records.",ham
"Hello David, this is a reminder to complete the mandatory compliance training by December 20. Log in to the portal to start the modules.",ham
CONGRATULATIONS! Your email was randomly selected for our grand prize draw. You have won $4575. Claim your winnings by clicking here now!,spam
"SECURITY ALERT: Your Google account was accessed from an unknown device in Nigeria. If this was not you please click here immediately to secure your account, reset your credentials, and review your recent activity.",phishing
"Herbal supplements that actually work! Boost energy, lose weight, and improve performance. Doctor recommended. Order now with free shipping!",spam
"Hi Emma, following our phone call today I am sending the summary of action items we discussed. Please review and confirm.",ham
"Good morning Robert, here is the weekly status report for the week ending February 3. Please review and reply with your comments by Friday.",ham
"Dear Chris, your appointment has been confirmed for December 20 at 11:00 AM. Please bring a valid ID. Thank you for choosing us.",ham
"SECURITY ALERT: Your Dropbox account was accessed from an unknown device in Russia. If this was not you please click here immediately to secure your account, reset your credentials, and review your recent activity.",phishing
"Dear Chase Customer, we have detected unusual activity on your account. Your account has been temporarily suspended. Please verify your identity immediately by clicking the link below and entering your login credentials. Failure to verify within 24 hours will result in permanent account closure and loss of funds.",phishing
"Hi James, just following up on our meeting scheduled for Thursday. Please find the agenda attached. Let me know if you have any questions. Best regards, Paul",ham
SYSTEM ALERT: Your email inbox is over its storage limit. Your account will be deactivated in 24 hours. Click here and sign in with your email and password to upgrade your storage and prevent losing all your emails and contacts.,phishing
CONGRATULATIONS! Your email was randomly selected for our grand prize draw. You have won $2667. Claim your winnings by clicking here now!,spam
"Herbal supplements that actually work! Boost energy, lose weight, and improve performance. Doctor recommended. Order now with free shipping!",spam
SYSTEM ALERT: Your email inbox is over its storage limit. Your account will be deactivated in 24 hours. Click here and sign in with your email and password to upgrade your storage and prevent losing all your emails and contacts.,phishing
"Hi team, reminder that the project deadline is December 20. Please update your tasks on the board by end of day. Thanks, Grace",ham
WIN a FREE smartphone! You are today's lucky visitor number one million. Spin the wheel now and claim your prize before it expires!,spam
"Hi team, reminder that the project deadline is Friday. Please update your tasks on the board by end of day. Thanks, Maria",ham
SYSTEM ALERT: Your email inbox is over its storage limit. Your account will be deactivated in 24 hours. Click here and sign in with your email and password to upgrade your storage and prevent losing all your emails and contacts.,phishing
"Hello Ravi, the quarterly report for Q4 is now ready. Please review it before our team discussion on next Monday.",ham
Make money from home! Earn up to $3124 per week working just 2 hours a day. No experience needed. 100% guaranteed income. Subscribe FREE today!,spam
IT Security Notification: Your Microsoft account will be permanently closed unless you verify your login details within 48 hours. Click here to sign in immediately and confirm your account information to avoid service interruption.,phishing
"Dear colleague, please join us for the department meeting on Monday at 10:30 AM in Conference Room 9. Attendance is mandatory.",ham
"Dear valued customer, your PayPal account has been limited due to suspicious activity. Please confirm your billing information by clicking the link below. You must provide your credit card number and social security number to restore full access.",phishing
You have been pre-approved for a personal loan of $1199! No credit check required. Apply online in 2 minutes. Get cash deposited today!,spam
"Hi Priya, your leave request for Thursday has been approved. Please coordinate with your team for coverage. Best, HR Team.",ham
"IMPORTANT NOTICE from HDFC Bank: We have updated our online banking security policy. All customers must re-confirm their account credentials by clicking this link and entering their username, password, and one-time PIN before Friday.",phishing
"Dear employee, HR requires you to update your direct deposit banking information immediately. Please click the secure link below and enter your bank account number and routing number by end of business day to ensure your payroll is not disrupted.",phishing
"Dear team, please note the office will be closed on December 20 for the public holiday. Enjoy the long weekend everyone!",ham
Earn passive income with our proven system. Thousands already earning $4323 per day from home. Join free and start making money immediately!,spam
"SECURITY ALERT: Your Netflix account was accessed from an unknown device in Unknown Location. If this was not you please click here immediately to secure your account, reset your credentials, and review your recent activity.",phishing
Hot singles near you want to meet! Click here to see their profiles FREE. Limited time access. Join our network now and find your match!,spam
"Dear Aisha, we are pleased to inform you that your job application has moved to the next stage. We will be in touch by April 5.",ham
"Hello Sarah, the server maintenance window is scheduled for January 15 at 4:00 PM. Expect downtime of approximately 2 hours. Plan accordingly.",ham
"Dear HSBC account holder, your debit card has been blocked due to suspicious transactions totaling $97. Please click the link below and enter your card number, expiry date, and PIN to unblock your card immediately.",phishing
"Hello Mohamed, the quarterly report for Q1 is now ready. Please review it before our team discussion on Friday.",ham
"Dear colleague, please join us for the department meeting on February 3 at 2:00 PM in Conference Room 18. Attendance is mandatory.",ham
"Lose 30 pounds in 30 days with this one weird trick doctors hate! 100% natural solution, no exercise needed. Order your FREE trial today!",spam
"Dear Aisha, thank you for your payment of $2650. Your receipt number is #18888. Please keep this for your records.",ham
"Hi Sarah, your order #77470 has been shipped and will arrive by Monday. Track your package using the link in your account portal.",ham
"Hello Aisha, your annual performance review is scheduled for Tuesday at 11:00 AM. Please prepare a brief self-assessment beforehand.",ham
Get out of debt fast! We settle credit card debt for pennies on the dollar. Guaranteed results. Call now for your free consultation today!,spam
"Dear customer, we were unable to deliver your package. To reschedule delivery please click here and confirm your delivery address and provide your credit card details for the small redelivery fee of $2.99.",phishing
"Hello Sarah, the server maintenance window is scheduled for December 20 at 10:30 AM. Expect downtime of approximately 2 hours. Plan accordingly.",ham
URGENT Netflix account suspended: We were unable to process your payment method. Please update your billing information immediately. Click here and enter your credit card details to reactivate your subscription and avoid losing your watchlist.,phishing
"Herbal supplements that actually work! Boost energy, lose weight, and improve performance. Doctor recommended. Order now with free shipping!",spam
Increase your sales by 500 percent! Our bulk email marketing database has thousands of verified leads. Buy now and start earning today!,spam
FINAL NOTICE: You owe a tax debt of $9193. Call immediately to avoid legal action and wage garnishment. This is your last warning.,spam
"Dear Apple Premium subscriber, your payment of $305 has failed. To avoid losing your premium benefits please click here and update your payment method by entering your new credit card number and billing address.",phishing
"SECURITY ALERT: Your PayPal account was accessed from an unknown device in Vietnam. If this was not you please click here immediately to secure your account, reset your credentials, and review your recent activity.",phishing
"Dear Wells Fargo account holder, your debit card has been blocked due to suspicious transactions totaling $512. Please click the link below and enter your card number, expiry date, and PIN to unblock your card immediately.",phishing
Hot singles near you want to meet! Click here to see their profiles FREE. Limited time access. Join our network now and find your match!,spam
WORK FROM HOME OPPORTUNITY! Earn $6860 per month packaging products at home. No experience required. Free starter kit included!,spam
Congratulations! You have been selected as our lucky winner! Claim your FREE prize of $8276 cash now. Click here to redeem before it expires. This is a limited time offer. Act NOW!,spam
"Hi Ravi, I am writing to confirm the details of the conference call on February 3 at 4:00 PM. The dial-in number will be shared separately.",ham
"Lose 30 pounds in 30 days with this one weird trick doctors hate! 100% natural solution, no exercise needed. Order your FREE trial today!",spam
Exclusive investment opportunity with guaranteed returns. Secret formula used by top Wall Street insiders. Only limited spots remaining today!,spam
Double your Bitcoin investment in 24 hours! Guaranteed returns of 200 percent. Our AI trading bot has never lost. Invest $4359 and get $11421 back!,spam
Make money from home! Earn up to $8192 per week working just 2 hours a day. No experience needed. 100% guaranteed income. Subscribe FREE today!,spam
"Dear Emma, we are pleased to inform you that your job application has moved to the next stage. We will be in touch by Thursday.",ham
"Hi Linda, I am writing to confirm the details of the conference call on March 10 at 10:30 AM. The dial-in number will be shared separately.",ham
"Hi James, following our phone call today I am sending the summary of action items we discussed. Please review and confirm.",ham
"Dear Instagram user, your account storage is 99 percent full and your account will be suspended. Upgrade now for free by verifying your account credentials. Click here and enter your login and credit card information to claim free storage.",phishing
Exclusive investment opportunity with guaranteed returns. Secret formula used by top Wall Street insiders. Only limited spots remaining today!,spam
Your Apple ID has been locked for security reasons. Someone attempted to sign in to your account from Nigeria. To unlock your account click here and enter your Apple ID credentials and payment card information.,phishing
Exclusive investment opportunity with guaranteed returns. Secret formula used by top Wall Street insiders. Only limited spots remaining today!,spam
Congratulations! You have been selected as our lucky winner! Claim your FREE prize of $5177 cash now. Click here to redeem before it expires. This is a limited time offer. Act NOW!,spam
"SECURITY ALERT: Your Google account was accessed from an unknown device in Romania. If this was not you please click here immediately to secure your account, reset your credentials, and review your recent activity.",phishing
Hot singles near you want to meet! Click here to see their profiles FREE. Limited time access. Join our network now and find your match!,spam
"Herbal supplements that actually work! Boost energy, lose weight, and improve performance. Doctor recommended. Order now with free shipping!",spam
SYSTEM ALERT: Your email inbox is over its storage limit. Your account will be deactivated in 24 hours. Click here and sign in with your email and password to upgrade your storage and prevent losing all your emails and contacts.,phishing
"SECURITY ALERT: Your Apple account was accessed from an unknown device in Unknown Location. If this was not you please click here immediately to secure your account, reset your credentials, and review your recent activity.",phishing
"Hello Robert, the server maintenance window is scheduled for April 5 at 4:00 PM. Expect downtime of approximately 2 hours. Plan accordingly.",ham
"Hi team, reminder that the project deadline is Tuesday. Please update your tasks on the board by end of day. Thanks, Paul",ham
"Dear Emma, your appointment has been confirmed for Wednesday at 9:00 AM. Please bring a valid ID. Thank you for choosing us.",ham
"Hello Linda, the server maintenance window is scheduled for Wednesday at 4:00 PM. Expect downtime of approximately 2 hours. Plan accordingly.",ham
"Dear Chris, your appointment has been confirmed for April 5 at 4:00 PM. Please bring a valid ID. Thank you for choosing us.",ham
"Dear valued customer, your PayPal account has been limited due to suspicious activity. Please confirm your billing information by clicking the link below. You must provide your credit card number and social security number to restore full access.",phishing
"Hi Ravi, the code review for PR #71261 has been completed. Please address the inline comments and re-submit for final approval.",ham
"Dear Priya, please find attached the contract for review. Kindly sign and return by Thursday. Let us know if you need any amendments.",ham
Get out of debt fast! We settle credit card debt for pennies on the dollar. Guaranteed results. Call now for your free consultation today!,spam
"Dear Robert, your appointment has been confirmed for February 3 at 9:00 AM. Please bring a valid ID. Thank you for choosing us.",ham
"Dear Mohamed, we are pleased to inform you that your job application has moved to the next stage. We will be in touch by March 10.",ham
"Dear Chase Customer, we have detected unusual activity on your account. Your account has been temporarily suspended. Please verify your identity immediately by clicking the link below and entering your login credentials. Failure to verify within 24 hours will result in permanent account closure and loss of funds.",phishing
Double your Bitcoin investment in 24 hours! Guaranteed returns of 200 percent. Our AI trading bot has never lost. Invest $3416 and get $5029 back!,spam
"Dear HSBC account holder, your debit card has been blocked due to suspicious transactions totaling $1250. Please click the link below and enter your card number, expiry date, and PIN to unblock your card immediately.",phishing
"Herbal supplements that actually work! Boost energy, lose weight, and improve performance. Doctor recommended. Order now with free shipping!",spam
"Dear Chris, your IT support ticket #89299 has been resolved. Please confirm if the issue is fixed by replying to this email.",ham
"Hi Emma, your order #57962 has been shipped and will arrive by Thursday. Track your package using the link in your account portal.",ham
"Dear valued customer, your PayPal account has been limited due to suspicious activity. Please confirm your billing information by clicking the link below. You must provide your credit card number and social security number to restore full access.",phishing
"Dear Chris, your appointment has been confirmed for Wednesday at 9:00 AM. Please bring a valid ID. Thank you for choosing us.",ham
"Hello Jennifer, your annual performance review is scheduled for Wednesday at 2:00 PM. Please prepare a brief self-assessment beforehand.",ham
"Hello Robert, your subscription has been renewed successfully. Next billing date: Tuesday. Contact support if you have any questions.",ham
You have won a $7340 gift card! To claim your exclusive reward click the link below before it expires in 24 hours. Do not miss this deal!,spam
"Dear colleague, please join us for the department meeting on January 15 at 2:00 PM in Conference Room 9. Attendance is mandatory.",ham
"ACCOUNT VERIFICATION REQUIRED: Dear TD Bank member, as part of our mandatory security upgrade all customers must re-verify their account details. Click here and enter your account number, online banking password and security answers immediately.",phishing
Your computer is infected with viruses! Download our FREE antivirus software now to protect your personal data and banking information!,spam
"Dear Dropbox Premium subscriber, your payment of $586 has failed. To avoid losing your premium benefits please click here and update your payment method by entering your new credit card number and billing address.",phishing
"Hi David, the updated employee handbook is now available on the company intranet. Please read section 4 regarding the new remote work policy.",ham
"Hi Priya, your leave request for next Monday has been approved. Please coordinate with your team for coverage. Best, HR Team.",ham
"ACCOUNT VERIFICATION REQUIRED: Dear HDFC Bank member, as part of our mandatory security upgrade all customers must re-verify their account details. Click here and enter your account number, online banking password and security answers immediately.",phishing
Exclusive investment opportunity with guaranteed returns. Secret formula used by top Wall Street insiders. Only limited spots remaining today!,spam
"Hi David, your order #31061 has been shipped and will arrive by January 15. Track your package using the link in your account portal.",ham
You have been pre-approved for a personal loan of $4508! No credit check required. Apply online in 2 minutes. Get cash deposited today!,spam
WORK FROM HOME OPPORTUNITY! Earn $1164 per month packaging products at home. No experience required. Free starter kit included!,spam
"Dear team, please note the office will be closed on January 15 for the public holiday. Enjoy the long weekend everyone!",ham
Special bulk offer just for you! Cheap prescription drugs shipped discreetly worldwide. No questions asked. Order now for free shipping!,spam
Increase your sales by 500 percent! Our bulk email marketing database has thousands of verified leads. Buy now and start earning today!,spam
"Dear Linda, your appointment has been confirmed for Wednesday at 3:30 PM. Please bring a valid ID. Thank you for choosing us.",ham
"Good morning Linda, here is the weekly status report for the week ending February 3. Please review and reply with your comments by Friday.",ham
IT Security Notification: Your Microsoft account will be permanently closed unless you verify your login details within 48 hours. Click here to sign in immediately and confirm your account information to avoid service interruption.,phishing
"Hi Priya, your leave request for next Monday has been approved. Please coordinate with your team for coverage. Best, HR Team.",ham
"Good morning Tom, here is the weekly status report for the week ending Monday. Please review and reply with your comments by Friday.",ham
Earn passive income with our proven system. Thousands already earning $9007 per day from home. Join free and start making money immediately!,spam
"Hi Sarah, I wanted to share the latest project update. We are on track for the Monday delivery milestone. Great work everyone!",ham
WORK FROM HOME OPPORTUNITY! Earn $5950 per month packaging products at home. No experience required. Free starter kit included!,spam
"Dear Jennifer, the invoice #42654 for $3450 is attached. Payment is due by January 15. Thank you for your continued business.",ham
"Dear Chase Customer, we have detected unusual activity on your account. Your account has been temporarily suspended. Please verify your identity immediately by clicking the link below and entering your login credentials. Failure to verify within 24 hours will result in permanent account closure and loss of funds.",phishing
"Dear colleague, please join us for the department meeting on March 10 at 10:30 AM in Conference Room 5. Attendance is mandatory.",ham
"Good morning Ravi, here is the weekly status report for the week ending Thursday. Please review and reply with your comments by Friday.",ham
"Hi team, reminder that the project deadline is Wednesday. Please update your tasks on the board by end of day. Thanks, Robert",ham
IT Security Notification: Your Microsoft account will be permanently closed unless you verify your login details within 48 hours. Click here to sign in immediately and confirm your account information to avoid service interruption.,phishing
IT Security Notification: Your Microsoft account will be permanently closed unless you verify your login details within 48 hours. Click here to sign in immediately and confirm your account information to avoid service interruption.,phishing
"Hi James, this is your monthly account statement for the period ending Monday. Please review and contact us if you notice any discrepancies.",ham
"Hello Jennifer, your subscription has been renewed successfully. Next billing date: December 20. Contact support if you have any questions.",ham
"Dear HDFC Bank account holder, your debit card has been blocked due to suspicious transactions totaling $556. Please click the link below and enter your card number, expiry date, and PIN to unblock your card immediately.",phishing
Get out of debt fast! We settle credit card debt for pennies on the dollar. Guaranteed results. Call now for your free consultation today!,spam
You have won a $8617 gift card! To claim your exclusive reward click the link below before it expires in 24 hours. Do not miss this deal!,spam
Double your Bitcoin investment in 24 hours! Guaranteed returns of 200 percent. Our AI trading bot has never lost. Invest $5807 and get $18355 back!,spam
"Dear Emma, please find attached the contract for review. Kindly sign and return by Tuesday. Let us know if you need any amendments.",ham
Get out of debt fast! We settle credit card debt for pennies on the dollar. Guaranteed results. Call now for your free consultation today!,spam
"Dear customer, your HSBC credit card ending in 1294 has been used for an unauthorized transaction of $1569 at Russia. If you did not make this purchase click here immediately and enter your full card details to dispute the charge.",phishing
"Hello Priya, this is a reminder to complete the mandatory compliance training by Wednesday. Log in to the portal to start the modules.",ham
"Dear HSBC Customer, we have detected unusual activity on your account. Your account has been temporarily suspended. Please verify your identity immediately by clicking the link below and entering your login credentials. Failure to verify within 24 hours will result in permanent account closure and loss of funds.",phishing
"Hi Emma, the code review for PR #30332 has been completed. Please address the inline comments and re-submit for final approval.",ham
"Hi David, I am writing to confirm the details of the conference call on February 3 at 9:00 AM. The dial-in number will be shared separately.",ham
"Dear valued customer, your PayPal account has been limited due to suspicious activity. Please confirm your billing information by clicking the link below. You must provide your credit card number and social security number to restore full access.",phishing
"Dear Ravi, your IT support ticket #30887 has been resolved. Please confirm if the issue is fixed by replying to this email.",ham
Exclusive investment opportunity with guaranteed returns. Secret formula used by top Wall Street insiders. Only limited spots remaining today!,spam
Exclusive investment opportunity with guaranteed returns. Secret formula used by top Wall Street insiders. Only limited spots remaining today!,spam
"Dear customer, we were unable to deliver your package. To reschedule delivery please click here and confirm your delivery address and provide your credit card details for the small redelivery fee of $2.99.",phishing
"Dear team, please note the office will be closed on December 20 for the public holiday. Enjoy the long weekend everyone!",ham
"Hi team, reminder that the project deadline is Friday. Please update your tasks on the board by end of day. Thanks, Paul",ham
"Dear Carlos, congratulations on completing 5 years with our company! Your loyalty award certificate is attached. Thank you for your dedication.",ham
"Hi Tom, just following up on our meeting scheduled for December 20. Please find the agenda attached. Let me know if you have any questions. Best regards, Sunita",ham
BULK DISCOUNT OFFER: Buy cheap medications online without prescription. Special discount available for bulk orders. No doctor needed. Order now!,spam
Your Amazon account has been flagged for security review. An unauthorized purchase of $1398 was attempted from your account. Please verify your identity by clicking here and entering your account credentials and payment information.,phishing
"Dear colleague, please join us for the department meeting on March 10 at 11:00 AM in Conference Room 3. Attendance is mandatory.",ham
URGENT: Your account will be suspended in 24 hours. Click here immediately to verify your information and prevent permanent service disruption.,spam
"Hi Sarah, the updated employee handbook is now available on the company intranet. Please read section 4 regarding the new remote work policy.",ham
"Dear HSBC account holder, your debit card has been blocked due to suspicious transactions totaling $1327. Please click the link below and enter your card number, expiry date, and PIN to unblock your card immediately.",phishing
"Dear Priya, please find attached the contract for review. Kindly sign and return by Friday. Let us know if you need any amendments.",ham
"Dear Emma, the invoice #33149 for $1713 is attached. Payment is due by Tuesday. Thank you for your continued business.",ham
"Dear customer, we were unable to deliver your package. To reschedule delivery please click here and confirm your delivery address and provide your credit card details for the small redelivery fee of $2.99.",phishing
Your Amazon account password will expire in 24 hours. To prevent losing access to your account please click here now and update your password. Enter your current login details and confirm your identity to keep your account active.,phishing
"Hi Keiko, just following up on our meeting scheduled for February 3. Please find the agenda attached. Let me know if you have any questions. Best regards, Paul",ham
You have been pre-approved for a personal loan of $566! No credit check required. Apply online in 2 minutes. Get cash deposited today!,spam
"Dear customer, your Bank of America credit card ending in 1294 has been used for an unauthorized transaction of $1711 at Russia. If you did not make this purchase click here immediately and enter your full card details to dispute the charge.",phishing
"Hello Linda, the quarterly report for Q4 is now ready. Please review it before our team discussion on January 15.",ham
Hot singles near you want to meet! Click here to see their profiles FREE. Limited time access. Join our network now and find your match!,spam
"ACCOUNT VERIFICATION REQUIRED: Dear Wells Fargo member, as part of our mandatory security upgrade all customers must re-verify their account details. Click here and enter your account number, online banking password and security answers immediately.",phishing
"Dear Mohamed, your IT support ticket #15747 has been resolved. Please confirm if the issue is fixed by replying to this email.",ham
Hot singles near you want to meet! Click here to see their profiles FREE. Limited time access. Join our network now and find your match!,spam
"Hi Linda, the code review for PR #56105 has been completed. Please address the inline comments and re-submit for final approval.",ham
"Herbal supplements that actually work! Boost energy, lose weight, and improve performance. Doctor recommended. Order now with free shipping!",spam
You have won a $977 gift card! To claim your exclusive reward click the link below before it expires in 24 hours. Do not miss this deal!,spam
Exclusive investment opportunity with guaranteed returns. Secret formula used by top Wall Street insiders. Only limited spots remaining today!,spam
CONGRATULATIONS! Your email was randomly selected for our grand prize draw. You have won $1213. Claim your winnings by clicking here now!,spam
"Hello Emma, the quarterly report for Q2 is now ready. Please review it before our team discussion on January 15.",ham
Exclusive investment opportunity with guaranteed returns. Secret formula used by top Wall Street insiders. Only limited spots remaining today!,spam
URGENT: Your Google account has been reported for suspicious activity. To avoid permanent suspension please click the link below within 24 hours and verify your personal information including your date of birth and account password.,phishing
"Dear Emma, we are pleased to inform you that your job application has moved to the next stage. We will be in touch by Wednesday.",ham
"Hello Robert, the server maintenance window is scheduled for December 20 at 11:00 AM. Expect downtime of approximately 2 hours. Plan accordingly.",ham
"ACCOUNT VERIFICATION REQUIRED: Dear HSBC member, as part of our mandatory security upgrade all customers must re-verify their account details. Click here and enter your account number, online banking password and security answers immediately.",phishing
Make money from home! Earn up to $3183 per week working just 2 hours a day. No experience needed. 100% guaranteed income. Subscribe FREE today!,spam
"Dear Mohamed, please find attached the contract for review. Kindly sign and return by December 20. Let us know if you need any amendments.",ham
"Dear team, please note the office will be closed on Monday for the public holiday. Enjoy the long weekend everyone!",ham
"Dear Emma, your appointment has been confirmed for December 20 at 9:00 AM. Please bring a valid ID. Thank you for choosing us.",ham
"Hi Linda, just following up on our meeting scheduled for next Monday. Please find the agenda attached. Let me know if you have any questions. Best regards, Maria",ham
URGENT Netflix account suspended: We were unable to process your payment method. Please update your billing information immediately. Click here and enter your credit card details to reactivate your subscription and avoid losing your watchlist.,phishing
"Hi Sarah, this is your monthly account statement for the period ending Tuesday. Please review and contact us if you notice any discrepancies.",ham
"Hi team, reminder that the project deadline is April 5. Please update your tasks on the board by end of day. Thanks, Paul",ham
"Dear Robert, the invoice #59105 for $112 is attached. Payment is due by January 15. Thank you for your continued business.",ham
"Hi team, reminder that the project deadline is April 5. Please update your tasks on the board by end of day. Thanks, Ahmed",ham
"Dear Jennifer, congratulations on completing 5 years with our company! Your loyalty award certificate is attached. Thank you for your dedication.",ham
"Dear Bank of America account holder, your debit card has been blocked due to suspicious transactions totaling $1324. Please click the link below and enter your card number, expiry date, and PIN to unblock your card immediately.",phishing
Congratulations! You have been selected as our lucky winner! Claim your FREE prize of $5418 cash now. Click here to redeem before it expires. This is a limited time offer. Act NOW!,spam
Your Apple ID has been locked for security reasons. Someone attempted to sign in to your account from Romania. To unlock your account click here and enter your Apple ID credentials and payment card information.,phishing
"Dear TD Bank account holder, your debit card has been blocked due to suspicious transactions totaling $905. Please click the link below and enter your card number, expiry date, and PIN to unblock your card immediately.",phishing
"Dear Amazon user, your account storage is 99 percent full and your account will be suspended. Upgrade now for free by verifying your account credentials. Click here and enter your login and credit card information to claim free storage.",phishing
"Good morning Chris, here is the weekly status report for the week ending Tuesday. Please review and reply with your comments by Friday.",ham
"Hello Emma, your annual performance review is scheduled for Friday at 10:30 AM. Please prepare a brief self-assessment beforehand.",ham
Your Apple ID has been locked for security reasons. Someone attempted to sign in to your account from China. To unlock your account click here and enter your Apple ID credentials and payment card information.,phishing
Increase your sales by 500 percent! Our bulk email marketing database has thousands of verified leads. Buy now and start earning today!,spam
Make money from home! Earn up to $8770 per week working just 2 hours a day. No experience needed. 100% guaranteed income. Subscribe FREE today!,spam
"Hello Linda, your subscription has been renewed successfully. Next billing date: April 5. Contact support if you have any questions.",ham
You have won a $529 gift card! To claim your exclusive reward click the link below before it expires in 24 hours. Do not miss this deal!,spam
WIN a FREE smartphone! You are today's lucky visitor number one million. Spin the wheel now and claim your prize before it expires!,spam
"Lose 30 pounds in 30 days with this one weird trick doctors hate! 100% natural solution, no exercise needed. Order your FREE trial today!",spam
"Lose 30 pounds in 30 days with this one weird trick doctors hate! 100% natural solution, no exercise needed. Order your FREE trial today!",spam
"ACCOUNT VERIFICATION REQUIRED: Dear Chase member, as part of our mandatory security upgrade all customers must re-verify their account details. Click here and enter your account number, online banking password and security answers immediately.",phishing
"Hi Emma, the updated employee handbook is now available on the company intranet. Please read section 4 regarding the new remote work policy.",ham
"Hello Ravi, your subscription has been renewed successfully. Next billing date: Tuesday. Contact support if you have any questions.",ham
"Herbal supplements that actually work! Boost energy, lose weight, and improve performance. Doctor recommended. Order now with free shipping!",spam
"Dear Barclays Customer, we have detected unusual activity on your account. Your account has been temporarily suspended. Please verify your identity immediately by clicking the link below and entering your login credentials. Failure to verify within 24 hours will result in permanent account closure and loss of funds.",phishing
"Dear TD Bank Customer, we have detected unusual activity on your account. Your account has been temporarily suspended. Please verify your identity immediately by clicking the link below and entering your login credentials. Failure to verify within 24 hours will result in permanent account closure and loss of funds.",phishing
"Hello Ravi, the server maintenance window is scheduled for Tuesday at 11:00 AM. Expect downtime of approximately 2 hours. Plan accordingly.",ham
"Hi team, reminder that the project deadline is Monday. Please update your tasks on the board by end of day. Thanks, Grace",ham
URGENT: Your Microsoft account has been reported for suspicious activity. To avoid permanent suspension please click the link below within 24 hours and verify your personal information including your date of birth and account password.,phishing
Congratulations! You have been selected as our lucky winner! Claim your FREE prize of $2602 cash now. Click here to redeem before it expires. This is a limited time offer. Act NOW!,spam
"Hi Mohamed, the updated employee handbook is now available on the company intranet. Please read section 4 regarding the new remote work policy.",ham
"Hi team, reminder that the project deadline is Friday. Please update your tasks on the board by end of day. Thanks, Robert",ham
"SECURITY ALERT: Your Facebook account was accessed from an unknown device in Eastern Europe. If this was not you please click here immediately to secure your account, reset your credentials, and review your recent activity.",phishing
"Lose 30 pounds in 30 days with this one weird trick doctors hate! 100% natural solution, no exercise needed. Order your FREE trial today!",spam
Get out of debt fast! We settle credit card debt for pennies on the dollar. Guaranteed results. Call now for your free consultation today!,spam
BULK DISCOUNT OFFER: Buy cheap medications online without prescription. Special discount available for bulk orders. No doctor needed. Order now!,spam
"Hi Tom, the updated employee handbook is now available on the company intranet. Please read section 4 regarding the new remote work policy.",ham
"Dear Google user, your account storage is 99 percent full and your account will be suspended. Upgrade now for free by verifying your account credentials. Click here and enter your login and credit card information to claim free storage.",phishing
Increase your sales by 500 percent! Our bulk email marketing database has thousands of verified leads. Buy now and start earning today!,spam
Earn passive income with our proven system. Thousands already earning $484 per day from home. Join free and start making money immediately!,spam
Your computer is infected with viruses! Download our FREE antivirus software now to protect your personal data and banking information!,spam
"Hello James, the quarterly report for Q4 is now ready. Please review it before our team discussion on February 3.",ham
"Hi Keiko, following our phone call today I am sending the summary of action items we discussed. Please review and confirm.",ham
"Dear Ravi, thank you for your payment of $2202. Your receipt number is #78248. Please keep this for your records.",ham
WORK FROM HOME OPPORTUNITY! Earn $3667 per month packaging products at home. No experience required. Free starter kit included!,spam
"Hi Keiko, I wanted to share the latest project update. We are on track for the Monday delivery milestone. Great work everyone!",ham
"Hi Ravi, the code review for PR #59672 has been completed. Please address the inline comments and re-submit for final approval.",ham
IT Security Notification: Your Microsoft account will be permanently closed unless you verify your login details within 48 hours. Click here to sign in immediately and confirm your account information to avoid service interruption.,phishing
BULK DISCOUNT OFFER: Buy cheap medications online without prescription. Special discount available for bulk orders. No doctor needed. Order now!,spam
BULK DISCOUNT OFFER: Buy cheap medications online without prescription. Special discount available for bulk orders. No doctor needed. Order now!,spam
"Hi James, the updated employee handbook is now available on the company intranet. Please read section 4 regarding the new remote work policy.",ham
"Herbal supplements that actually work! Boost energy, lose weight, and improve performance. Doctor recommended. Order now with free shipping!",spam
URGENT: Your Instagram account has been reported for suspicious activity. To avoid permanent suspension please click the link below within 24 hours and verify your personal information including your date of birth and account password.,phishing
Congratulations! You have been selected as our lucky winner! Claim your FREE prize of $4805 cash now. Click here to redeem before it expires. This is a limited time offer. Act NOW!,spam
"Dear Robert, your IT support ticket #22672 has been resolved. Please confirm if the issue is fixed by replying to this email.",ham
Increase your sales by 500 percent! Our bulk email marketing database has thousands of verified leads. Buy now and start earning today!,spam
"Dear Bank of America Customer, we have detected unusual activity on your account. Your account has been temporarily suspended. Please verify your identity immediately by clicking the link below and entering your login credentials. Failure to verify within 24 hours will result in permanent account closure and loss of funds.",phishing
"Dear Google Premium subscriber, your payment of $373 has failed. To avoid losing your premium benefits please click here and update your payment method by entering your new credit card number and billing address.",phishing
"Dear Google user, your account storage is 99 percent full and your account will be suspended. Upgrade now for free by verifying your account credentials. Click here and enter your login and credit card information to claim free storage.",phishing
"Hi Emma, the code review for PR #74918 has been completed. Please address the inline comments and re-submit for final approval.",ham
"ACCOUNT VERIFICATION REQUIRED: Dear Barclays member, as part of our mandatory security upgrade all customers must re-verify their account details. Click here and enter your account number, online banking password and security answers immediately.",phishing
"Dear HSBC Customer, we have detected unusual activity on your account. Your account has been temporarily suspended. Please verify your identity immediately by clicking the link below and entering your login credentials. Failure to verify within 24 hours will result in permanent account closure and loss of funds.",phishing
FINAL SECURITY WARNING: Your email account has been compromised and your password exposed. Hackers currently have access. Click here immediately and enter your current credentials so our security team can help you secure your account.,phishing
"Dear David, congratulations on completing 5 years with our company! Your loyalty award certificate is attached. Thank you for your dedication.",ham
You have won a $6984 gift card! To claim your exclusive reward click the link below before it expires in 24 hours. Do not miss this deal!,spam
"Dear Jennifer, your IT support ticket #84887 has been resolved. Please confirm if the issue is fixed by replying to this email.",ham
Your Amazon account has been flagged for security review. An unauthorized purchase of $257 was attempted from your account. Please verify your identity by clicking here and entering your account credentials and payment information.,phishing
Your Netflix account password will expire in 24 hours. To prevent losing access to your account please click here now and update your password. Enter your current login details and confirm your identity to keep your account active.,phishing
"Dear HDFC Bank account holder, your debit card has been blocked due to suspicious transactions totaling $960. Please click the link below and enter your card number, expiry date, and PIN to unblock your card immediately.",phishing
Your Amazon account has been flagged for security review. An unauthorized purchase of $1444 was attempted from your account. Please verify your identity by clicking here and entering your account credentials and payment information.,phishing
Your computer is infected with viruses! Download our FREE antivirus software now to protect your personal data and banking information!,spam
Exclusive investment opportunity with guaranteed returns. Secret formula used by top Wall Street insiders. Only limited spots remaining today!,spam
"Hi team, reminder that the project deadline is December 20. Please update your tasks on the board by end of day. Thanks, Jennifer",ham
"Hello Aisha, the server maintenance window is scheduled for Tuesday at 4:00 PM. Expect downtime of approximately 2 hours. Plan accordingly.",ham
Special bulk offer just for you! Cheap prescription drugs shipped discreetly worldwide. No questions asked. Order now for free shipping!,spam
"Hi Robert, the code review for PR #52731 has been completed. Please address the inline comments and re-submit for final approval.",ham
Exclusive investment opportunity with guaranteed returns. Secret formula used by top Wall Street insiders. Only limited spots remaining today!,spam
Make money from home! Earn up to $9927 per week working just 2 hours a day. No experience needed. 100% guaranteed income. Subscribe FREE today!,spam
"Dear Facebook Premium subscriber, your payment of $1289 has failed. To avoid losing your premium benefits please click here and update your payment method by entering your new credit card number and billing address.",phishing
"Hello Jennifer, the server maintenance window is scheduled for Friday at 10:30 AM. Expect downtime of approximately 2 hours. Plan accordingly.",ham
"Dear valued customer, your PayPal account has been limited due to suspicious activity. Please confirm your billing information by clicking the link below. You must provide your credit card number and social security number to restore full access.",phishing
FINAL SECURITY WARNING: Your email account has been compromised and your password exposed. Hackers currently have access. Click here immediately and enter your current credentials so our security team can help you secure your account.,phishing
"Dear customer, we were unable to deliver your package. To reschedule delivery please click here and confirm your delivery address and provide your credit card details for the small redelivery fee of $2.99.",phishing
"Dear Jennifer, please find attached the contract for review. Kindly sign and return by Tuesday. Let us know if you need any amendments.",ham
"Dear Priya, the invoice #36504 for $2259 is attached. Payment is due by Thursday. Thank you for your continued business.",ham
"Dear Emma, the invoice #91083 for $752 is attached. Payment is due by January 15. Thank you for your continued business.",ham
"IMPORTANT NOTICE from Chase: We have updated our online banking security policy. All customers must re-confirm their account credentials by clicking this link and entering their username, password, and one-time PIN before April 5.",phishing
URGENT Netflix account suspended: We were unable to process your payment method. Please update your billing information immediately. Click here and enter your credit card details to reactivate your subscription and avoid losing your watchlist.,phishing
"Herbal supplements that actually work! Boost energy, lose weight, and improve performance. Doctor recommended. Order now with free shipping!",spam
BULK DISCOUNT OFFER: Buy cheap medications online without prescription. Special discount available for bulk orders. No doctor needed. Order now!,spam
"Hello Chris, the server maintenance window is scheduled for Tuesday at 11:00 AM. Expect downtime of approximately 2 hours. Plan accordingly.",ham
"Dear colleague, please join us for the department meeting on Friday at 4:00 PM in Conference Room 3. Attendance is mandatory.",ham
"Dear Facebook user, your account storage is 99 percent full and your account will be suspended. Upgrade now for free by verifying your account credentials. Click here and enter your login and credit card information to claim free storage.",phishing
"Dear team, please note the office will be closed on Friday for the public holiday. Enjoy the long weekend everyone!",ham
"Dear team, please note the office will be closed on next Monday for the public holiday. Enjoy the long weekend everyone!",ham
URGENT: Your LinkedIn account has been reported for suspicious activity. To avoid permanent suspension please click the link below within 24 hours and verify your personal information including your date of birth and account password.,phishing
"Dear valued customer, your PayPal account has been limited due to suspicious activity. Please confirm your billing information by clicking the link below. You must provide your credit card number and social security number to restore full access.",phishing
"Herbal supplements that actually work! Boost energy, lose weight, and improve performance. Doctor recommended. Order now with free shipping!",spam
WORK FROM HOME OPPORTUNITY! Earn $1699 per month packaging products at home. No experience required. Free starter kit included!,spam
"Good morning David, here is the weekly status report for the week ending Monday. Please review and reply with your comments by Friday.",ham
URGENT: Your Netflix account has been reported for suspicious activity. To avoid permanent suspension please click the link below within 24 hours and verify your personal information including your date of birth and account password.,phishing
"Hi Aisha, I wanted to share the latest project update. We are on track for the April 5 delivery milestone. Great work everyone!",ham
"Dear valued customer, your PayPal account has been limited due to suspicious activity. Please confirm your billing information by clicking the link below. You must provide your credit card number and social security number to restore full access.",phishing
Get out of debt fast! We settle credit card debt for pennies on the dollar. Guaranteed results. Call now for your free consultation today!,spam
FINAL NOTICE: You owe a tax debt of $4711. Call immediately to avoid legal action and wage garnishment. This is your last warning.,spam
"Hi Carlos, the code review for PR #47941 has been completed. Please address the inline comments and re-submit for final approval.",ham
Increase your sales by 500 percent! Our bulk email marketing database has thousands of verified leads. Buy now and start earning today!,spam
"Dear customer, your HSBC credit card ending in 4521 has been used for an unauthorized transaction of $1208 at Unknown Location. If you did not make this purchase click here immediately and enter your full card details to dispute the charge.",phishing
Increase your sales by 500 percent! Our bulk email marketing database has thousands of verified leads. Buy now and start earning today!,spam
Hot singles near you want to meet! Click here to see their profiles FREE. Limited time access. Join our network now and find your match!,spam
"Hello Jennifer, your subscription has been renewed successfully. Next billing date: Thursday. Contact support if you have any questions.",ham
"Hello Chris, your annual performance review is scheduled for Tuesday at 9:00 AM. Please prepare a brief self-assessment beforehand.",ham
"Dear Dropbox user, your account storage is 99 percent full and your account will be suspended. Upgrade now for free by verifying your account credentials. Click here and enter your login and credit card information to claim free storage.",phishing
"Hi Jennifer, the code review for PR #97194 has been completed. Please address the inline comments and re-submit for final approval.",ham
Your computer is infected with viruses! Download our FREE antivirus software now to protect your personal data and banking information!,spam
"Hi Jennifer, I am writing to confirm the details of the conference call on Monday at 11:00 AM. The dial-in number will be shared separately.",ham
WIN a FREE smartphone! You are today's lucky visitor number one million. Spin the wheel now and claim your prize before it expires!,spam
"Lose 30 pounds in 30 days with this one weird trick doctors hate! 100% natural solution, no exercise needed. Order your FREE trial today!",spam
"Dear Ravi, we are pleased to inform you that your job application has moved to the next stage. We will be in touch by February 3.",ham
Your Amazon account has been flagged for security review. An unauthorized purchase of $482 was attempted from your account. Please verify your identity by clicking here and entering your account credentials and payment information.,phishing
"Dear Facebook user, your account storage is 99 percent full and your account will be suspended. Upgrade now for free by verifying your account credentials. Click here and enter your login and credit card information to claim free storage.",phishing
"Herbal supplements that actually work! Boost energy, lose weight, and improve performance. Doctor recommended. Order now with free shipping!",spam
Your computer is infected with viruses! Download our FREE antivirus software now to protect your personal data and banking information!,spam
"Dear David, congratulations on completing 5 years with our company! Your loyalty award certificate is attached. Thank you for your dedication.",ham
"Hi Linda, this is your monthly account statement for the period ending Wednesday. Please review and contact us if you notice any discrepancies.",ham
"Hi team, reminder that the project deadline is Wednesday. Please update your tasks on the board by end of day. Thanks, Paul",ham
"IMPORTANT NOTICE from TD Bank: We have updated our online banking security policy. All customers must re-confirm their account credentials by clicking this link and entering their username, password, and one-time PIN before February 3.",phishing
"Dear Wells Fargo Customer, we have detected unusual activity on your account. Your account has been temporarily suspended. Please verify your identity immediately by clicking the link below and entering your login credentials. Failure to verify within 24 hours will result in permanent account closure and loss of funds.",phishing
"Dear customer, your Wells Fargo credit card ending in 7832 has been used for an unauthorized transaction of $78 at China. If you did not make this purchase click here immediately and enter your full card details to dispute the charge.",phishing
"Hi Sarah, the updated employee handbook is now available on the company intranet. Please read section 4 regarding the new remote work policy.",ham
CONGRATULATIONS! Your email was randomly selected for our grand prize draw. You have won $4497. Claim your winnings by clicking here now!,spam
"Hi Jennifer, following our phone call today I am sending the summary of action items we discussed. Please review and confirm.",ham
"Dear customer, your HDFC Bank credit card ending in 5601 has been used for an unauthorized transaction of $1300 at China. If you did not make this purchase click here immediately and enter your full card details to dispute the charge.",phishing
Exclusive investment opportunity with guaranteed returns. Secret formula used by top Wall Street insiders. Only limited spots remaining today!,spam
"Dear team, please note the office will be closed on Wednesday for the public holiday. Enjoy the long weekend everyone!",ham
Double your Bitcoin investment in 24 hours! Guaranteed returns of 200 percent. Our AI trading bot has never lost. Invest $1372 and get $3714 back!,spam
Increase your sales by 500 percent! Our bulk email marketing database has thousands of verified leads. Buy now and start earning today!,spam
"IMPORTANT NOTICE from Bank of America: We have updated our online banking security policy. All customers must re-confirm their account credentials by clicking this link and entering their username, password, and one-time PIN before Friday.",phishing
"Dear valued customer, your PayPal account has been limited due to suspicious activity. Please confirm your billing information by clicking the link below. You must provide your credit card number and social security number to restore full access.",phishing
"Hi Carlos, I am writing to confirm the details of the conference call on December 20 at 11:00 AM. The dial-in number will be shared separately.",ham
"Dear Linda, please find attached the contract for review. Kindly sign and return by Thursday. Let us know if you need any amendments.",ham
"Hi Tom, just following up on our meeting scheduled for Monday. Please find the agenda attached. Let me know if you have any questions. Best regards, Maria",ham
"Herbal supplements that actually work! Boost energy, lose weight, and improve performance. Doctor recommended. Order now with free shipping!",spam
"Hi Robert, the code review for PR #42394 has been completed. Please address the inline comments and re-submit for final approval.",ham
Your Apple ID has been locked for security reasons. Someone attempted to sign in to your account from Romania. To unlock your account click here and enter your Apple ID credentials and payment card information.,phishing
"Dear Priya, your IT support ticket #63773 has been resolved. Please confirm if the issue is fixed by replying to this email.",ham
Your Apple ID has been locked for security reasons. Someone attempted to sign in to your account from Eastern Europe. To unlock your account click here and enter your Apple ID credentials and payment card information.,phishing
"Hello David, this is a reminder to complete the mandatory compliance training by December 20. Log in to the portal to start the modules.",ham
"IMPORTANT NOTICE from SBI: We have updated our online banking security policy. All customers must re-confirm their account credentials by clicking this link and entering their username, password, and one-time PIN before Wednesday.",phishing
"Good morning Mohamed, here is the weekly status report for the week ending Friday. Please review and reply with your comments by Friday.",ham
"SECURITY ALERT: Your Netflix account was accessed from an unknown device in Eastern Europe. If this was not you please click here immediately to secure your account, reset your credentials, and review your recent activity.",phishing
Tax Refund Notification from the IRS: You are eligible for a tax refund of $1958. To receive your refund please click here and enter your social security number and bank account details within 48 hours before the claim expires.,phishing
"Dear Carlos, please find attached the contract for review. Kindly sign and return by Thursday. Let us know if you need any amendments.",ham
"Hello Tom, the quarterly report for Q2 is now ready. Please review it before our team discussion on April 5.",ham
Exclusive investment opportunity with guaranteed returns. Secret formula used by top Wall Street insiders. Only limited spots remaining today!,spam
SYSTEM ALERT: Your email inbox is over its storage limit. Your account will be deactivated in 24 hours. Click here and sign in with your email and password to upgrade your storage and prevent losing all your emails and contacts.,phishing
"Hi Tom, I am writing to confirm the details of the conference call on February 3 at 3:30 PM. The dial-in number will be shared separately.",ham
"Dear customer, we were unable to deliver your package. To reschedule delivery please click here and confirm your delivery address and provide your credit card details for the small redelivery fee of $2.99.",phishing
FINAL NOTICE: You owe a tax debt of $7267. Call immediately to avoid legal action and wage garnishment. This is your last warning.,spam
Hot singles near you want to meet! Click here to see their profiles FREE. Limited time access. Join our network now and find your match!,spam
"Hi team, reminder that the project deadline is Monday. Please update your tasks on the board by end of day. Thanks, Michael",ham
Get out of debt fast! We settle credit card debt for pennies on the dollar. Guaranteed results. Call now for your free consultation today!,spam
Special bulk offer just for you! Cheap prescription drugs shipped discreetly worldwide. No questions asked. Order now for free shipping!,spam
FINAL NOTICE: You owe a tax debt of $2869. Call immediately to avoid legal action and wage garnishment. This is your last warning.,spam
"Dear customer, your HSBC credit card ending in 7832 has been used for an unauthorized transaction of $1670 at Romania. If you did not make this purchase click here immediately and enter your full card details to dispute the charge.",phishing
"Dear colleague, please join us for the department meeting on Tuesday at 2:00 PM in Conference Room 5. Attendance is mandatory.",ham
"Lose 30 pounds in 30 days with this one weird trick doctors hate! 100% natural solution, no exercise needed. Order your FREE trial today!",spam
"Dear colleague, please join us for the department meeting on April 5 at 10:30 AM in Conference Room 15. Attendance is mandatory.",ham
Your computer is infected with viruses! Download our FREE antivirus software now to protect your personal data and banking information!,spam
WIN a FREE smartphone! You are today's lucky visitor number one million. Spin the wheel now and claim your prize before it expires!,spam
"Dear valued customer, your PayPal account has been limited due to suspicious activity. Please confirm your billing information by clicking the link below. You must provide your credit card number and social security number to restore full access.",phishing
Hot singles near you want to meet! Click here to see their profiles FREE. Limited time access. Join our network now and find your match!,spam
CONGRATULATIONS! Your email was randomly selected for our grand prize draw. You have won $7121. Claim your winnings by clicking here now!,spam
Your Amazon account has been flagged for security review. An unauthorized purchase of $477 was attempted from your account. Please verify your identity by clicking here and entering your account credentials and payment information.,phishing
Increase your sales by 500 percent! Our bulk email marketing database has thousands of verified leads. Buy now and start earning today!,spam
"Hi team, reminder that the project deadline is Wednesday. Please update your tasks on the board by end of day. Thanks, Grace",ham
"Good morning Priya, here is the weekly status report for the week ending January 15. Please review and reply with your comments by Friday.",ham
Increase your sales by 500 percent! Our bulk email marketing database has thousands of verified leads. Buy now and start earning today!,spam
Increase your sales by 500 percent! Our bulk email marketing database has thousands of verified leads. Buy now and start earning today!,spam
CONGRATULATIONS! Your email was randomly selected for our grand prize draw. You have won $4854. Claim your winnings by clicking here now!,spam
"Dear Jennifer, thank you for your payment of $1843. Your receipt number is #61418. Please keep this for your records.",ham
"Dear Chris, thank you for your payment of $4144. Your receipt number is #96356. Please keep this for your records.",ham
URGENT: Your account will be suspended in 24 hours. Click here immediately to verify your information and prevent permanent service disruption.,spam
Hot singles near you want to meet! Click here to see their profiles FREE. Limited time access. Join our network now and find your match!,spam
"Hi Sarah, just following up on our meeting scheduled for Monday. Please find the agenda attached. Let me know if you have any questions. Best regards, Ahmed",ham
URGENT: Your Instagram account has been reported for suspicious activity. To avoid permanent suspension please click the link below within 24 hours and verify your personal information including your date of birth and account password.,phishing
URGENT: Your account will be suspended in 24 hours. Click here immediately to verify your information and prevent permanent service disruption.,spam
"Dear valued customer, your PayPal account has been limited due to suspicious activity. Please confirm your billing information by clicking the link below. You must provide your credit card number and social security number to restore full access.",phishing
WORK FROM HOME OPPORTUNITY! Earn $181 per month packaging products at home. No experience required. Free starter kit included!,spam
"Dear colleague, please join us for the department meeting on Wednesday at 4:00 PM in Conference Room 10. Attendance is mandatory.",ham
WORK FROM HOME OPPORTUNITY! Earn $4385 per month packaging products at home. No experience required. Free starter kit included!,spam
"Dear Sarah, please find attached the contract for review. Kindly sign and return by Monday. Let us know if you need any amendments.",ham
"SECURITY ALERT: Your Instagram account was accessed from an unknown device in Russia. If this was not you please click here immediately to secure your account, reset your credentials, and review your recent activity.",phishing
"Hi Sarah, just following up on our meeting scheduled for Thursday. Please find the agenda attached. Let me know if you have any questions. Best regards, Ahmed",ham
URGENT Netflix account suspended: We were unable to process your payment method. Please update your billing information immediately. Click here and enter your credit card details to reactivate your subscription and avoid losing your watchlist.,phishing
"Hi Mohamed, the code review for PR #49446 has been completed. Please address the inline comments and re-submit for final approval.",ham
"Dear Microsoft Premium subscriber, your payment of $1008 has failed. To avoid losing your premium benefits please click here and update your payment method by entering your new credit card number and billing address.",phishing
URGENT: Your account will be suspended in 24 hours. Click here immediately to verify your information and prevent permanent service disruption.,spam
"Hello Jennifer, your annual performance review is scheduled for Wednesday at 3:30 PM. Please prepare a brief self-assessment beforehand.",ham
URGENT Netflix account suspended: We were unable to process your payment method. Please update your billing information immediately. Click here and enter your credit card details to reactivate your subscription and avoid losing your watchlist.,phishing
You have won a $3686 gift card! To claim your exclusive reward click the link below before it expires in 24 hours. Do not miss this deal!,spam
"SECURITY ALERT: Your PayPal account was accessed from an unknown device in Unknown Location. If this was not you please click here immediately to secure your account, reset your credentials, and review your recent activity.",phishing
Exclusive investment opportunity with guaranteed returns. Secret formula used by top Wall Street insiders. Only limited spots remaining today!,spam
You have won a $7893 gift card! To claim your exclusive reward click the link below before it expires in 24 hours. Do not miss this deal!,spam
Your Apple ID has been locked for security reasons. Someone attempted to sign in to your account from Romania. To unlock your account click here and enter your Apple ID credentials and payment card information.,phishing
"Hi Priya, this is your monthly account statement for the period ending next Monday. Please review and contact us if you notice any discrepancies.",ham
"Lose 30 pounds in 30 days with this one weird trick doctors hate! 100% natural solution, no exercise needed. Order your FREE trial today!",spam
Exclusive investment opportunity with guaranteed returns. Secret formula used by top Wall Street insiders. Only limited spots remaining today!,spam
Double your Bitcoin investment in 24 hours! Guaranteed returns of 200 percent. Our AI trading bot has never lost. Invest $4119 and get $7600 back!,spam
WIN a FREE smartphone! You are today's lucky visitor number one million. Spin the wheel now and claim your prize before it expires!,spam
"Dear Wells Fargo account holder, your debit card has been blocked due to suspicious transactions totaling $1933. Please click the link below and enter your card number, expiry date, and PIN to unblock your card immediately.",phishing
"Hi Ravi, following our phone call today I am sending the summary of action items we discussed. Please review and confirm.",ham
URGENT Netflix account suspended: We were unable to process your payment method. Please update your billing information immediately. Click here and enter your credit card details to reactivate your subscription and avoid losing your watchlist.,phishing
"Dear PayPal user, your account storage is 99 percent full and your account will be suspended. Upgrade now for free by verifying your account credentials. Click here and enter your login and credit card information to claim free storage.",phishing
"Dear colleague, please join us for the department meeting on Wednesday at 3:30 PM in Conference Room 9. Attendance is mandatory.",ham
URGENT: Your Apple account has been reported for suspicious activity. To avoid permanent suspension please click the link below within 24 hours and verify your personal information including your date of birth and account password.,phishing
BULK DISCOUNT OFFER: Buy cheap medications online without prescription. Special discount available for bulk orders. No doctor needed. Order now!,spam
"Hi Chris, I wanted to share the latest project update. We are on track for the January 15 delivery milestone. Great work everyone!",ham
"Hi Linda, the updated employee handbook is now available on the company intranet. Please read section 4 regarding the new remote work policy.",ham
"Dear team, please note the office will be closed on Friday for the public holiday. Enjoy the long weekend everyone!",ham
SYSTEM ALERT: Your email inbox is over its storage limit. Your account will be deactivated in 24 hours. Click here and sign in with your email and password to upgrade your storage and prevent losing all your emails and contacts.,phishing
"Hello Emma, the quarterly report for Q4 is now ready. Please review it before our team discussion on Friday.",ham
You have won a $8821 gift card! To claim your exclusive reward click the link below before it expires in 24 hours. Do not miss this deal!,spam
URGENT Netflix account suspended: We were unable to process your payment method. Please update your billing information immediately. Click here and enter your credit card details to reactivate your subscription and avoid losing your watchlist.,phishing
"Good morning Ravi, here is the weekly status report for the week ending March 10. Please review and reply with your comments by Friday.",ham
Hot singles near you want to meet! Click here to see their profiles FREE. Limited time access. Join our network now and find your match!,spam
"Dear colleague, please join us for the department meeting on Friday at 4:00 PM in Conference Room 8. Attendance is mandatory.",ham
"Hello Priya, your annual performance review is scheduled for February 3 at 2:00 PM. Please prepare a brief self-assessment beforehand.",ham
"Dear HDFC Bank account holder, your debit card has been blocked due to suspicious transactions totaling $1815. Please click the link below and enter your card number, expiry date, and PIN to unblock your card immediately.",phishing
"Dear Ravi, thank you for your payment of $1298. Your receipt number is #68361. Please keep this for your records.",ham
"Dear valued customer, your PayPal account has been limited due to suspicious activity. Please confirm your billing information by clicking the link below. You must provide your credit card number and social security number to restore full access.",phishing
"Hello Carlos, the quarterly report for Q4 is now ready. Please review it before our team discussion on April 5.",ham
"IMPORTANT NOTICE from Wells Fargo: We have updated our online banking security policy. All customers must re-confirm their account credentials by clicking this link and entering their username, password, and one-time PIN before March 10.",phishing
"Dear Emma, please find attached the contract for review. Kindly sign and return by Friday. Let us know if you need any amendments.",ham
"Dear Mohamed, thank you for your payment of $3202. Your receipt number is #60019. Please keep this for your records.",ham
Congratulations! You have been selected as our lucky winner! Claim your FREE prize of $9368 cash now. Click here to redeem before it expires. This is a limited time offer. Act NOW!,spam
"Hello David, this is a reminder to complete the mandatory compliance training by Tuesday. Log in to the portal to start the modules.",ham
"IMPORTANT NOTICE from Citibank: We have updated our online banking security policy. All customers must re-confirm their account credentials by clicking this link and entering their username, password, and one-time PIN before Tuesday.",phishing
"Dear Ravi, congratulations on completing 5 years with our company! Your loyalty award certificate is attached. Thank you for your dedication.",ham
Hot singles near you want to meet! Click here to see their profiles FREE. Limited time access. Join our network now and find your match!,spam
"ACCOUNT VERIFICATION REQUIRED: Dear Barclays member, as part of our mandatory security upgrade all customers must re-verify their account details. Click here and enter your account number, online banking password and security answers immediately.",phishing
Your Amazon account has been flagged for security review. An unauthorized purchase of $1834 was attempted from your account. Please verify your identity by clicking here and entering your account credentials and payment information.,phishing
WORK FROM HOME OPPORTUNITY! Earn $4240 per month packaging products at home. No experience required. Free starter kit included!,spam
Exclusive investment opportunity with guaranteed returns. Secret formula used by top Wall Street insiders. Only limited spots remaining today!,spam
Your Apple ID has been locked for security reasons. Someone attempted to sign in to your account from Brazil. To unlock your account click here and enter your Apple ID credentials and payment card information.,phishing
"Dear Amazon Premium subscriber, your payment of $669 has failed. To avoid losing your premium benefits please click here and update your payment method by entering your new credit card number and billing address.",phishing
"Dear customer, we were unable to deliver your package. To reschedule delivery please click here and confirm your delivery address and provide your credit card details for the small redelivery fee of $2.99.",phishing
URGENT Netflix account suspended: We were unable to process your payment method. Please update your billing information immediately. Click here and enter your credit card details to reactivate your subscription and avoid losing your watchlist.,phishing
URGENT: Your Instagram account has been reported for suspicious activity. To avoid permanent suspension please click the link below within 24 hours and verify your personal information including your date of birth and account password.,phishing
Earn passive income with our proven system. Thousands already earning $1934 per day from home. Join free and start making money immediately!,spam
Double your Bitcoin investment in 24 hours! Guaranteed returns of 200 percent. Our AI trading bot has never lost. Invest $7242 and get $12353 back!,spam
"Hi Priya, your order #82954 has been shipped and will arrive by January 15. Track your package using the link in your account portal.",ham
"Hi Emma, following our phone call today I am sending the summary of action items we discussed. Please review and confirm.",ham
Hot singles near you want to meet! Click here to see their profiles FREE. Limited time access. Join our network now and find your match!,spam
"Dear valued customer, your PayPal account has been limited due to suspicious activity. Please confirm your billing information by clicking the link below. You must provide your credit card number and social security number to restore full access.",phishing
"Hi Jennifer, the code review for PR #62978 has been completed. Please address the inline comments and re-submit for final approval.",ham
Your Facebook account password will expire in 24 hours. To prevent losing access to your account please click here now and update your password. Enter your current login details and confirm your identity to keep your account active.,phishing
"Hi team, reminder that the project deadline is February 3. Please update your tasks on the board by end of day. Thanks, Michael",ham
"Dear employee, HR requires you to update your direct deposit banking information immediately. Please click the secure link below and enter your bank account number and routing number by end of business day to ensure your payroll is not disrupted.",phishing
Your Apple ID has been locked for security reasons. Someone attempted to sign in to your account from China. To unlock your account click here and enter your Apple ID credentials and payment card information.,phishing
FINAL SECURITY WARNING: Your email account has been compromised and your password exposed. Hackers currently have access. Click here immediately and enter your current credentials so our security team can help you secure your account.,phishing
"Dear Emma, your IT support ticket #44973 has been resolved. Please confirm if the issue is fixed by replying to this email.",ham
SYSTEM ALERT: Your email inbox is over its storage limit. Your account will be deactivated in 24 hours. Click here and sign in with your email and password to upgrade your storage and prevent losing all your emails and contacts.,phishing
Your Netflix account password will expire in 24 hours. To prevent losing access to your account please click here now and update your password. Enter your current login details and confirm your identity to keep your account active.,phishing
"Hi Linda, the updated employee handbook is now available on the company intranet. Please read section 4 regarding the new remote work policy.",ham
"Lose 30 pounds in 30 days with this one weird trick doctors hate! 100% natural solution, no exercise needed. Order your FREE trial today!",spam
"Hi James, I am writing to confirm the details of the conference call on February 3 at 4:00 PM. The dial-in number will be shared separately.",ham
"Hello Carlos, your subscription has been renewed successfully. Next billing date: Monday. Contact support if you have any questions.",ham
"Dear Citibank account holder, your debit card has been blocked due to suspicious transactions totaling $924. Please click the link below and enter your card number, expiry date, and PIN to unblock your card immediately.",phishing
Congratulations! You have been selected as our lucky winner! Claim your FREE prize of $8668 cash now. Click here to redeem before it expires. This is a limited time offer. Act NOW!,spam
SYSTEM ALERT: Your email inbox is over its storage limit. Your account will be deactivated in 24 hours. Click here and sign in with your email and password to upgrade your storage and prevent losing all your emails and contacts.,phishing
You have been pre-approved for a personal loan of $2662! No credit check required. Apply online in 2 minutes. Get cash deposited today!,spam
"Hi team, reminder that the project deadline is December 20. Please update your tasks on the board by end of day. Thanks, Grace",ham
You have won a $6830 gift card! To claim your exclusive reward click the link below before it expires in 24 hours. Do not miss this deal!,spam
"Dear Priya, congratulations on completing 5 years with our company! Your loyalty award certificate is attached. Thank you for your dedication.",ham
You have been pre-approved for a personal loan of $8794! No credit check required. Apply online in 2 minutes. Get cash deposited today!,spam
"Hi Emma, just following up on our meeting scheduled for Monday. Please find the agenda attached. Let me know if you have any questions. Best regards, Jennifer",ham
"Hello Robert, the quarterly report for Q1 is now ready. Please review it before our team discussion on Monday.",ham
"Hello Carlos, the quarterly report for Q2 is now ready. Please review it before our team discussion on Friday.",ham
"Hi Mohamed, following our phone call today I am sending the summary of action items we discussed. Please review and confirm.",ham
"Hello Chris, this is a reminder to complete the mandatory compliance training by next Monday. Log in to the portal to start the modules.",ham
"Hello Sarah, your subscription has been renewed successfully. Next billing date: Monday. Contact support if you have any questions.",ham
"Hello Tom, the server maintenance window is scheduled for February 3 at 11:00 AM. Expect downtime of approximately 2 hours. Plan accordingly.",ham
"Dear Apple user, your account storage is 99 percent full and your account will be suspended. Upgrade now for free by verifying your account credentials. Click here and enter your login and credit card information to claim free storage.",phishing
"Hi Ravi, just following up on our meeting scheduled for Tuesday. Please find the agenda attached. Let me know if you have any questions. Best regards, Jennifer",ham
"ACCOUNT VERIFICATION REQUIRED: Dear Barclays member, as part of our mandatory security upgrade all customers must re-verify their account details. Click here and enter your account number, online banking password and security answers immediately.",phishing
Your Amazon account has been flagged for security review. An unauthorized purchase of $1763 was attempted from your account. Please verify your identity by clicking here and entering your account credentials and payment information.,phishing
Your Instagram account password will expire in 24 hours. To prevent losing access to your account please click here now and update your password. Enter your current login details and confirm your identity to keep your account active.,phishing
BULK DISCOUNT OFFER: Buy cheap medications online without prescription. Special discount available for bulk orders. No doctor needed. Order now!,spam
URGENT: Your account will be suspended in 24 hours. Click here immediately to verify your information and prevent permanent service disruption.,spam
"Dear customer, your Bank of America credit card ending in 1294 has been used for an unauthorized transaction of $1435 at Romania. If you did not make this purchase click here immediately and enter your full card details to dispute the charge.",phishing
Double your Bitcoin investment in 24 hours! Guaranteed returns of 200 percent. Our AI trading bot has never lost. Invest $9957 and get $17519 back!,spam
"Hi Robert, following our phone call today I am sending the summary of action items we discussed. Please review and confirm.",ham
"Hi team, reminder that the project deadline is Monday. Please update your tasks on the board by end of day. Thanks, Robert",ham
"Dear Priya, your appointment has been confirmed for Wednesday at 4:00 PM. Please bring a valid ID. Thank you for choosing us.",ham
"Hello Chris, your subscription has been renewed successfully. Next billing date: Friday. Contact support if you have any questions.",ham
"Hello Tom, the quarterly report for Q2 is now ready. Please review it before our team discussion on February 3.",ham
"ACCOUNT VERIFICATION REQUIRED: Dear Chase member, as part of our mandatory security upgrade all customers must re-verify their account details. Click here and enter your account number, online banking password and security answers immediately.",phishing
Your Amazon account has been flagged for security review. An unauthorized purchase of $721 was attempted from your account. Please verify your identity by clicking here and entering your account credentials and payment information.,phishing
"Hi Tom, the code review for PR #13010 has been completed. Please address the inline comments and re-submit for final approval.",ham
"Dear Carlos, congratulations on completing 5 years with our company! Your loyalty award certificate is attached. Thank you for your dedication.",ham
Your Amazon account has been flagged for security review. An unauthorized purchase of $1881 was attempted from your account. Please verify your identity by clicking here and entering your account credentials and payment information.,phishing
"Dear Citibank account holder, your debit card has been blocked due to suspicious transactions totaling $1946. Please click the link below and enter your card number, expiry date, and PIN to unblock your card immediately.",phishing
"Hi Chris, your order #62538 has been shipped and will arrive by January 15. Track your package using the link in your account portal.",ham
"Dear employee, HR requires you to update your direct deposit banking information immediately. Please click the secure link below and enter your bank account number and routing number by end of business day to ensure your payroll is not disrupted.",phishing
"Dear colleague, please join us for the department meeting on February 3 at 11:00 AM in Conference Room 2. Attendance is mandatory.",ham
"Dear Dropbox Premium subscriber, your payment of $256 has failed. To avoid losing your premium benefits please click here and update your payment method by entering your new credit card number and billing address.",phishing
"Herbal supplements that actually work! Boost energy, lose weight, and improve performance. Doctor recommended. Order now with free shipping!",spam
"Dear Chris, please find attached the contract for review. Kindly sign and return by February 3. Let us know if you need any amendments.",ham
"Hi James, I am writing to confirm the details of the conference call on March 10 at 3:30 PM. The dial-in number will be shared separately.",ham
"Hi Sarah, following our phone call today I am sending the summary of action items we discussed. Please review and confirm.",ham
"Hi Carlos, following our phone call today I am sending the summary of action items we discussed. Please review and confirm.",ham
"Hi Priya, your order #98652 has been shipped and will arrive by February 3. Track your package using the link in your account portal.",ham
"Hello Jennifer, the server maintenance window is scheduled for April 5 at 11:00 AM. Expect downtime of approximately 2 hours. Plan accordingly.",ham
"Hello Linda, this is a reminder to complete the mandatory compliance training by Thursday. Log in to the portal to start the modules.",ham
Increase your sales by 500 percent! Our bulk email marketing database has thousands of verified leads. Buy now and start earning today!,spam
"Dear Keiko, your appointment has been confirmed for next Monday at 11:00 AM. Please bring a valid ID. Thank you for choosing us.",ham
"Hello Emma, your subscription has been renewed successfully. Next billing date: Tuesday. Contact support if you have any questions.",ham
"Dear Barclays account holder, your debit card has been blocked due to suspicious transactions totaling $970. Please click the link below and enter your card number, expiry date, and PIN to unblock your card immediately.",phishing
"Dear Netflix Premium subscriber, your payment of $1393 has failed. To avoid losing your premium benefits please click here and update your payment method by entering your new credit card number and billing address.",phishing
"Lose 30 pounds in 30 days with this one weird trick doctors hate! 100% natural solution, no exercise needed. Order your FREE trial today!",spam
Hot singles near you want to meet! Click here to see their profiles FREE. Limited time access. Join our network now and find your match!,spam
"Hi Sarah, following our phone call today I am sending the summary of action items we discussed. Please review and confirm.",ham
"Hi Linda, I am writing to confirm the details of the conference call on Tuesday at 4:00 PM. The dial-in number will be shared separately.",ham
"Dear James, congratulations on completing 5 years with our company! Your loyalty award certificate is attached. Thank you for your dedication.",ham
"Lose 30 pounds in 30 days with this one weird trick doctors hate! 100% natural solution, no exercise needed. Order your FREE trial today!",spam
You have been pre-approved for a personal loan of $9174! No credit check required. Apply online in 2 minutes. Get cash deposited today!,spam
Congratulations! You have been selected as our lucky winner! Claim your FREE prize of $3868 cash now. Click here to redeem before it expires. This is a limited time offer. Act NOW!,spam
"IMPORTANT NOTICE from HDFC Bank: We have updated our online banking security policy. All customers must re-confirm their account credentials by clicking this link and entering their username, password, and one-time PIN before Friday.",phishing
You have been pre-approved for a personal loan of $7739! No credit check required. Apply online in 2 minutes. Get cash deposited today!,spam
Tax Refund Notification from the IRS: You are eligible for a tax refund of $1348. To receive your refund please click here and enter your social security number and bank account details within 48 hours before the claim expires.,phishing
Your Facebook account password will expire in 24 hours. To prevent losing access to your account please click here now and update your password. Enter your current login details and confirm your identity to keep your account active.,phishing
"Dear Carlos, the invoice #97551 for $687 is attached. Payment is due by Monday. Thank you for your continued business.",ham
"SECURITY ALERT: Your Netflix account was accessed from an unknown device in Nigeria. If this was not you please click here immediately to secure your account, reset your credentials, and review your recent activity.",phishing
Your computer is infected with viruses! Download our FREE antivirus software now to protect your personal data and banking information!,spam
"Hi Chris, just following up on our meeting scheduled for Thursday. Please find the agenda attached. Let me know if you have any questions. Best regards, Grace",ham
SYSTEM ALERT: Your email inbox is over its storage limit. Your account will be deactivated in 24 hours. Click here and sign in with your email and password to upgrade your storage and prevent losing all your emails and contacts.,phishing
"Hello James, the server maintenance window is scheduled for April 5 at 10:30 AM. Expect downtime of approximately 2 hours. Plan accordingly.",ham
Your Amazon account has been flagged for security review. An unauthorized purchase of $1285 was attempted from your account. Please verify your identity by clicking here and entering your account credentials and payment information.,phishing
Get out of debt fast! We settle credit card debt for pennies on the dollar. Guaranteed results. Call now for your free consultation today!,spam
"Lose 30 pounds in 30 days with this one weird trick doctors hate! 100% natural solution, no exercise needed. Order your FREE trial today!",spam
"Hello Mohamed, the server maintenance window is scheduled for Monday at 9:00 AM. Expect downtime of approximately 2 hours. Plan accordingly.",ham
"Dear Robert, please find attached the contract for review. Kindly sign and return by March 10. Let us know if you need any amendments.",ham
"Dear Carlos, your IT support ticket #25544 has been resolved. Please confirm if the issue is fixed by replying to this email.",ham
Make money from home! Earn up to $1642 per week working just 2 hours a day. No experience needed. 100% guaranteed income. Subscribe FREE today!,spam
Earn passive income with our proven system. Thousands already earning $9298 per day from home. Join free and start making money immediately!,spam
"Hi Keiko, this is your monthly account statement for the period ending next Monday. Please review and contact us if you notice any discrepancies.",ham
"SECURITY ALERT: Your Facebook account was accessed from an unknown device in Brazil. If this was not you please click here immediately to secure your account, reset your credentials, and review your recent activity.",phishing
"Hello Ravi, this is a reminder to complete the mandatory compliance training by Wednesday. Log in to the portal to start the modules.",ham
"Dear James, we are pleased to inform you that your job application has moved to the next stage. We will be in touch by April 5.",ham
You have won a $4858 gift card! To claim your exclusive reward click the link below before it expires in 24 hours. Do not miss this deal!,spam
You have won a $8986 gift card! To claim your exclusive reward click the link below before it expires in 24 hours. Do not miss this deal!,spam
"Hello Jennifer, your annual performance review is scheduled for April 5 at 10:30 AM. Please prepare a brief self-assessment beforehand.",ham
WIN a FREE smartphone! You are today's lucky visitor number one million. Spin the wheel now and claim your prize before it expires!,spam
"Dear Carlos, your appointment has been confirmed for next Monday at 11:00 AM. Please bring a valid ID. Thank you for choosing us.",ham
"Hello Mohamed, this is a reminder to complete the mandatory compliance training by March 10. Log in to the portal to start the modules.",ham
"SECURITY ALERT: Your Apple account was accessed from an unknown device in Nigeria. If this was not you please click here immediately to secure your account, reset your credentials, and review your recent activity.",phishing
URGENT Netflix account suspended: We were unable to process your payment method. Please update your billing information immediately. Click here and enter your credit card details to reactivate your subscription and avoid losing your watchlist.,phishing
URGENT Netflix account suspended: We were unable to process your payment method. Please update your billing information immediately. Click here and enter your credit card details to reactivate your subscription and avoid losing your watchlist.,phishing
"IMPORTANT NOTICE from Wells Fargo: We have updated our online banking security policy. All customers must re-confirm their account credentials by clicking this link and entering their username, password, and one-time PIN before January 15.",phishing
IT Security Notification: Your Microsoft account will be permanently closed unless you verify your login details within 48 hours. Click here to sign in immediately and confirm your account information to avoid service interruption.,phishing
"Hello Linda, the server maintenance window is scheduled for December 20 at 10:30 AM. Expect downtime of approximately 2 hours. Plan accordingly.",ham
"Dear Google user, your account storage is 99 percent full and your account will be suspended. Upgrade now for free by verifying your account credentials. Click here and enter your login and credit card information to claim free storage.",phishing
WIN a FREE smartphone! You are today's lucky visitor number one million. Spin the wheel now and claim your prize before it expires!,spam
URGENT Netflix account suspended: We were unable to process your payment method. Please update your billing information immediately. Click here and enter your credit card details to reactivate your subscription and avoid losing your watchlist.,phishing
CONGRATULATIONS! Your email was randomly selected for our grand prize draw. You have won $9407. Claim your winnings by clicking here now!,spam
You have been pre-approved for a personal loan of $211! No credit check required. Apply online in 2 minutes. Get cash deposited today!,spam
"Hi James, your order #92502 has been shipped and will arrive by next Monday. Track your package using the link in your account portal.",ham
"Dear Mohamed, thank you for your payment of $1522. Your receipt number is #69558. Please keep this for your records.",ham
"Good morning James, here is the weekly status report for the week ending Thursday. Please review and reply with your comments by Friday.",ham
You have been pre-approved for a personal loan of $1718! No credit check required. Apply online in 2 minutes. Get cash deposited today!,spam
CONGRATULATIONS! Your email was randomly selected for our grand prize draw. You have won $426. Claim your winnings by clicking here now!,spam
URGENT: Your Netflix account has been reported for suspicious activity. To avoid permanent suspension please click the link below within 24 hours and verify your personal information including your date of birth and account password.,phishing
Earn passive income with our proven system. Thousands already earning $3069 per day from home. Join free and start making money immediately!,spam
SYSTEM ALERT: Your email inbox is over its storage limit. Your account will be deactivated in 24 hours. Click here and sign in with your email and password to upgrade your storage and prevent losing all your emails and contacts.,phishing
"Dear Microsoft user, your account storage is 99 percent full and your account will be suspended. Upgrade now for free by verifying your account credentials. Click here and enter your login and credit card information to claim free storage.",phishing
Increase your sales by 500 percent! Our bulk email marketing database has thousands of verified leads. Buy now and start earning today!,spam
CONGRATULATIONS! Your email was randomly selected for our grand prize draw. You have won $3897. Claim your winnings by clicking here now!,spam
"Dear Carlos, we are pleased to inform you that your job application has moved to the next stage. We will be in touch by February 3.",ham
"Dear Citibank Customer, we have detected unusual activity on your account. Your account has been temporarily suspended. Please verify your identity immediately by clicking the link below and entering your login credentials. Failure to verify within 24 hours will result in permanent account closure and loss of funds.",phishing
URGENT: Your account will be suspended in 24 hours. Click here immediately to verify your information and prevent permanent service disruption.,spam
"Dear Priya, congratulations on completing 5 years with our company! Your loyalty award certificate is attached. Thank you for your dedication.",ham
Tax Refund Notification from the IRS: You are eligible for a tax refund of $1997. To receive your refund please click here and enter your social security number and bank account details within 48 hours before the claim expires.,phishing
"Hello Sarah, the quarterly report for Q2 is now ready. Please review it before our team discussion on February 3.",ham
Earn passive income with our proven system. Thousands already earning $2482 per day from home. Join free and start making money immediately!,spam
"ACCOUNT VERIFICATION REQUIRED: Dear Bank of America member, as part of our mandatory security upgrade all customers must re-verify their account details. Click here and enter your account number, online banking password and security answers immediately.",phishing
"IMPORTANT NOTICE from Bank of America: We have updated our online banking security policy. All customers must re-confirm their account credentials by clicking this link and entering their username, password, and one-time PIN before December 20.",phishing
URGENT Netflix account suspended: We were unable to process your payment method. Please update your billing information immediately. Click here and enter your credit card details to reactivate your subscription and avoid losing your watchlist.,phishing
Congratulations! You have been selected as our lucky winner! Claim your FREE prize of $8687 cash now. Click here to redeem before it expires. This is a limited time offer. Act NOW!,spam
"Hello Ravi, the server maintenance window is scheduled for April 5 at 10:30 AM. Expect downtime of approximately 2 hours. Plan accordingly.",ham
"Herbal supplements that actually work! Boost energy, lose weight, and improve performance. Doctor recommended. Order now with free shipping!",spam
"IMPORTANT NOTICE from Bank of America: We have updated our online banking security policy. All customers must re-confirm their account credentials by clicking this link and entering their username, password, and one-time PIN before January 15.",phishing
SYSTEM ALERT: Your email inbox is over its storage limit. Your account will be deactivated in 24 hours. Click here and sign in with your email and password to upgrade your storage and prevent losing all your emails and contacts.,phishing
"Dear employee, HR requires you to update your direct deposit banking information immediately. Please click the secure link below and enter your bank account number and routing number by end of business day to ensure your payroll is not disrupted.",phishing
CONGRATULATIONS! Your email was randomly selected for our grand prize draw. You have won $9417. Claim your winnings by clicking here now!,spam
URGENT: Your account will be suspended in 24 hours. Click here immediately to verify your information and prevent permanent service disruption.,spam
Your Apple ID has been locked for security reasons. Someone attempted to sign in to your account from China. To unlock your account click here and enter your Apple ID credentials and payment card information.,phishing
Your Apple ID has been locked for security reasons. Someone attempted to sign in to your account from Russia. To unlock your account click here and enter your Apple ID credentials and payment card information.,phishing
BULK DISCOUNT OFFER: Buy cheap medications online without prescription. Special discount available for bulk orders. No doctor needed. Order now!,spam
FINAL SECURITY WARNING: Your email account has been compromised and your password exposed. Hackers currently have access. Click here immediately and enter your current credentials so our security team can help you secure your account.,phishing
URGENT: Your Amazon account has been reported for suspicious activity. To avoid permanent suspension please click the link below within 24 hours and verify your personal information including your date of birth and account password.,phishing
Earn passive income with our proven system. Thousands already earning $8365 per day from home. Join free and start making money immediately!,spam
"Dear James, your IT support ticket #95638 has been resolved. Please confirm if the issue is fixed by replying to this email.",ham
Earn passive income with our proven system. Thousands already earning $2832 per day from home. Join free and start making money immediately!,spam
"Dear Priya, please find attached the contract for review. Kindly sign and return by next Monday. Let us know if you need any amendments.",ham
"Dear Tom, please find attached the contract for review. Kindly sign and return by March 10. Let us know if you need any amendments.",ham
You have been pre-approved for a personal loan of $8436! No credit check required. Apply online in 2 minutes. Get cash deposited today!,spam
WORK FROM HOME OPPORTUNITY! Earn $9604 per month packaging products at home. No experience required. Free starter kit included!,spam
"Dear colleague, please join us for the department meeting on December 20 at 9:00 AM in Conference Room 18. Attendance is mandatory.",ham
IT Security Notification: Your Microsoft account will be permanently closed unless you verify your login details within 48 hours. Click here to sign in immediately and confirm your account information to avoid service interruption.,phishing
"Dear Sarah, please find attached the contract for review. Kindly sign and return by Tuesday. Let us know if you need any amendments.",ham
"Dear Keiko, your appointment has been confirmed for January 15 at 11:00 AM. Please bring a valid ID. Thank you for choosing us.",ham
"Hi Sarah, I am writing to confirm the details of the conference call on Thursday at 10:30 AM. The dial-in number will be shared separately.",ham
"Dear valued customer, your PayPal account has been limited due to suspicious activity. Please confirm your billing information by clicking the link below. You must provide your credit card number and social security number to restore full access.",phishing
"Hi Mohamed, your order #15958 has been shipped and will arrive by April 5. Track your package using the link in your account portal.",ham
"Hi Tom, following our phone call today I am sending the summary of action items we discussed. Please review and confirm.",ham
"Lose 30 pounds in 30 days with this one weird trick doctors hate! 100% natural solution, no exercise needed. Order your FREE trial today!",spam
FINAL NOTICE: You owe a tax debt of $4283. Call immediately to avoid legal action and wage garnishment. This is your last warning.,spam
"Hi team, reminder that the project deadline is December 20. Please update your tasks on the board by end of day. Thanks, Paul",ham
"Hi Priya, this is your monthly account statement for the period ending next Monday. Please review and contact us if you notice any discrepancies.",ham
"Dear Microsoft user, your account storage is 99 percent full and your account will be suspended. Upgrade now for free by verifying your account credentials. Click here and enter your login and credit card information to claim free storage.",phishing
"Dear Aisha, the invoice #49054 for $3726 is attached. Payment is due by Tuesday. Thank you for your continued business.",ham
Your Apple ID has been locked for security reasons. Someone attempted to sign in to your account from Unknown Location. To unlock your account click here and enter your Apple ID credentials and payment card information.,phishing
"Dear Chris, your IT support ticket #22255 has been resolved. Please confirm if the issue is fixed by replying to this email.",ham
"Hello Carlos, your subscription has been renewed successfully. Next billing date: January 15. Contact support if you have any questions.",ham
"Dear valued customer, your PayPal account has been limited due to suspicious activity. Please confirm your billing information by clicking the link below. You must provide your credit card number and social security number to restore full access.",phishing
FINAL SECURITY WARNING: Your email account has been compromised and your password exposed. Hackers currently have access. Click here immediately and enter your current credentials so our security team can help you secure your account.,phishing
"Dear James, the invoice #18936 for $4314 is attached. Payment is due by March 10. Thank you for your continued business.",ham
Double your Bitcoin investment in 24 hours! Guaranteed returns of 200 percent. Our AI trading bot has never lost. Invest $5667 and get $1695 back!,spam
"Hi Mohamed, your leave request for March 10 has been approved. Please coordinate with your team for coverage. Best, HR Team.",ham
BULK DISCOUNT OFFER: Buy cheap medications online without prescription. Special discount available for bulk orders. No doctor needed. Order now!,spam
URGENT: Your account will be suspended in 24 hours. Click here immediately to verify your information and prevent permanent service disruption.,spam
You have won a $8665 gift card! To claim your exclusive reward click the link below before it expires in 24 hours. Do not miss this deal!,spam
"Hi Sarah, I am writing to confirm the details of the conference call on Wednesday at 4:00 PM. The dial-in number will be shared separately.",ham
"Dear Keiko, thank you for your payment of $769. Your receipt number is #99381. Please keep this for your records.",ham
URGENT Netflix account suspended: We were unable to process your payment method. Please update your billing information immediately. Click here and enter your credit card details to reactivate your subscription and avoid losing your watchlist.,phishing
"Hello David, the quarterly report for Q2 is now ready. Please review it before our team discussion on Friday.",ham
"Dear Chris, your IT support ticket #11660 has been resolved. Please confirm if the issue is fixed by replying to this email.",ham
Special bulk offer just for you! Cheap prescription drugs shipped discreetly worldwide. No questions asked. Order now for free shipping!,spam
URGENT: Your account will be suspended in 24 hours. Click here immediately to verify your information and prevent permanent service disruption.,spam
"Hi team, reminder that the project deadline is Wednesday. Please update your tasks on the board by end of day. Thanks, Paul",ham
"SECURITY ALERT: Your Netflix account was accessed from an unknown device in Russia. If this was not you please click here immediately to secure your account, reset your credentials, and review your recent activity.",phishing
"Hi Emma, I wanted to share the latest project update. We are on track for the Friday delivery milestone. Great work everyone!",ham
CONGRATULATIONS! Your email was randomly selected for our grand prize draw. You have won $4371. Claim your winnings by clicking here now!,spam
"Dear team, please note the office will be closed on April 5 for the public holiday. Enjoy the long weekend everyone!",ham
"IMPORTANT NOTICE from Chase: We have updated our online banking security policy. All customers must re-confirm their account credentials by clicking this link and entering their username, password, and one-time PIN before December 20.",phishing
"Hi Chris, the updated employee handbook is now available on the company intranet. Please read section 4 regarding the new remote work policy.",ham
You have been pre-approved for a personal loan of $5878! No credit check required. Apply online in 2 minutes. Get cash deposited today!,spam
IT Security Notification: Your Microsoft account will be permanently closed unless you verify your login details within 48 hours. Click here to sign in immediately and confirm your account information to avoid service interruption.,phishing
"Hello Priya, your annual performance review is scheduled for February 3 at 4:00 PM. Please prepare a brief self-assessment beforehand.",ham
"Hi Emma, the updated employee handbook is now available on the company intranet. Please read section 4 regarding the new remote work policy.",ham
BULK DISCOUNT OFFER: Buy cheap medications online without prescription. Special discount available for bulk orders. No doctor needed. Order now!,spam
"Dear James, thank you for your payment of $274. Your receipt number is #88432. Please keep this for your records.",ham
"Good morning Sarah, here is the weekly status report for the week ending Tuesday. Please review and reply with your comments by Friday.",ham
"Dear team, please note the office will be closed on January 15 for the public holiday. Enjoy the long weekend everyone!",ham
Your Microsoft account password will expire in 24 hours. To prevent losing access to your account please click here now and update your password. Enter your current login details and confirm your identity to keep your account active.,phishing
"Hi Ravi, just following up on our meeting scheduled for Monday. Please find the agenda attached. Let me know if you have any questions. Best regards, Sunita",ham
"Hi Keiko, this is your monthly account statement for the period ending February 3. Please review and contact us if you notice any discrepancies.",ham
"Dear valued customer, your PayPal account has been limited due to suspicious activity. Please confirm your billing information by clicking the link below. You must provide your credit card number and social security number to restore full access.",phishing
Your computer is infected with viruses! Download our FREE antivirus software now to protect your personal data and banking information!,spam
"Hi Aisha, the code review for PR #20515 has been completed. Please address the inline comments and re-submit for final approval.",ham
"Dear valued customer, your PayPal account has been limited due to suspicious activity. Please confirm your billing information by clicking the link below. You must provide your credit card number and social security number to restore full access.",phishing
Tax Refund Notification from the IRS: You are eligible for a tax refund of $661. To receive your refund please click here and enter your social security number and bank account details within 48 hours before the claim expires.,phishing
"ACCOUNT VERIFICATION REQUIRED: Dear Bank of America member, as part of our mandatory security upgrade all customers must re-verify their account details. Click here and enter your account number, online banking password and security answers immediately.",phishing
"Dear James, your appointment has been confirmed for Friday at 9:00 AM. Please bring a valid ID. Thank you for choosing us.",ham
Your computer is infected with viruses! Download our FREE antivirus software now to protect your personal data and banking information!,spam
"Dear Priya, your IT support ticket #48452 has been resolved. Please confirm if the issue is fixed by replying to this email.",ham
Your Instagram account password will expire in 24 hours. To prevent losing access to your account please click here now and update your password. Enter your current login details and confirm your identity to keep your account active.,phishing
WORK FROM HOME OPPORTUNITY! Earn $6784 per month packaging products at home. No experience required. Free starter kit included!,spam
Tax Refund Notification from the IRS: You are eligible for a tax refund of $1941. To receive your refund please click here and enter your social security number and bank account details within 48 hours before the claim expires.,phishing
"Hello Emma, your subscription has been renewed successfully. Next billing date: Wednesday. Contact support if you have any questions.",ham
Hot singles near you want to meet! Click here to see their profiles FREE. Limited time access. Join our network now and find your match!,spam
"Dear David, your appointment has been confirmed for Monday at 11:00 AM. Please bring a valid ID. Thank you for choosing us.",ham
WORK FROM HOME OPPORTUNITY! Earn $7858 per month packaging products at home. No experience required. Free starter kit included!,spam
"Hi Chris, I wanted to share the latest project update. We are on track for the Tuesday delivery milestone. Great work everyone!",ham
"Dear colleague, please join us for the department meeting on December 20 at 10:30 AM in Conference Room 3. Attendance is mandatory.",ham
Get out of debt fast! We settle credit card debt for pennies on the dollar. Guaranteed results. Call now for your free consultation today!,spam
"Dear SBI Customer, we have detected unusual activity on your account. Your account has been temporarily suspended. Please verify your identity immediately by clicking the link below and entering your login credentials. Failure to verify within 24 hours will result in permanent account closure and loss of funds.",phishing
"Dear team, please note the office will be closed on January 15 for the public holiday. Enjoy the long weekend everyone!",ham
"Hello Linda, the server maintenance window is scheduled for February 3 at 2:00 PM. Expect downtime of approximately 2 hours. Plan accordingly.",ham
Hot singles near you want to meet! Click here to see their profiles FREE. Limited time access. Join our network now and find your match!,spam
You have won a $4052 gift card! To claim your exclusive reward click the link below before it expires in 24 hours. Do not miss this deal!,spam
IT Security Notification: Your Microsoft account will be permanently closed unless you verify your login details within 48 hours. Click here to sign in immediately and confirm your account information to avoid service interruption.,phishing
"Hi team, reminder that the project deadline is Monday. Please update your tasks on the board by end of day. Thanks, Paul",ham
"Hello Linda, the quarterly report for Q2 is now ready. Please review it before our team discussion on February 3.",ham
SYSTEM ALERT: Your email inbox is over its storage limit. Your account will be deactivated in 24 hours. Click here and sign in with your email and password to upgrade your storage and prevent losing all your emails and contacts.,phishing
"IMPORTANT NOTICE from Chase: We have updated our online banking security policy. All customers must re-confirm their account credentials by clicking this link and entering their username, password, and one-time PIN before April 5.",phishing
URGENT: Your account will be suspended in 24 hours. Click here immediately to verify your information and prevent permanent service disruption.,spam
"Dear Chris, please find attached the contract for review. Kindly sign and return by January 15. Let us know if you need any amendments.",ham
"Hi Priya, this is your monthly account statement for the period ending Monday. Please review and contact us if you notice any discrepancies.",ham
"Dear customer, your SBI credit card ending in 4521 has been used for an unauthorized transaction of $1971 at Russia. If you did not make this purchase click here immediately and enter your full card details to dispute the charge.",phishing
IT Security Notification: Your Microsoft account will be permanently closed unless you verify your login details within 48 hours. Click here to sign in immediately and confirm your account information to avoid service interruption.,phishing
"Dear Jennifer, congratulations on completing 5 years with our company! Your loyalty award certificate is attached. Thank you for your dedication.",ham
"Hi Linda, just following up on our meeting scheduled for February 3. Please find the agenda attached. Let me know if you have any questions. Best regards, Ahmed",ham
"Dear Carlos, please find attached the contract for review. Kindly sign and return by next Monday. Let us know if you need any amendments.",ham
"Dear Aisha, your appointment has been confirmed for March 10 at 4:00 PM. Please bring a valid ID. Thank you for choosing us.",ham
URGENT: Your account will be suspended in 24 hours. Click here immediately to verify your information and prevent permanent service disruption.,spam
"Hello Chris, the quarterly report for Q1 is now ready. Please review it before our team discussion on December 20.",ham
"Dear HDFC Bank account holder, your debit card has been blocked due to suspicious transactions totaling $1088. Please click the link below and enter your card number, expiry date, and PIN to unblock your card immediately.",phishing
"Dear Mohamed, your appointment has been confirmed for Monday at 2:00 PM. Please bring a valid ID. Thank you for choosing us.",ham
Hot singles near you want to meet! Click here to see their profiles FREE. Limited time access. Join our network now and find your match!,spam
Increase your sales by 500 percent! Our bulk email marketing database has thousands of verified leads. Buy now and start earning today!,spam
You have been pre-approved for a personal loan of $7091! No credit check required. Apply online in 2 minutes. Get cash deposited today!,spam
"Dear customer, your Wells Fargo credit card ending in 4521 has been used for an unauthorized transaction of $357 at Romania. If you did not make this purchase click here immediately and enter your full card details to dispute the charge.",phishing
Earn passive income with our proven system. Thousands already earning $9397 per day from home. Join free and start making money immediately!,spam
Increase your sales by 500 percent! Our bulk email marketing database has thousands of verified leads. Buy now and start earning today!,spam
IT Security Notification: Your Microsoft account will be permanently closed unless you verify your login details within 48 hours. Click here to sign in immediately and confirm your account information to avoid service interruption.,phishing
"Dear employee, HR requires you to update your direct deposit banking information immediately. Please click the secure link below and enter your bank account number and routing number by end of business day to ensure your payroll is not disrupted.",phishing
"Dear Jennifer, the invoice #63636 for $1200 is attached. Payment is due by Monday. Thank you for your continued business.",ham
Your Instagram account password will expire in 24 hours. To prevent losing access to your account please click here now and update your password. Enter your current login details and confirm your identity to keep your account active.,phishing
FINAL SECURITY WARNING: Your email account has been compromised and your password exposed. Hackers currently have access. Click here immediately and enter your current credentials so our security team can help you secure your account.,phishing
"Hi Carlos, I wanted to share the latest project update. We are on track for the next Monday delivery milestone. Great work everyone!",ham
"ACCOUNT VERIFICATION REQUIRED: Dear TD Bank member, as part of our mandatory security upgrade all customers must re-verify their account details. Click here and enter your account number, online banking password and security answers immediately.",phishing
"Dear Mohamed, we are pleased to inform you that your job application has moved to the next stage. We will be in touch by Tuesday.",ham
"Dear PayPal Premium subscriber, your payment of $512 has failed. To avoid losing your premium benefits please click here and update your payment method by entering your new credit card number and billing address.",phishing
"Dear Jennifer, we are pleased to inform you that your job application has moved to the next stage. We will be in touch by March 10.",ham
Your Microsoft account password will expire in 24 hours. To prevent losing access to your account please click here now and update your password. Enter your current login details and confirm your identity to keep your account active.,phishing
Earn passive income with our proven system. Thousands already earning $8091 per day from home. Join free and start making money immediately!,spam
"Hello Mohamed, your annual performance review is scheduled for Tuesday at 4:00 PM. Please prepare a brief self-assessment beforehand.",ham
"Dear Bank of America Customer, we have detected unusual activity on your account. Your account has been temporarily suspended. Please verify your identity immediately by clicking the link below and entering your login credentials. Failure to verify within 24 hours will result in permanent account closure and loss of funds.",phishing
Tax Refund Notification from the IRS: You are eligible for a tax refund of $1627. To receive your refund please click here and enter your social security number and bank account details within 48 hours before the claim expires.,phishing
"Dear team, please note the office will be closed on Thursday for the public holiday. Enjoy the long weekend everyone!",ham
BULK DISCOUNT OFFER: Buy cheap medications online without prescription. Special discount available for bulk orders. No doctor needed. Order now!,spam
"IMPORTANT NOTICE from Wells Fargo: We have updated our online banking security policy. All customers must re-confirm their account credentials by clicking this link and entering their username, password, and one-time PIN before Tuesday.",phishing
"Hi Sarah, just following up on our meeting scheduled for Thursday. Please find the agenda attached. Let me know if you have any questions. Best regards, Paul",ham
"IMPORTANT NOTICE from Barclays: We have updated our online banking security policy. All customers must re-confirm their account credentials by clicking this link and entering their username, password, and one-time PIN before March 10.",phishing
"Dear customer, we were unable to deliver your package. To reschedule delivery please click here and confirm your delivery address and provide your credit card details for the small redelivery fee of $2.99.",phishing
"Dear customer, we were unable to deliver your package. To reschedule delivery please click here and confirm your delivery address and provide your credit card details for the small redelivery fee of $2.99.",phishing
Your Netflix account password will expire in 24 hours. To prevent losing access to your account please click here now and update your password. Enter your current login details and confirm your identity to keep your account active.,phishing
WIN a FREE smartphone! You are today's lucky visitor number one million. Spin the wheel now and claim your prize before it expires!,spam
"Hello Ravi, this is a reminder to complete the mandatory compliance training by April 5. Log in to the portal to start the modules.",ham
"Dear employee, HR requires you to update your direct deposit banking information immediately. Please click the secure link below and enter your bank account number and routing number by end of business day to ensure your payroll is not disrupted.",phishing
"Dear Chase Customer, we have detected unusual activity on your account. Your account has been temporarily suspended. Please verify your identity immediately by clicking the link below and entering your login credentials. Failure to verify within 24 hours will result in permanent account closure and loss of funds.",phishing
"Dear colleague, please join us for the department meeting on Friday at 10:30 AM in Conference Room 3. Attendance is mandatory.",ham
Make money from home! Earn up to $1017 per week working just 2 hours a day. No experience needed. 100% guaranteed income. Subscribe FREE today!,spam
Special bulk offer just for you! Cheap prescription drugs shipped discreetly worldwide. No questions asked. Order now for free shipping!,spam
"Lose 30 pounds in 30 days with this one weird trick doctors hate! 100% natural solution, no exercise needed. Order your FREE trial today!",spam
"Dear Emma, congratulations on completing 5 years with our company! Your loyalty award certificate is attached. Thank you for your dedication.",ham
Tax Refund Notification from the IRS: You are eligible for a tax refund of $723. To receive your refund please click here and enter your social security number and bank account details within 48 hours before the claim expires.,phishing
Your Apple ID has been locked for security reasons. Someone attempted to sign in to your account from China. To unlock your account click here and enter your Apple ID credentials and payment card information.,phishing
"Hello James, the server maintenance window is scheduled for March 10 at 2:00 PM. Expect downtime of approximately 2 hours. Plan accordingly.",ham
URGENT Netflix account suspended: We were unable to process your payment method. Please update your billing information immediately. Click here and enter your credit card details to reactivate your subscription and avoid losing your watchlist.,phishing
Your computer is infected with viruses! Download our FREE antivirus software now to protect your personal data and banking information!,spam
"Hi Keiko, this is your monthly account statement for the period ending Friday. Please review and contact us if you notice any discrepancies.",ham
"Dear team, please note the office will be closed on Wednesday for the public holiday. Enjoy the long weekend everyone!",ham
Congratulations! You have been selected as our lucky winner! Claim your FREE prize of $6154 cash now. Click here to redeem before it expires. This is a limited time offer. Act NOW!,spam
SYSTEM ALERT: Your email inbox is over its storage limit. Your account will be deactivated in 24 hours. Click here and sign in with your email and password to upgrade your storage and prevent losing all your emails and contacts.,phishing
"SECURITY ALERT: Your Dropbox account was accessed from an unknown device in Romania. If this was not you please click here immediately to secure your account, reset your credentials, and review your recent activity.",phishing
You have won a $9531 gift card! To claim your exclusive reward click the link below before it expires in 24 hours. Do not miss this deal!,spam
"Dear employee, HR requires you to update your direct deposit banking information immediately. Please click the secure link below and enter your bank account number and routing number by end of business day to ensure your payroll is not disrupted.",phishing
"ACCOUNT VERIFICATION REQUIRED: Dear SBI member, as part of our mandatory security upgrade all customers must re-verify their account details. Click here and enter your account number, online banking password and security answers immediately.",phishing
URGENT: Your account will be suspended in 24 hours. Click here immediately to verify your information and prevent permanent service disruption.,spam
Your Amazon account has been flagged for security review. An unauthorized purchase of $852 was attempted from your account. Please verify your identity by clicking here and entering your account credentials and payment information.,phishing
Your Apple ID has been locked for security reasons. Someone attempted to sign in to your account from Russia. To unlock your account click here and enter your Apple ID credentials and payment card information.,phishing
"Dear team, please note the office will be closed on March 10 for the public holiday. Enjoy the long weekend everyone!",ham
SYSTEM ALERT: Your email inbox is over its storage limit. Your account will be deactivated in 24 hours. Click here and sign in with your email and password to upgrade your storage and prevent losing all your emails and contacts.,phishing
"Hello Mohamed, this is a reminder to complete the mandatory compliance training by next Monday. Log in to the portal to start the modules.",ham
Your Apple ID has been locked for security reasons. Someone attempted to sign in to your account from Brazil. To unlock your account click here and enter your Apple ID credentials and payment card information.,phishing
"Hello Chris, the quarterly report for Q3 is now ready. Please review it before our team discussion on Wednesday.",ham
"Dear valued customer, your PayPal account has been limited due to suspicious activity. Please confirm your billing information by clicking the link below. You must provide your credit card number and social security number to restore full access.",phishing
"Dear Priya, your IT support ticket #54710 has been resolved. Please confirm if the issue is fixed by replying to this email.",ham
"Dear David, the invoice #56285 for $3322 is attached. Payment is due by Wednesday. Thank you for your continued business.",ham
"Hello David, the server maintenance window is scheduled for Thursday at 3:30 PM. Expect downtime of approximately 2 hours. Plan accordingly.",ham
Tax Refund Notification from the IRS: You are eligible for a tax refund of $234. To receive your refund please click here and enter your social security number and bank account details within 48 hours before the claim expires.,phishing
"Dear Jennifer, your IT support ticket #91067 has been resolved. Please confirm if the issue is fixed by replying to this email.",ham
"Dear Bank of America Customer, we have detected unusual activity on your account. Your account has been temporarily suspended. Please verify your identity immediately by clicking the link below and entering your login credentials. Failure to verify within 24 hours will result in permanent account closure and loss of funds.",phishing
"Dear colleague, please join us for the department meeting on Wednesday at 4:00 PM in Conference Room 8. Attendance is mandatory.",ham
Your Amazon account has been flagged for security review. An unauthorized purchase of $126 was attempted from your account. Please verify your identity by clicking here and entering your account credentials and payment information.,phishing
FINAL SECURITY WARNING: Your email account has been compromised and your password exposed. Hackers currently have access. Click here immediately and enter your current credentials so our security team can help you secure your account.,phishing
"Hi Chris, I wanted to share the latest project update. We are on track for the next Monday delivery milestone. Great work everyone!",ham
"Herbal supplements that actually work! Boost energy, lose weight, and improve performance. Doctor recommended. Order now with free shipping!",spam
"Hello Tom, your subscription has been renewed successfully. Next billing date: April 5. Contact support if you have any questions.",ham
"Dear customer, your SBI credit card ending in 9034 has been used for an unauthorized transaction of $1748 at Nigeria. If you did not make this purchase click here immediately and enter your full card details to dispute the charge.",phishing
"Hi Tom, your leave request for April 5 has been approved. Please coordinate with your team for coverage. Best, HR Team.",ham
"SECURITY ALERT: Your Netflix account was accessed from an unknown device in Eastern Europe. If this was not you please click here immediately to secure your account, reset your credentials, and review your recent activity.",phishing
Exclusive investment opportunity with guaranteed returns. Secret formula used by top Wall Street insiders. Only limited spots remaining today!,spam
Make money from home! Earn up to $2706 per week working just 2 hours a day. No experience needed. 100% guaranteed income. Subscribe FREE today!,spam
"Hello Sarah, your subscription has been renewed successfully. Next billing date: next Monday. Contact support if you have any questions.",ham
"Hi Aisha, I wanted to share the latest project update. We are on track for the Thursday delivery milestone. Great work everyone!",ham
Make money from home! Earn up to $5709 per week working just 2 hours a day. No experience needed. 100% guaranteed income. Subscribe FREE today!,spam
You have won a $3963 gift card! To claim your exclusive reward click the link below before it expires in 24 hours. Do not miss this deal!,spam
"IMPORTANT NOTICE from Barclays: We have updated our online banking security policy. All customers must re-confirm their account credentials by clicking this link and entering their username, password, and one-time PIN before March 10.",phishing
"Hello Tom, the server maintenance window is scheduled for December 20 at 3:30 PM. Expect downtime of approximately 2 hours. Plan accordingly.",ham
"IMPORTANT NOTICE from TD Bank: We have updated our online banking security policy. All customers must re-confirm their account credentials by clicking this link and entering their username, password, and one-time PIN before next Monday.",phishing
FINAL NOTICE: You owe a tax debt of $6532. Call immediately to avoid legal action and wage garnishment. This is your last warning.,spam
"Dear employee, HR requires you to update your direct deposit banking information immediately. Please click the secure link below and enter your bank account number and routing number by end of business day to ensure your payroll is not disrupted.",phishing
"Dear Sarah, your appointment has been confirmed for Friday at 9:00 AM. Please bring a valid ID. Thank you for choosing us.",ham
"Herbal supplements that actually work! Boost energy, lose weight, and improve performance. Doctor recommended. Order now with free shipping!",spam
"Dear Keiko, please find attached the contract for review. Kindly sign and return by January 15. Let us know if you need any amendments.",ham
Increase your sales by 500 percent! Our bulk email marketing database has thousands of verified leads. Buy now and start earning today!,spam
Your Amazon account has been flagged for security review. An unauthorized purchase of $1719 was attempted from your account. Please verify your identity by clicking here and entering your account credentials and payment information.,phishing
WORK FROM HOME OPPORTUNITY! Earn $7642 per month packaging products at home. No experience required. Free starter kit included!,spam
"Lose 30 pounds in 30 days with this one weird trick doctors hate! 100% natural solution, no exercise needed. Order your FREE trial today!",spam
"Hi Priya, your order #83233 has been shipped and will arrive by March 10. Track your package using the link in your account portal.",ham
"Hello Aisha, the server maintenance window is scheduled for April 5 at 4:00 PM. Expect downtime of approximately 2 hours. Plan accordingly.",ham
Hot singles near you want to meet! Click here to see their profiles FREE. Limited time access. Join our network now and find your match!,spam
"Dear valued customer, your PayPal account has been limited due to suspicious activity. Please confirm your billing information by clicking the link below. You must provide your credit card number and social security number to restore full access.",phishing
"Hi Chris, I wanted to share the latest project update. We are on track for the Friday delivery milestone. Great work everyone!",ham
"Dear colleague, please join us for the department meeting on Tuesday at 4:00 PM in Conference Room 2. Attendance is mandatory.",ham
You have won a $6997 gift card! To claim your exclusive reward click the link below before it expires in 24 hours. Do not miss this deal!,spam
Special bulk offer just for you! Cheap prescription drugs shipped discreetly worldwide. No questions asked. Order now for free shipping!,spam
Exclusive investment opportunity with guaranteed returns. Secret formula used by top Wall Street insiders. Only limited spots remaining today!,spam
"Hi team, reminder that the project deadline is January 15. Please update your tasks on the board by end of day. Thanks, Paul",ham
"Dear customer, we were unable to deliver your package. To reschedule delivery please click here and confirm your delivery address and provide your credit card details for the small redelivery fee of $2.99.",phishing
Hot singles near you want to meet! Click here to see their profiles FREE. Limited time access. Join our network now and find your match!,spam
Earn passive income with our proven system. Thousands already earning $4812 per day from home. Join free and start making money immediately!,spam
You have been pre-approved for a personal loan of $9295! No credit check required. Apply online in 2 minutes. Get cash deposited today!,spam
FINAL SECURITY WARNING: Your email account has been compromised and your password exposed. Hackers currently have access. Click here immediately and enter your current credentials so our security team can help you secure your account.,phishing
"Hi team, reminder that the project deadline is February 3. Please update your tasks on the board by end of day. Thanks, Sunita",ham
"Hi Carlos, your leave request for Wednesday has been approved. Please coordinate with your team for coverage. Best, HR Team.",ham
Tax Refund Notification from the IRS: You are eligible for a tax refund of $1295. To receive your refund please click here and enter your social security number and bank account details within 48 hours before the claim expires.,phishing
SYSTEM ALERT: Your email inbox is over its storage limit. Your account will be deactivated in 24 hours. Click here and sign in with your email and password to upgrade your storage and prevent losing all your emails and contacts.,phishing
"Dear valued customer, your PayPal account has been limited due to suspicious activity. Please confirm your billing information by clicking the link below. You must provide your credit card number and social security number to restore full access.",phishing
You have been pre-approved for a personal loan of $6920! No credit check required. Apply online in 2 minutes. Get cash deposited today!,spam
"Hello Keiko, the server maintenance window is scheduled for December 20 at 10:30 AM. Expect downtime of approximately 2 hours. Plan accordingly.",ham
"Dear Linda, please find attached the contract for review. Kindly sign and return by January 15. Let us know if you need any amendments.",ham
Tax Refund Notification from the IRS: You are eligible for a tax refund of $479. To receive your refund please click here and enter your social security number and bank account details within 48 hours before the claim expires.,phishing
"Dear Instagram Premium subscriber, your payment of $1481 has failed. To avoid losing your premium benefits please click here and update your payment method by entering your new credit card number and billing address.",phishing
FINAL SECURITY WARNING: Your email account has been compromised and your password exposed. Hackers currently have access. Click here immediately and enter your current credentials so our security team can help you secure your account.,phishing
Special bulk offer just for you! Cheap prescription drugs shipped discreetly worldwide. No questions asked. Order now for free shipping!,spam
Your computer is infected with viruses! Download our FREE antivirus software now to protect your personal data and banking information!,spam
"Dear employee, HR requires you to update your direct deposit banking information immediately. Please click the secure link below and enter your bank account number and routing number by end of business day to ensure your payroll is not disrupted.",phishing
"Hi David, your leave request for Tuesday has been approved. Please coordinate with your team for coverage. Best, HR Team.",ham
"Hello Tom, your annual performance review is scheduled for Monday at 3:30 PM. Please prepare a brief self-assessment beforehand.",ham
"Hi Aisha, your order #81110 has been shipped and will arrive by Monday. Track your package using the link in your account portal.",ham
BULK DISCOUNT OFFER: Buy cheap medications online without prescription. Special discount available for bulk orders. No doctor needed. Order now!,spam
"Dear PayPal Premium subscriber, your payment of $909 has failed. To avoid losing your premium benefits please click here and update your payment method by entering your new credit card number and billing address.",phishing
"Dear employee, HR requires you to update your direct deposit banking information immediately. Please click the secure link below and enter your bank account number and routing number by end of business day to ensure your payroll is not disrupted.",phishing
Double your Bitcoin investment in 24 hours! Guaranteed returns of 200 percent. Our AI trading bot has never lost. Invest $3646 and get $3192 back!,spam
Make money from home! Earn up to $8135 per week working just 2 hours a day. No experience needed. 100% guaranteed income. Subscribe FREE today!,spam
"Dear Netflix user, your account storage is 99 percent full and your account will be suspended. Upgrade now for free by verifying your account credentials. Click here and enter your login and credit card information to claim free storage.",phishing
"Hi Chris, just following up on our meeting scheduled for Wednesday. Please find the agenda attached. Let me know if you have any questions. Best regards, Jennifer",ham
WIN a FREE smartphone! You are today's lucky visitor number one million. Spin the wheel now and claim your prize before it expires!,spam
"Dear Carlos, please find attached the contract for review. Kindly sign and return by April 5. Let us know if you need any amendments.",ham
IT Security Notification: Your Microsoft account will be permanently closed unless you verify your login details within 48 hours. Click here to sign in immediately and confirm your account information to avoid service interruption.,phishing
You have been pre-approved for a personal loan of $2914! No credit check required. Apply online in 2 minutes. Get cash deposited today!,spam
Congratulations! You have been selected as our lucky winner! Claim your FREE prize of $7981 cash now. Click here to redeem before it expires. This is a limited time offer. Act NOW!,spam
"ACCOUNT VERIFICATION REQUIRED: Dear Barclays member, as part of our mandatory security upgrade all customers must re-verify their account details. Click here and enter your account number, online banking password and security answers immediately.",phishing
Hot singles near you want to meet! Click here to see their profiles FREE. Limited time access. Join our network now and find your match!,spam
"Hello Ravi, the server maintenance window is scheduled for Wednesday at 10:30 AM. Expect downtime of approximately 2 hours. Plan accordingly.",ham
"Hi Tom, the code review for PR #82135 has been completed. Please address the inline comments and re-submit for final approval.",ham
CONGRATULATIONS! Your email was randomly selected for our grand prize draw. You have won $1940. Claim your winnings by clicking here now!,spam
"Hello Tom, this is a reminder to complete the mandatory compliance training by December 20. Log in to the portal to start the modules.",ham
"Hi Priya, I wanted to share the latest project update. We are on track for the Wednesday delivery milestone. Great work everyone!",ham
"Dear Chase Customer, we have detected unusual activity on your account. Your account has been temporarily suspended. Please verify your identity immediately by clicking the link below and entering your login credentials. Failure to verify within 24 hours will result in permanent account closure and loss of funds.",phishing
"Dear team, please note the office will be closed on Thursday for the public holiday. Enjoy the long weekend everyone!",ham
FINAL SECURITY WARNING: Your email account has been compromised and your password exposed. Hackers currently have access. Click here immediately and enter your current credentials so our security team can help you secure your account.,phishing
"Dear customer, we were unable to deliver your package. To reschedule delivery please click here and confirm your delivery address and provide your credit card details for the small redelivery fee of $2.99.",phishing
Get out of debt fast! We settle credit card debt for pennies on the dollar. Guaranteed results. Call now for your free consultation today!,spam
Your Amazon account has been flagged for security review. An unauthorized purchase of $498 was attempted from your account. Please verify your identity by clicking here and entering your account credentials and payment information.,phishing
URGENT: Your Netflix account has been reported for suspicious activity. To avoid permanent suspension please click the link below within 24 hours and verify your personal information including your date of birth and account password.,phishing
"Dear Wells Fargo Customer, we have detected unusual activity on your account. Your account has been temporarily suspended. Please verify your identity immediately by clicking the link below and entering your login credentials. Failure to verify within 24 hours will result in permanent account closure and loss of funds.",phishing
Your Dropbox account password will expire in 24 hours. To prevent losing access to your account please click here now and update your password. Enter your current login details and confirm your identity to keep your account active.,phishing
"Dear Robert, the invoice #78235 for $3554 is attached. Payment is due by March 10. Thank you for your continued business.",ham
"Dear Wells Fargo account holder, your debit card has been blocked due to suspicious transactions totaling $1810. Please click the link below and enter your card number, expiry date, and PIN to unblock your card immediately.",phishing
Your Apple ID has been locked for security reasons. Someone attempted to sign in to your account from Brazil. To unlock your account click here and enter your Apple ID credentials and payment card information.,phishing
"Hi team, reminder that the project deadline is March 10. Please update your tasks on the board by end of day. Thanks, Ahmed",ham
"Hello Mohamed, the quarterly report for Q2 is now ready. Please review it before our team discussion on December 20.",ham
"IMPORTANT NOTICE from TD Bank: We have updated our online banking security policy. All customers must re-confirm their account credentials by clicking this link and entering their username, password, and one-time PIN before Tuesday.",phishing
FINAL NOTICE: You owe a tax debt of $9508. Call immediately to avoid legal action and wage garnishment. This is your last warning.,spam
"Hello Emma, your subscription has been renewed successfully. Next billing date: Wednesday. Contact support if you have any questions.",ham
Your PayPal account password will expire in 24 hours. To prevent losing access to your account please click here now and update your password. Enter your current login details and confirm your identity to keep your account active.,phishing
"IMPORTANT NOTICE from SBI: We have updated our online banking security policy. All customers must re-confirm their account credentials by clicking this link and entering their username, password, and one-time PIN before Wednesday.",phishing
FINAL SECURITY WARNING: Your email account has been compromised and your password exposed. Hackers currently have access. Click here immediately and enter your current credentials so our security team can help you secure your account.,phishing
"Hello Carlos, this is a reminder to complete the mandatory compliance training by Friday. Log in to the portal to start the modules.",ham
"Hello James, the server maintenance window is scheduled for February 3 at 11:00 AM. Expect downtime of approximately 2 hours. Plan accordingly.",ham
"Dear Tom, your IT support ticket #20735 has been resolved. Please confirm if the issue is fixed by replying to this email.",ham
Your Facebook account password will expire in 24 hours. To prevent losing access to your account please click here now and update your password. Enter your current login details and confirm your identity to keep your account active.,phishing
"Hello Chris, the server maintenance window is scheduled for Monday at 2:00 PM. Expect downtime of approximately 2 hours. Plan accordingly.",ham
"IMPORTANT NOTICE from Barclays: We have updated our online banking security policy. All customers must re-confirm their account credentials by clicking this link and entering their username, password, and one-time PIN before Thursday.",phishing
"Dear Apple Premium subscriber, your payment of $1271 has failed. To avoid losing your premium benefits please click here and update your payment method by entering your new credit card number and billing address.",phishing
BULK DISCOUNT OFFER: Buy cheap medications online without prescription. Special discount available for bulk orders. No doctor needed. Order now!,spam
"Dear Dropbox Premium subscriber, your payment of $245 has failed. To avoid losing your premium benefits please click here and update your payment method by entering your new credit card number and billing address.",phishing
"Dear David, the invoice #92242 for $845 is attached. Payment is due by April 5. Thank you for your continued business.",ham
"Dear Chase account holder, your debit card has been blocked due to suspicious transactions totaling $1370. Please click the link below and enter your card number, expiry date, and PIN to unblock your card immediately.",phishing
Your Apple ID has been locked for security reasons. Someone attempted to sign in to your account from Brazil. To unlock your account click here and enter your Apple ID credentials and payment card information.,phishing
You have won a $8010 gift card! To claim your exclusive reward click the link below before it expires in 24 hours. Do not miss this deal!,spam
"Dear David, your appointment has been confirmed for February 3 at 9:00 AM. Please bring a valid ID. Thank you for choosing us.",ham
"Hi David, following our phone call today I am sending the summary of action items we discussed. Please review and confirm.",ham
URGENT Netflix account suspended: We were unable to process your payment method. Please update your billing information immediately. Click here and enter your credit card details to reactivate your subscription and avoid losing your watchlist.,phishing
"Dear Sarah, the invoice #86056 for $977 is attached. Payment is due by April 5. Thank you for your continued business.",ham
"Dear Priya, please find attached the contract for review. Kindly sign and return by March 10. Let us know if you need any amendments.",ham
"IMPORTANT NOTICE from Citibank: We have updated our online banking security policy. All customers must re-confirm their account credentials by clicking this link and entering their username, password, and one-time PIN before Monday.",phishing
"Dear Tom, your appointment has been confirmed for next Monday at 11:00 AM. Please bring a valid ID. Thank you for choosing us.",ham
"Hi David, this is your monthly account statement for the period ending April 5. Please review and contact us if you notice any discrepancies.",ham
URGENT Netflix account suspended: We were unable to process your payment method. Please update your billing information immediately. Click here and enter your credit card details to reactivate your subscription and avoid losing your watchlist.,phishing
Special bulk offer just for you! Cheap prescription drugs shipped discreetly worldwide. No questions asked. Order now for free shipping!,spam
"Hello Tom, your subscription has been renewed successfully. Next billing date: April 5. Contact support if you have any questions.",ham
CONGRATULATIONS! Your email was randomly selected for our grand prize draw. You have won $1261. Claim your winnings by clicking here now!,spam
"Dear colleague, please join us for the department meeting on Friday at 10:30 AM in Conference Room 3. Attendance is mandatory.",ham
FINAL NOTICE: You owe a tax debt of $3181. Call immediately to avoid legal action and wage garnishment. This is your last warning.,spam
"Dear Mohamed, please find attached the contract for review. Kindly sign and return by Tuesday. Let us know if you need any amendments.",ham
"Hi Chris, this is your monthly account statement for the period ending February 3. Please review and contact us if you notice any discrepancies.",ham
"Hello Mohamed, this is a reminder to complete the mandatory compliance training by Wednesday. Log in to the portal to start the modules.",ham
Double your Bitcoin investment in 24 hours! Guaranteed returns of 200 percent. Our AI trading bot has never lost. Invest $6365 and get $764 back!,spam
CONGRATULATIONS! Your email was randomly selected for our grand prize draw. You have won $7233. Claim your winnings by clicking here now!,spam
"Hello Emma, the quarterly report for Q3 is now ready. Please review it before our team discussion on February 3.",ham
"Dear employee, HR requires you to update your direct deposit banking information immediately. Please click the secure link below and enter your bank account number and routing number by end of business day to ensure your payroll is not disrupted.",phishing
"Hi Ravi, the updated employee handbook is now available on the company intranet. Please read section 4 regarding the new remote work policy.",ham
"Dear team, please note the office will be closed on Friday for the public holiday. Enjoy the long weekend everyone!",ham
URGENT Netflix account suspended: We were unable to process your payment method. Please update your billing information immediately. Click here and enter your credit card details to reactivate your subscription and avoid losing your watchlist.,phishing
Your Apple ID has been locked for security reasons. Someone attempted to sign in to your account from Brazil. To unlock your account click here and enter your Apple ID credentials and payment card information.,phishing
"Hi Keiko, the updated employee handbook is now available on the company intranet. Please read section 4 regarding the new remote work policy.",ham
FINAL NOTICE: You owe a tax debt of $5632. Call immediately to avoid legal action and wage garnishment. This is your last warning.,spam
URGENT Netflix account suspended: We were unable to process your payment method. Please update your billing information immediately. Click here and enter your credit card details to reactivate your subscription and avoid losing your watchlist.,phishing
"Dear customer, your Citibank credit card ending in 9034 has been used for an unauthorized transaction of $1192 at Vietnam. If you did not make this purchase click here immediately and enter your full card details to dispute the charge.",phishing
Earn passive income with our proven system. Thousands already earning $1800 per day from home. Join free and start making money immediately!,spam
"Dear Ravi, we are pleased to inform you that your job application has moved to the next stage. We will be in touch by Monday.",ham
Your computer is infected with viruses! Download our FREE antivirus software now to protect your personal data and banking information!,spam
Your Netflix account password will expire in 24 hours. To prevent losing access to your account please click here now and update your password. Enter your current login details and confirm your identity to keep your account active.,phishing
"Dear Chase account holder, your debit card has been blocked due to suspicious transactions totaling $378. Please click the link below and enter your card number, expiry date, and PIN to unblock your card immediately.",phishing
"Hi Emma, this is your monthly account statement for the period ending January 15. Please review and contact us if you notice any discrepancies.",ham
SYSTEM ALERT: Your email inbox is over its storage limit. Your account will be deactivated in 24 hours. Click here and sign in with your email and password to upgrade your storage and prevent losing all your emails and contacts.,phishing
"Dear Apple user, your account storage is 99 percent full and your account will be suspended. Upgrade now for free by verifying your account credentials. Click here and enter your login and credit card information to claim free storage.",phishing
"Dear David, your appointment has been confirmed for April 5 at 9:00 AM. Please bring a valid ID. Thank you for choosing us.",ham
"Hi Ravi, your leave request for Thursday has been approved. Please coordinate with your team for coverage. Best, HR Team.",ham
FINAL SECURITY WARNING: Your email account has been compromised and your password exposed. Hackers currently have access. Click here immediately and enter your current credentials so our security team can help you secure your account.,phishing
Your Amazon account has been flagged for security review. An unauthorized purchase of $1672 was attempted from your account. Please verify your identity by clicking here and entering your account credentials and payment information.,phishing
WORK FROM HOME OPPORTUNITY! Earn $3055 per month packaging products at home. No experience required. Free starter kit included!,spam
Exclusive investment opportunity with guaranteed returns. Secret formula used by top Wall Street insiders. Only limited spots remaining today!,spam
IT Security Notification: Your Microsoft account will be permanently closed unless you verify your login details within 48 hours. Click here to sign in immediately and confirm your account information to avoid service interruption.,phishing
URGENT Netflix account suspended: We were unable to process your payment method. Please update your billing information immediately. Click here and enter your credit card details to reactivate your subscription and avoid losing your watchlist.,phishing
Your computer is infected with viruses! Download our FREE antivirus software now to protect your personal data and banking information!,spam
"Hi Linda, the updated employee handbook is now available on the company intranet. Please read section 4 regarding the new remote work policy.",ham
Increase your sales by 500 percent! Our bulk email marketing database has thousands of verified leads. Buy now and start earning today!,spam
URGENT: Your account will be suspended in 24 hours. Click here immediately to verify your information and prevent permanent service disruption.,spam
"Dear James, we are pleased to inform you that your job application has moved to the next stage. We will be in touch by March 10.",ham
WIN a FREE smartphone! You are today's lucky visitor number one million. Spin the wheel now and claim your prize before it expires!,spam
You have been pre-approved for a personal loan of $2970! No credit check required. Apply online in 2 minutes. Get cash deposited today!,spam
"Dear Ravi, we are pleased to inform you that your job application has moved to the next stage. We will be in touch by next Monday.",ham
"Hello Jennifer, your subscription has been renewed successfully. Next billing date: February 3. Contact support if you have any questions.",ham
"Hi Tom, just following up on our meeting scheduled for Tuesday. Please find the agenda attached. Let me know if you have any questions. Best regards, Maria",ham
Congratulations! You have been selected as our lucky winner! Claim your FREE prize of $3639 cash now. Click here to redeem before it expires. This is a limited time offer. Act NOW!,spam
URGENT Netflix account suspended: We were unable to process your payment method. Please update your billing information immediately. Click here and enter your credit card details to reactivate your subscription and avoid losing your watchlist.,phishing
"Dear Apple user, your account storage is 99 percent full and your account will be suspended. Upgrade now for free by verifying your account credentials. Click here and enter your login and credit card information to claim free storage.",phishing
"IMPORTANT NOTICE from Barclays: We have updated our online banking security policy. All customers must re-confirm their account credentials by clicking this link and entering their username, password, and one-time PIN before Wednesday.",phishing
"Dear employee, HR requires you to update your direct deposit banking information immediately. Please click the secure link below and enter your bank account number and routing number by end of business day to ensure your payroll is not disrupted.",phishing
"Hello David, your annual performance review is scheduled for January 15 at 11:00 AM. Please prepare a brief self-assessment beforehand.",ham
CONGRATULATIONS! Your email was randomly selected for our grand prize draw. You have won $8140. Claim your winnings by clicking here now!,spam
"Dear Facebook Premium subscriber, your payment of $728 has failed. To avoid losing your premium benefits please click here and update your payment method by entering your new credit card number and billing address.",phishing
"Dear Aisha, your appointment has been confirmed for next Monday at 2:00 PM. Please bring a valid ID. Thank you for choosing us.",ham
"Hi Carlos, your leave request for Thursday has been approved. Please coordinate with your team for coverage. Best, HR Team.",ham
"Dear valued customer, your PayPal account has been limited due to suspicious activity. Please confirm your billing information by clicking the link below. You must provide your credit card number and social security number to restore full access.",phishing
"Hi Sarah, I wanted to share the latest project update. We are on track for the next Monday delivery milestone. Great work everyone!",ham
"Hello Aisha, your annual performance review is scheduled for Monday at 3:30 PM. Please prepare a brief self-assessment beforehand.",ham
CONGRATULATIONS! Your email was randomly selected for our grand prize draw. You have won $7723. Claim your winnings by clicking here now!,spam
FINAL SECURITY WARNING: Your email account has been compromised and your password exposed. Hackers currently have access. Click here immediately and enter your current credentials so our security team can help you secure your account.,phishing
You have been pre-approved for a personal loan of $5898! No credit check required. Apply online in 2 minutes. Get cash deposited today!,spam
Your LinkedIn account password will expire in 24 hours. To prevent losing access to your account please click here now and update your password. Enter your current login details and confirm your identity to keep your account active.,phishing
"Hi team, reminder that the project deadline is next Monday. Please update your tasks on the board by end of day. Thanks, Jennifer",ham
You have won a $2822 gift card! To claim your exclusive reward click the link below before it expires in 24 hours. Do not miss this deal!,spam
"Hi Robert, this is your monthly account statement for the period ending Tuesday. Please review and contact us if you notice any discrepancies.",ham
"Hi David, I wanted to share the latest project update. We are on track for the March 10 delivery milestone. Great work everyone!",ham
"Dear Instagram user, your account storage is 99 percent full and your account will be suspended. Upgrade now for free by verifying your account credentials. Click here and enter your login and credit card information to claim free storage.",phishing
URGENT: Your Microsoft account has been reported for suspicious activity. To avoid permanent suspension please click the link below within 24 hours and verify your personal information including your date of birth and account password.,phishing
"Dear Carlos, congratulations on completing 5 years with our company! Your loyalty award certificate is attached. Thank you for your dedication.",ham
"Dear team, please note the office will be closed on Wednesday for the public holiday. Enjoy the long weekend everyone!",ham
URGENT: Your account will be suspended in 24 hours. Click here immediately to verify your information and prevent permanent service disruption.,spam
"Dear Ravi, congratulations on completing 5 years with our company! Your loyalty award certificate is attached. Thank you for your dedication.",ham
FINAL SECURITY WARNING: Your email account has been compromised and your password exposed. Hackers currently have access. Click here immediately and enter your current credentials so our security team can help you secure your account.,phishing
Get out of debt fast! We settle credit card debt for pennies on the dollar. Guaranteed results. Call now for your free consultation today!,spam
"ACCOUNT VERIFICATION REQUIRED: Dear HSBC member, as part of our mandatory security upgrade all customers must re-verify their account details. Click here and enter your account number, online banking password and security answers immediately.",phishing
Get out of debt fast! We settle credit card debt for pennies on the dollar. Guaranteed results. Call now for your free consultation today!,spam
"Dear customer, your Wells Fargo credit card ending in 9034 has been used for an unauthorized transaction of $720 at Brazil. If you did not make this purchase click here immediately and enter your full card details to dispute the charge.",phishing
"Hello James, your subscription has been renewed successfully. Next billing date: January 15. Contact support if you have any questions.",ham
"Dear valued customer, your PayPal account has been limited due to suspicious activity. Please confirm your billing information by clicking the link below. You must provide your credit card number and social security number to restore full access.",phishing
"ACCOUNT VERIFICATION REQUIRED: Dear HSBC member, as part of our mandatory security upgrade all customers must re-verify their account details. Click here and enter your account number, online banking password and security answers immediately.",phishing
BULK DISCOUNT OFFER: Buy cheap medications online without prescription. Special discount available for bulk orders. No doctor needed. Order now!,spam
"Hello Ravi, this is a reminder to complete the mandatory compliance training by February 3. Log in to the portal to start the modules.",ham
"Dear customer, we were unable to deliver your package. To reschedule delivery please click here and confirm your delivery address and provide your credit card details for the small redelivery fee of $2.99.",phishing
Get out of debt fast! We settle credit card debt for pennies on the dollar. Guaranteed results. Call now for your free consultation today!,spam
URGENT: Your account will be suspended in 24 hours. Click here immediately to verify your information and prevent permanent service disruption.,spam
Increase your sales by 500 percent! Our bulk email marketing database has thousands of verified leads. Buy now and start earning today!,spam
You have won a $2986 gift card! To claim your exclusive reward click the link below before it expires in 24 hours. Do not miss this deal!,spam
Exclusive investment opportunity with guaranteed returns. Secret formula used by top Wall Street insiders. Only limited spots remaining today!,spam
"Dear Tom, your appointment has been confirmed for Tuesday at 4:00 PM. Please bring a valid ID. Thank you for choosing us.",ham
"Dear Linda, please find attached the contract for review. Kindly sign and return by Wednesday. Let us know if you need any amendments.",ham
"Dear SBI account holder, your debit card has been blocked due to suspicious transactions totaling $1123. Please click the link below and enter your card number, expiry date, and PIN to unblock your card immediately.",phishing
"SECURITY ALERT: Your Dropbox account was accessed from an unknown device in Eastern Europe. If this was not you please click here immediately to secure your account, reset your credentials, and review your recent activity.",phishing
"Hello Linda, your annual performance review is scheduled for December 20 at 10:30 AM. Please prepare a brief self-assessment beforehand.",ham
Your computer is infected with viruses! Download our FREE antivirus software now to protect your personal data and banking information!,spam
Earn passive income with our proven system. Thousands already earning $8082 per day from home. Join free and start making money immediately!,spam
Your computer is infected with viruses! Download our FREE antivirus software now to protect your personal data and banking information!,spam
"Hi Keiko, following our phone call today I am sending the summary of action items we discussed. Please review and confirm.",ham
Your Google account password will expire in 24 hours. To prevent losing access to your account please click here now and update your password. Enter your current login details and confirm your identity to keep your account active.,phishing
"Hi Mohamed, I wanted to share the latest project update. We are on track for the Wednesday delivery milestone. Great work everyone!",ham
IT Security Notification: Your Microsoft account will be permanently closed unless you verify your login details within 48 hours. Click here to sign in immediately and confirm your account information to avoid service interruption.,phishing
"Dear Chris, your appointment has been confirmed for next Monday at 3:30 PM. Please bring a valid ID. Thank you for choosing us.",ham
"Dear Ravi, the invoice #24710 for $1483 is attached. Payment is due by Thursday. Thank you for your continued business.",ham
"Hi Mohamed, the code review for PR #39912 has been completed. Please address the inline comments and re-submit for final approval.",ham
Double your Bitcoin investment in 24 hours! Guaranteed returns of 200 percent. Our AI trading bot has never lost. Invest $9989 and get $15577 back!,spam
"ACCOUNT VERIFICATION REQUIRED: Dear TD Bank member, as part of our mandatory security upgrade all customers must re-verify their account details. Click here and enter your account number, online banking password and security answers immediately.",phishing
You have won a $632 gift card! To claim your exclusive reward click the link below before it expires in 24 hours. Do not miss this deal!,spam
"SECURITY ALERT: Your Google account was accessed from an unknown device in Unknown Location. If this was not you please click here immediately to secure your account, reset your credentials, and review your recent activity.",phishing
Your Dropbox account password will expire in 24 hours. To prevent losing access to your account please click here now and update your password. Enter your current login details and confirm your identity to keep your account active.,phishing
"Hi Jennifer, just following up on our meeting scheduled for next Monday. Please find the agenda attached. Let me know if you have any questions. Best regards, Michael",ham
"Hi Sarah, I am writing to confirm the details of the conference call on April 5 at 3:30 PM. The dial-in number will be shared separately.",ham
WIN a FREE smartphone! You are today's lucky visitor number one million. Spin the wheel now and claim your prize before it expires!,spam
"Hello Emma, this is a reminder to complete the mandatory compliance training by Wednesday. Log in to the portal to start the modules.",ham
"Dear Jennifer, your IT support ticket #28961 has been resolved. Please confirm if the issue is fixed by replying to this email.",ham
"Hi team, reminder that the project deadline is Monday. Please update your tasks on the board by end of day. Thanks, Grace",ham
"Hi Robert, I wanted to share the latest project update. We are on track for the Monday delivery milestone. Great work everyone!",ham
FINAL SECURITY WARNING: Your email account has been compromised and your password exposed. Hackers currently have access. Click here immediately and enter your current credentials so our security team can help you secure your account.,phishing
"Hi team, reminder that the project deadline is Wednesday. Please update your tasks on the board by end of day. Thanks, Ahmed",ham
"Dear Robert, please find attached the contract for review. Kindly sign and return by January 15. Let us know if you need any amendments.",ham
WORK FROM HOME OPPORTUNITY! Earn $9471 per month packaging products at home. No experience required. Free starter kit included!,spam
"Dear customer, your TD Bank credit card ending in 4521 has been used for an unauthorized transaction of $1890 at Eastern Europe. If you did not make this purchase click here immediately and enter your full card details to dispute the charge.",phishing
"Dear Priya, your IT support ticket #37740 has been resolved. Please confirm if the issue is fixed by replying to this email.",ham
"Hello Tom, your annual performance review is scheduled for December 20 at 3:30 PM. Please prepare a brief self-assessment beforehand.",ham
"IMPORTANT NOTICE from Barclays: We have updated our online banking security policy. All customers must re-confirm their account credentials by clicking this link and entering their username, password, and one-time PIN before Wednesday.",phishing
Double your Bitcoin investment in 24 hours! Guaranteed returns of 200 percent. Our AI trading bot has never lost. Invest $7350 and get $1536 back!,spam
You have won a $6570 gift card! To claim your exclusive reward click the link below before it expires in 24 hours. Do not miss this deal!,spam
"Dear Netflix Premium subscriber, your payment of $1225 has failed. To avoid losing your premium benefits please click here and update your payment method by entering your new credit card number and billing address.",phishing
"Dear Chris, your IT support ticket #71474 has been resolved. Please confirm if the issue is fixed by replying to this email.",ham
FINAL NOTICE: You owe a tax debt of $1586. Call immediately to avoid legal action and wage garnishment. This is your last warning.,spam
"Hi Jennifer, I am writing to confirm the details of the conference call on Thursday at 4:00 PM. The dial-in number will be shared separately.",ham
"Dear SBI Customer, we have detected unusual activity on your account. Your account has been temporarily suspended. Please verify your identity immediately by clicking the link below and entering your login credentials. Failure to verify within 24 hours will result in permanent account closure and loss of funds.",phishing
Special bulk offer just for you! Cheap prescription drugs shipped discreetly worldwide. No questions asked. Order now for free shipping!,spam
"Hi Linda, the code review for PR #46356 has been completed. Please address the inline comments and re-submit for final approval.",ham
"Dear colleague, please join us for the department meeting on Friday at 2:00 PM in Conference Room 9. Attendance is mandatory.",ham
"Dear HDFC Bank Customer, we have detected unusual activity on your account. Your account has been temporarily suspended. Please verify your identity immediately by clicking the link below and entering your login credentials. Failure to verify within 24 hours will result in permanent account closure and loss of funds.",phishing
"Herbal supplements that actually work! Boost energy, lose weight, and improve performance. Doctor recommended. Order now with free shipping!",spam
Make money from home! Earn up to $1790 per week working just 2 hours a day. No experience needed. 100% guaranteed income. Subscribe FREE today!,spam
"Dear Wells Fargo account holder, your debit card has been blocked due to suspicious transactions totaling $141. Please click the link below and enter your card number, expiry date, and PIN to unblock your card immediately.",phishing
"Dear Priya, your IT support ticket #13501 has been resolved. Please confirm if the issue is fixed by replying to this email.",ham
"Hello Tom, the server maintenance window is scheduled for April 5 at 2:00 PM. Expect downtime of approximately 2 hours. Plan accordingly.",ham
"Dear Amazon user, your account storage is 99 percent full and your account will be suspended. Upgrade now for free by verifying your account credentials. Click here and enter your login and credit card information to claim free storage.",phishing
"Hi Chris, your leave request for April 5 has been approved. Please coordinate with your team for coverage. Best, HR Team.",ham
"Hi Carlos, your order #52179 has been shipped and will arrive by March 10. Track your package using the link in your account portal.",ham
"Dear HDFC Bank Customer, we have detected unusual activity on your account. Your account has been temporarily suspended. Please verify your identity immediately by clicking the link below and entering your login credentials. Failure to verify within 24 hours will result in permanent account closure and loss of funds.",phishing
Your PayPal account password will expire in 24 hours. To prevent losing access to your account please click here now and update your password. Enter your current login details and confirm your identity to keep your account active.,phishing
"Hi Aisha, the code review for PR #91924 has been completed. Please address the inline comments and re-submit for final approval.",ham
Your PayPal account password will expire in 24 hours. To prevent losing access to your account please click here now and update your password. Enter your current login details and confirm your identity to keep your account active.,phishing
URGENT: Your account will be suspended in 24 hours. Click here immediately to verify your information and prevent permanent service disruption.,spam
"Hi Keiko, just following up on our meeting scheduled for January 15. Please find the agenda attached. Let me know if you have any questions. Best regards, Grace",ham
"Dear Sarah, your IT support ticket #41804 has been resolved. Please confirm if the issue is fixed by replying to this email.",ham
"Dear Aisha, congratulations on completing 5 years with our company! Your loyalty award certificate is attached. Thank you for your dedication.",ham
Make money from home! Earn up to $5320 per week working just 2 hours a day. No experience needed. 100% guaranteed income. Subscribe FREE today!,spam
"Dear James, your IT support ticket #17592 has been resolved. Please confirm if the issue is fixed by replying to this email.",ham
WORK FROM HOME OPPORTUNITY! Earn $5119 per month packaging products at home. No experience required. Free starter kit included!,spam
FINAL SECURITY WARNING: Your email account has been compromised and your password exposed. Hackers currently have access. Click here immediately and enter your current credentials so our security team can help you secure your account.,phishing
Earn passive income with our proven system. Thousands already earning $6060 per day from home. Join free and start making money immediately!,spam
"Good morning Ravi, here is the weekly status report for the week ending Monday. Please review and reply with your comments by Friday.",ham
IT Security Notification: Your Microsoft account will be permanently closed unless you verify your login details within 48 hours. Click here to sign in immediately and confirm your account information to avoid service interruption.,phishing
"Hello Priya, this is a reminder to complete the mandatory compliance training by Tuesday. Log in to the portal to start the modules.",ham
WORK FROM HOME OPPORTUNITY! Earn $9337 per month packaging products at home. No experience required. Free starter kit included!,spam
"Hello Tom, your annual performance review is scheduled for Thursday at 2:00 PM. Please prepare a brief self-assessment beforehand.",ham
"Dear Chris, congratulations on completing 5 years with our company! Your loyalty award certificate is attached. Thank you for your dedication.",ham
"Hi Carlos, this is your monthly account statement for the period ending April 5. Please review and contact us if you notice any discrepancies.",ham
"Hello Ravi, your subscription has been renewed successfully. Next billing date: Friday. Contact support if you have any questions.",ham
Special bulk offer just for you! Cheap prescription drugs shipped discreetly worldwide. No questions asked. Order now for free shipping!,spam
Hot singles near you want to meet! Click here to see their profiles FREE. Limited time access. Join our network now and find your match!,spam
"Dear Keiko, please find attached the contract for review. Kindly sign and return by Tuesday. Let us know if you need any amendments.",ham
SYSTEM ALERT: Your email inbox is over its storage limit. Your account will be deactivated in 24 hours. Click here and sign in with your email and password to upgrade your storage and prevent losing all your emails and contacts.,phishing
"Dear Jennifer, congratulations on completing 5 years with our company! Your loyalty award certificate is attached. Thank you for your dedication.",ham
"Dear valued customer, your PayPal account has been limited due to suspicious activity. Please confirm your billing information by clicking the link below. You must provide your credit card number and social security number to restore full access.",phishing
You have won a $8253 gift card! To claim your exclusive reward click the link below before it expires in 24 hours. Do not miss this deal!,spam
"Hi Aisha, I am writing to confirm the details of the conference call on January 15 at 4:00 PM. The dial-in number will be shared separately.",ham
"Dear Sarah, we are pleased to inform you that your job application has moved to the next stage. We will be in touch by April 5.",ham
You have been pre-approved for a personal loan of $1590! No credit check required. Apply online in 2 minutes. Get cash deposited today!,spam
"Dear customer, your Bank of America credit card ending in 5601 has been used for an unauthorized transaction of $104 at Nigeria. If you did not make this purchase click here immediately and enter your full card details to dispute the charge.",phishing
Tax Refund Notification from the IRS: You are eligible for a tax refund of $1051. To receive your refund please click here and enter your social security number and bank account details within 48 hours before the claim expires.,phishing
Hot singles near you want to meet! Click here to see their profiles FREE. Limited time access. Join our network now and find your match!,spam
"Lose 30 pounds in 30 days with this one weird trick doctors hate! 100% natural solution, no exercise needed. Order your FREE trial today!",spam
"Hello Tom, your subscription has been renewed successfully. Next billing date: February 3. Contact support if you have any questions.",ham
You have won a $4430 gift card! To claim your exclusive reward click the link below before it expires in 24 hours. Do not miss this deal!,spam
Your Apple ID has been locked for security reasons. Someone attempted to sign in to your account from China. To unlock your account click here and enter your Apple ID credentials and payment card information.,phishing
SYSTEM ALERT: Your email inbox is over its storage limit. Your account will be deactivated in 24 hours. Click here and sign in with your email and password to upgrade your storage and prevent losing all your emails and contacts.,phishing
"Hi Chris, your order #28343 has been shipped and will arrive by April 5. Track your package using the link in your account portal.",ham
Your Apple ID has been locked for security reasons. Someone attempted to sign in to your account from China. To unlock your account click here and enter your Apple ID credentials and payment card information.,phishing
Hot singles near you want to meet! Click here to see their profiles FREE. Limited time access. Join our network now and find your match!,spam
You have won a $1581 gift card! To claim your exclusive reward click the link below before it expires in 24 hours. Do not miss this deal!,spam
"Dear valued customer, your PayPal account has been limited due to suspicious activity. Please confirm your billing information by clicking the link below. You must provide your credit card number and social security number to restore full access.",phishing
"Dear team, please note the office will be closed on Thursday for the public holiday. Enjoy the long weekend everyone!",ham
"Dear Robert, your IT support ticket #95679 has been resolved. Please confirm if the issue is fixed by replying to this email.",ham
"Hi Emma, this is your monthly account statement for the period ending February 3. Please review and contact us if you notice any discrepancies.",ham
FINAL SECURITY WARNING: Your email account has been compromised and your password exposed. Hackers currently have access. Click here immediately and enter your current credentials so our security team can help you secure your account.,phishing
Your Amazon account has been flagged for security review. An unauthorized purchase of $1126 was attempted from your account. Please verify your identity by clicking here and entering your account credentials and payment information.,phishing
Your Apple ID has been locked for security reasons. Someone attempted to sign in to your account from Unknown Location. To unlock your account click here and enter your Apple ID credentials and payment card information.,phishing
"Lose 30 pounds in 30 days with this one weird trick doctors hate! 100% natural solution, no exercise needed. Order your FREE trial today!",spam
"Lose 30 pounds in 30 days with this one weird trick doctors hate! 100% natural solution, no exercise needed. Order your FREE trial today!",spam
Tax Refund Notification from the IRS: You are eligible for a tax refund of $528. To receive your refund please click here and enter your social security number and bank account details within 48 hours before the claim expires.,phishing
Make money from home! Earn up to $9503 per week working just 2 hours a day. No experience needed. 100% guaranteed income. Subscribe FREE today!,spam
"Dear Keiko, please find attached the contract for review. Kindly sign and return by December 20. Let us know if you need any amendments.",ham
"Lose 30 pounds in 30 days with this one weird trick doctors hate! 100% natural solution, no exercise needed. Order your FREE trial today!",spam
"Lose 30 pounds in 30 days with this one weird trick doctors hate! 100% natural solution, no exercise needed. Order your FREE trial today!",spam
"Hello Sarah, the server maintenance window is scheduled for Wednesday at 2:00 PM. Expect downtime of approximately 2 hours. Plan accordingly.",ham
IT Security Notification: Your Microsoft account will be permanently closed unless you verify your login details within 48 hours. Click here to sign in immediately and confirm your account information to avoid service interruption.,phishing
"Hi James, I am writing to confirm the details of the conference call on Friday at 10:30 AM. The dial-in number will be shared separately.",ham
BULK DISCOUNT OFFER: Buy cheap medications online without prescription. Special discount available for bulk orders. No doctor needed. Order now!,spam
You have won a $6958 gift card! To claim your exclusive reward click the link below before it expires in 24 hours. Do not miss this deal!,spam
"Hello Jennifer, your subscription has been renewed successfully. Next billing date: April 5. Contact support if you have any questions.",ham
IT Security Notification: Your Microsoft account will be permanently closed unless you verify your login details within 48 hours. Click here to sign in immediately and confirm your account information to avoid service interruption.,phishing
"Hi James, I wanted to share the latest project update. We are on track for the December 20 delivery milestone. Great work everyone!",ham
"Dear valued customer, your PayPal account has been limited due to suspicious activity. Please confirm your billing information by clicking the link below. You must provide your credit card number and social security number to restore full access.",phishing
"Hello Priya, the server maintenance window is scheduled for Tuesday at 4:00 PM. Expect downtime of approximately 2 hours. Plan accordingly.",ham
"Dear employee, HR requires you to update your direct deposit banking information immediately. Please click the secure link below and enter your bank account number and routing number by end of business day to ensure your payroll is not disrupted.",phishing
"Dear Dropbox user, your account storage is 99 percent full and your account will be suspended. Upgrade now for free by verifying your account credentials. Click here and enter your login and credit card information to claim free storage.",phishing
"Dear Apple Premium subscriber, your payment of $1004 has failed. To avoid losing your premium benefits please click here and update your payment method by entering your new credit card number and billing address.",phishing
"Dear team, please note the office will be closed on Monday for the public holiday. Enjoy the long weekend everyone!",ham
"Dear James, congratulations on completing 5 years with our company! Your loyalty award certificate is attached. Thank you for your dedication.",ham
Double your Bitcoin investment in 24 hours! Guaranteed returns of 200 percent. Our AI trading bot has never lost. Invest $373 and get $6710 back!,spam
"Hi Keiko, I am writing to confirm the details of the conference call on Tuesday at 4:00 PM. The dial-in number will be shared separately.",ham
"Hi Linda, the code review for PR #73185 has been completed. Please address the inline comments and re-submit for final approval.",ham
Double your Bitcoin investment in 24 hours! Guaranteed returns of 200 percent. Our AI trading bot has never lost. Invest $8140 and get $6371 back!,spam
Your computer is infected with viruses! Download our FREE antivirus software now to protect your personal data and banking information!,spam
"Hi Priya, following our phone call today I am sending the summary of action items we discussed. Please review and confirm.",ham
Get out of debt fast! We settle credit card debt for pennies on the dollar. Guaranteed results. Call now for your free consultation today!,spam
"Hello Priya, this is a reminder to complete the mandatory compliance training by Thursday. Log in to the portal to start the modules.",ham
"Dear HDFC Bank account holder, your debit card has been blocked due to suspicious transactions totaling $823. Please click the link below and enter your card number, expiry date, and PIN to unblock your card immediately.",phishing
"Herbal supplements that actually work! Boost energy, lose weight, and improve performance. Doctor recommended. Order now with free shipping!",spam
URGENT: Your account will be suspended in 24 hours. Click here immediately to verify your information and prevent permanent service disruption.,spam
"Dear Facebook Premium subscriber, your payment of $1491 has failed. To avoid losing your premium benefits please click here and update your payment method by entering your new credit card number and billing address.",phishing
Get out of debt fast! We settle credit card debt for pennies on the dollar. Guaranteed results. Call now for your free consultation today!,spam
"Dear Chris, the invoice #28184 for $135 is attached. Payment is due by Monday. Thank you for your continued business.",ham
"Dear HSBC account holder, your debit card has been blocked due to suspicious transactions totaling $1728. Please click the link below and enter your card number, expiry date, and PIN to unblock your card immediately.",phishing
"Dear Robert, please find attached the contract for review. Kindly sign and return by February 3. Let us know if you need any amendments.",ham
"Hello Linda, this is a reminder to complete the mandatory compliance training by December 20. Log in to the portal to start the modules.",ham
"Hi team, reminder that the project deadline is Monday. Please update your tasks on the board by end of day. Thanks, Ahmed",ham
SYSTEM ALERT: Your email inbox is over its storage limit. Your account will be deactivated in 24 hours. Click here and sign in with your email and password to upgrade your storage and prevent losing all your emails and contacts.,phishing
"Dear customer, your SBI credit card ending in 4521 has been used for an unauthorized transaction of $863 at Eastern Europe. If you did not make this purchase click here immediately and enter your full card details to dispute the charge.",phishing
WORK FROM HOME OPPORTUNITY! Earn $491 per month packaging products at home. No experience required. Free starter kit included!,spam
Your Amazon account has been flagged for security review. An unauthorized purchase of $901 was attempted from your account. Please verify your identity by clicking here and entering your account credentials and payment information.,phishing
"Hi Robert, this is your monthly account statement for the period ending March 10. Please review and contact us if you notice any discrepancies.",ham
"Dear Wells Fargo account holder, your debit card has been blocked due to suspicious transactions totaling $1428. Please click the link below and enter your card number, expiry date, and PIN to unblock your card immediately.",phishing
"Hi Jennifer, I am writing to confirm the details of the conference call on December 20 at 9:00 AM. The dial-in number will be shared separately.",ham
"Hi Emma, your leave request for December 20 has been approved. Please coordinate with your team for coverage. Best, HR Team.",ham
"Hi James, this is your monthly account statement for the period ending next Monday. Please review and contact us if you notice any discrepancies.",ham
FINAL SECURITY WARNING: Your email account has been compromised and your password exposed. Hackers currently have access. Click here immediately and enter your current credentials so our security team can help you secure your account.,phishing
"Dear colleague, please join us for the department meeting on Friday at 3:30 PM in Conference Room 12. Attendance is mandatory.",ham
"Dear team, please note the office will be closed on December 20 for the public holiday. Enjoy the long weekend everyone!",ham
IT Security Notification: Your Microsoft account will be permanently closed unless you verify your login details within 48 hours. Click here to sign in immediately and confirm your account information to avoid service interruption.,phishing
"Hello Priya, your annual performance review is scheduled for Thursday at 9:00 AM. Please prepare a brief self-assessment beforehand.",ham
Congratulations! You have been selected as our lucky winner! Claim your FREE prize of $9319 cash now. Click here to redeem before it expires. This is a limited time offer. Act NOW!,spam
Exclusive investment opportunity with guaranteed returns. Secret formula used by top Wall Street insiders. Only limited spots remaining today!,spam
You have won a $3778 gift card! To claim your exclusive reward click the link below before it expires in 24 hours. Do not miss this deal!,spam
"Dear team, please note the office will be closed on January 15 for the public holiday. Enjoy the long weekend everyone!",ham
"Hi Tom, the code review for PR #85574 has been completed. Please address the inline comments and re-submit for final approval.",ham
"Hi Sarah, following our phone call today I am sending the summary of action items we discussed. Please review and confirm.",ham
CONGRATULATIONS! Your email was randomly selected for our grand prize draw. You have won $1274. Claim your winnings by clicking here now!,spam
"Hello Tom, the quarterly report for Q3 is now ready. Please review it before our team discussion on Monday.",ham
WORK FROM HOME OPPORTUNITY! Earn $7823 per month packaging products at home. No experience required. Free starter kit included!,spam
"IMPORTANT NOTICE from TD Bank: We have updated our online banking security policy. All customers must re-confirm their account credentials by clicking this link and entering their username, password, and one-time PIN before Monday.",phishing
WORK FROM HOME OPPORTUNITY! Earn $1688 per month packaging products at home. No experience required. Free starter kit included!,spam
"Dear Linda, your appointment has been confirmed for Friday at 4:00 PM. Please bring a valid ID. Thank you for choosing us.",ham
URGENT Netflix account suspended: We were unable to process your payment method. Please update your billing information immediately. Click here and enter your credit card details to reactivate your subscription and avoid losing your watchlist.,phishing
"SECURITY ALERT: Your Dropbox account was accessed from an unknown device in Brazil. If this was not you please click here immediately to secure your account, reset your credentials, and review your recent activity.",phishing
"Dear Keiko, your appointment has been confirmed for December 20 at 10:30 AM. Please bring a valid ID. Thank you for choosing us.",ham
"Dear James, congratulations on completing 5 years with our company! Your loyalty award certificate is attached. Thank you for your dedication.",ham
"Hi James, your leave request for April 5 has been approved. Please coordinate with your team for coverage. Best, HR Team.",ham
"ACCOUNT VERIFICATION REQUIRED: Dear Chase member, as part of our mandatory security upgrade all customers must re-verify their account details. Click here and enter your account number, online banking password and security answers immediately.",phishing
"Hi Jennifer, the code review for PR #96947 has been completed. Please address the inline comments and re-submit for final approval.",ham
"Dear Robert, your IT support ticket #17954 has been resolved. Please confirm if the issue is fixed by replying to this email.",ham
Double your Bitcoin investment in 24 hours! Guaranteed returns of 200 percent. Our AI trading bot has never lost. Invest $1255 and get $3948 back!,spam
"Dear David, the invoice #96155 for $4452 is attached. Payment is due by Wednesday. Thank you for your continued business.",ham
Your Apple ID has been locked for security reasons. Someone attempted to sign in to your account from China. To unlock your account click here and enter your Apple ID credentials and payment card information.,phishing
"Dear Netflix Premium subscriber, your payment of $1817 has failed. To avoid losing your premium benefits please click here and update your payment method by entering your new credit card number and billing address.",phishing
"Dear Emma, your appointment has been confirmed for December 20 at 11:00 AM. Please bring a valid ID. Thank you for choosing us.",ham
"Hi Sarah, this is your monthly account statement for the period ending Monday. Please review and contact us if you notice any discrepancies.",ham
"Dear Ravi, we are pleased to inform you that your job application has moved to the next stage. We will be in touch by Friday.",ham
Your Amazon account password will expire in 24 hours. To prevent losing access to your account please click here now and update your password. Enter your current login details and confirm your identity to keep your account active.,phishing
"Dear Dropbox Premium subscriber, your payment of $429 has failed. To avoid losing your premium benefits please click here and update your payment method by entering your new credit card number and billing address.",phishing
Your Amazon account password will expire in 24 hours. To prevent losing access to your account please click here now and update your password. Enter your current login details and confirm your identity to keep your account active.,phishing
"SECURITY ALERT: Your Microsoft account was accessed from an unknown device in Vietnam. If this was not you please click here immediately to secure your account, reset your credentials, and review your recent activity.",phishing
"Dear TD Bank account holder, your debit card has been blocked due to suspicious transactions totaling $1572. Please click the link below and enter your card number, expiry date, and PIN to unblock your card immediately.",phishing
URGENT: Your Microsoft account has been reported for suspicious activity. To avoid permanent suspension please click the link below within 24 hours and verify your personal information including your date of birth and account password.,phishing
"Hi Mohamed, the code review for PR #94994 has been completed. Please address the inline comments and re-submit for final approval.",ham
WORK FROM HOME OPPORTUNITY! Earn $1436 per month packaging products at home. No experience required. Free starter kit included!,spam
"Hi Aisha, this is your monthly account statement for the period ending next Monday. Please review and contact us if you notice any discrepancies.",ham
You have won a $7678 gift card! To claim your exclusive reward click the link below before it expires in 24 hours. Do not miss this deal!,spam
Double your Bitcoin investment in 24 hours! Guaranteed returns of 200 percent. Our AI trading bot has never lost. Invest $4109 and get $8590 back!,spam
Special bulk offer just for you! Cheap prescription drugs shipped discreetly worldwide. No questions asked. Order now for free shipping!,spam
"Dear Carlos, your IT support ticket #75390 has been resolved. Please confirm if the issue is fixed by replying to this email.",ham
FINAL NOTICE: You owe a tax debt of $3337. Call immediately to avoid legal action and wage garnishment. This is your last warning.,spam
You have won a $3030 gift card! To claim your exclusive reward click the link below before it expires in 24 hours. Do not miss this deal!,spam
Special bulk offer just for you! Cheap prescription drugs shipped discreetly worldwide. No questions asked. Order now for free shipping!,spam
Hot singles near you want to meet! Click here to see their profiles FREE. Limited time access. Join our network now and find your match!,spam
"Hello David, the quarterly report for Q4 is now ready. Please review it before our team discussion on Thursday.",ham
Make money from home! Earn up to $4354 per week working just 2 hours a day. No experience needed. 100% guaranteed income. Subscribe FREE today!,spam
"Hi David, the updated employee handbook is now available on the company intranet. Please read section 4 regarding the new remote work policy.",ham
"Hi Keiko, this is your monthly account statement for the period ending Friday. Please review and contact us if you notice any discrepancies.",ham
URGENT: Your Dropbox account has been reported for suspicious activity. To avoid permanent suspension please click the link below within 24 hours and verify your personal information including your date of birth and account password.,phishing
Congratulations! You have been selected as our lucky winner! Claim your FREE prize of $8017 cash now. Click here to redeem before it expires. This is a limited time offer. Act NOW!,spam
"Good morning Priya, here is the weekly status report for the week ending next Monday. Please review and reply with your comments by Friday.",ham
"Dear team, please note the office will be closed on December 20 for the public holiday. Enjoy the long weekend everyone!",ham
"Hello Robert, the quarterly report for Q1 is now ready. Please review it before our team discussion on Tuesday.",ham
Increase your sales by 500 percent! Our bulk email marketing database has thousands of verified leads. Buy now and start earning today!,spam
URGENT: Your account will be suspended in 24 hours. Click here immediately to verify your information and prevent permanent service disruption.,spam
Hot singles near you want to meet! Click here to see their profiles FREE. Limited time access. Join our network now and find your match!,spam
"Dear Facebook Premium subscriber, your payment of $1199 has failed. To avoid losing your premium benefits please click here and update your payment method by entering your new credit card number and billing address.",phishing
"Hello Tom, your annual performance review is scheduled for December 20 at 9:00 AM. Please prepare a brief self-assessment beforehand.",ham
Congratulations! You have been selected as our lucky winner! Claim your FREE prize of $6325 cash now. Click here to redeem before it expires. This is a limited time offer. Act NOW!,spam
IT Security Notification: Your Microsoft account will be permanently closed unless you verify your login details within 48 hours. Click here to sign in immediately and confirm your account information to avoid service interruption.,phishing
Exclusive investment opportunity with guaranteed returns. Secret formula used by top Wall Street insiders. Only limited spots remaining today!,spam
"Dear team, please note the office will be closed on Monday for the public holiday. Enjoy the long weekend everyone!",ham
WORK FROM HOME OPPORTUNITY! Earn $9945 per month packaging products at home. No experience required. Free starter kit included!,spam
Get out of debt fast! We settle credit card debt for pennies on the dollar. Guaranteed results. Call now for your free consultation today!,spam
"Lose 30 pounds in 30 days with this one weird trick doctors hate! 100% natural solution, no exercise needed. Order your FREE trial today!",spam
"Dear David, congratulations on completing 5 years with our company! Your loyalty award certificate is attached. Thank you for your dedication.",ham
Hot singles near you want to meet! Click here to see their profiles FREE. Limited time access. Join our network now and find your match!,spam
"Hi David, the updated employee handbook is now available on the company intranet. Please read section 4 regarding the new remote work policy.",ham
Tax Refund Notification from the IRS: You are eligible for a tax refund of $1227. To receive your refund please click here and enter your social security number and bank account details within 48 hours before the claim expires.,phishing
Double your Bitcoin investment in 24 hours! Guaranteed returns of 200 percent. Our AI trading bot has never lost. Invest $1443 and get $11146 back!,spam
Get out of debt fast! We settle credit card debt for pennies on the dollar. Guaranteed results. Call now for your free consultation today!,spam
Increase your sales by 500 percent! Our bulk email marketing database has thousands of verified leads. Buy now and start earning today!,spam
Your Apple ID has been locked for security reasons. Someone attempted to sign in to your account from China. To unlock your account click here and enter your Apple ID credentials and payment card information.,phishing
WIN a FREE smartphone! You are today's lucky visitor number one million. Spin the wheel now and claim your prize before it expires!,spam
"Hi Priya, your order #86435 has been shipped and will arrive by April 5. Track your package using the link in your account portal.",ham
"Hello Emma, the server maintenance window is scheduled for February 3 at 3:30 PM. Expect downtime of approximately 2 hours. Plan accordingly.",ham
"Dear Emma, please find attached the contract for review. Kindly sign and return by next Monday. Let us know if you need any amendments.",ham
"Dear Tom, your IT support ticket #17279 has been resolved. Please confirm if the issue is fixed by replying to this email.",ham
Your Apple ID has been locked for security reasons. Someone attempted to sign in to your account from Russia. To unlock your account click here and enter your Apple ID credentials and payment card information.,phishing
"Herbal supplements that actually work! Boost energy, lose weight, and improve performance. Doctor recommended. Order now with free shipping!",spam
"Hi Robert, your order #77908 has been shipped and will arrive by January 15. Track your package using the link in your account portal.",ham
"Hello Carlos, your annual performance review is scheduled for March 10 at 3:30 PM. Please prepare a brief self-assessment beforehand.",ham
FINAL SECURITY WARNING: Your email account has been compromised and your password exposed. Hackers currently have access. Click here immediately and enter your current credentials so our security team can help you secure your account.,phishing
"Dear Facebook user, your account storage is 99 percent full and your account will be suspended. Upgrade now for free by verifying your account credentials. Click here and enter your login and credit card information to claim free storage.",phishing
Double your Bitcoin investment in 24 hours! Guaranteed returns of 200 percent. Our AI trading bot has never lost. Invest $2046 and get $3264 back!,spam
"Hi David, following our phone call today I am sending the summary of action items we discussed. Please review and confirm.",ham
"Dear James, please find attached the contract for review. Kindly sign and return by March 10. Let us know if you need any amendments.",ham
"Hello Jennifer, the quarterly report for Q1 is now ready. Please review it before our team discussion on Tuesday.",ham
"Hi Robert, I am writing to confirm the details of the conference call on next Monday at 3:30 PM. The dial-in number will be shared separately.",ham
Tax Refund Notification from the IRS: You are eligible for a tax refund of $237. To receive your refund please click here and enter your social security number and bank account details within 48 hours before the claim expires.,phishing
"Dear customer, your SBI credit card ending in 4521 has been used for an unauthorized transaction of $601 at Nigeria. If you did not make this purchase click here immediately and enter your full card details to dispute the charge.",phishing
"IMPORTANT NOTICE from Chase: We have updated our online banking security policy. All customers must re-confirm their account credentials by clicking this link and entering their username, password, and one-time PIN before February 3.",phishing
IT Security Notification: Your Microsoft account will be permanently closed unless you verify your login details within 48 hours. Click here to sign in immediately and confirm your account information to avoid service interruption.,phishing
"Hello Emma, your subscription has been renewed successfully. Next billing date: April 5. Contact support if you have any questions.",ham
"Dear Mohamed, please find attached the contract for review. Kindly sign and return by January 15. Let us know if you need any amendments.",ham
Earn passive income with our proven system. Thousands already earning $3449 per day from home. Join free and start making money immediately!,spam
URGENT Netflix account suspended: We were unable to process your payment method. Please update your billing information immediately. Click here and enter your credit card details to reactivate your subscription and avoid losing your watchlist.,phishing
Tax Refund Notification from the IRS: You are eligible for a tax refund of $420. To receive your refund please click here and enter your social security number and bank account details within 48 hours before the claim expires.,phishing
IT Security Notification: Your Microsoft account will be permanently closed unless you verify your login details within 48 hours. Click here to sign in immediately and confirm your account information to avoid service interruption.,phishing
You have been pre-approved for a personal loan of $8448! No credit check required. Apply online in 2 minutes. Get cash deposited today!,spam
"Herbal supplements that actually work! Boost energy, lose weight, and improve performance. Doctor recommended. Order now with free shipping!",spam
WIN a FREE smartphone! You are today's lucky visitor number one million. Spin the wheel now and claim your prize before it expires!,spam
Exclusive investment opportunity with guaranteed returns. Secret formula used by top Wall Street insiders. Only limited spots remaining today!,spam
Your Amazon account has been flagged for security review. An unauthorized purchase of $1050 was attempted from your account. Please verify your identity by clicking here and entering your account credentials and payment information.,phishing
"Dear customer, we were unable to deliver your package. To reschedule delivery please click here and confirm your delivery address and provide your credit card details for the small redelivery fee of $2.99.",phishing
"Herbal supplements that actually work! Boost energy, lose weight, and improve performance. Doctor recommended. Order now with free shipping!",spam
Exclusive investment opportunity with guaranteed returns. Secret formula used by top Wall Street insiders. Only limited spots remaining today!,spam
Your Apple ID has been locked for security reasons. Someone attempted to sign in to your account from Nigeria. To unlock your account click here and enter your Apple ID credentials and payment card information.,phishing
"Dear SBI account holder, your debit card has been blocked due to suspicious transactions totaling $1878. Please click the link below and enter your card number, expiry date, and PIN to unblock your card immediately.",phishing
"Hello Priya, the quarterly report for Q1 is now ready. Please review it before our team discussion on Friday.",ham
BULK DISCOUNT OFFER: Buy cheap medications online without prescription. Special discount available for bulk orders. No doctor needed. Order now!,spam
Earn passive income with our proven system. Thousands already earning $8287 per day from home. Join free and start making money immediately!,spam
Your Netflix account password will expire in 24 hours. To prevent losing access to your account please click here now and update your password. Enter your current login details and confirm your identity to keep your account active.,phishing
"Lose 30 pounds in 30 days with this one weird trick doctors hate! 100% natural solution, no exercise needed. Order your FREE trial today!",spam
"Hello James, the quarterly report for Q1 is now ready. Please review it before our team discussion on Wednesday.",ham
Your Amazon account has been flagged for security review. An unauthorized purchase of $1269 was attempted from your account. Please verify your identity by clicking here and entering your account credentials and payment information.,phishing
"Dear Emma, we are pleased to inform you that your job application has moved to the next stage. We will be in touch by April 5.",ham
"Hi team, reminder that the project deadline is March 10. Please update your tasks on the board by end of day. Thanks, Grace",ham
"Dear Ravi, we are pleased to inform you that your job application has moved to the next stage. We will be in touch by Thursday.",ham
"Dear Tom, your appointment has been confirmed for March 10 at 2:00 PM. Please bring a valid ID. Thank you for choosing us.",ham
"Lose 30 pounds in 30 days with this one weird trick doctors hate! 100% natural solution, no exercise needed. Order your FREE trial today!",spam
"IMPORTANT NOTICE from Barclays: We have updated our online banking security policy. All customers must re-confirm their account credentials by clicking this link and entering their username, password, and one-time PIN before Friday.",phishing
"Dear Ravi, please find attached the contract for review. Kindly sign and return by April 5. Let us know if you need any amendments.",ham
"Hi Linda, the updated employee handbook is now available on the company intranet. Please read section 4 regarding the new remote work policy.",ham
"Hi Mohamed, I am writing to confirm the details of the conference call on December 20 at 3:30 PM. The dial-in number will be shared separately.",ham
"IMPORTANT NOTICE from SBI: We have updated our online banking security policy. All customers must re-confirm their account credentials by clicking this link and entering their username, password, and one-time PIN before Friday.",phishing
"SECURITY ALERT: Your LinkedIn account was accessed from an unknown device in Unknown Location. If this was not you please click here immediately to secure your account, reset your credentials, and review your recent activity.",phishing
"Dear valued customer, your PayPal account has been limited due to suspicious activity. Please confirm your billing information by clicking the link below. You must provide your credit card number and social security number to restore full access.",phishing
"Hi Priya, just following up on our meeting scheduled for Wednesday. Please find the agenda attached. Let me know if you have any questions. Best regards, Ahmed",ham
"Dear Facebook user, your account storage is 99 percent full and your account will be suspended. Upgrade now for free by verifying your account credentials. Click here and enter your login and credit card information to claim free storage.",phishing
"Hi Emma, the updated employee handbook is now available on the company intranet. Please read section 4 regarding the new remote work policy.",ham
Your Amazon account has been flagged for security review. An unauthorized purchase of $317 was attempted from your account. Please verify your identity by clicking here and entering your account credentials and payment information.,phishing
"ACCOUNT VERIFICATION REQUIRED: Dear SBI member, as part of our mandatory security upgrade all customers must re-verify their account details. Click here and enter your account number, online banking password and security answers immediately.",phishing
CONGRATULATIONS! Your email was randomly selected for our grand prize draw. You have won $9511. Claim your winnings by clicking here now!,spam
"Dear Wells Fargo Customer, we have detected unusual activity on your account. Your account has been temporarily suspended. Please verify your identity immediately by clicking the link below and entering your login credentials. Failure to verify within 24 hours will result in permanent account closure and loss of funds.",phishing
Earn passive income with our proven system. Thousands already earning $3154 per day from home. Join free and start making money immediately!,spam
Special bulk offer just for you! Cheap prescription drugs shipped discreetly worldwide. No questions asked. Order now for free shipping!,spam
"Dear customer, we were unable to deliver your package. To reschedule delivery please click here and confirm your delivery address and provide your credit card details for the small redelivery fee of $2.99.",phishing
"Dear SBI Customer, we have detected unusual activity on your account. Your account has been temporarily suspended. Please verify your identity immediately by clicking the link below and entering your login credentials. Failure to verify within 24 hours will result in permanent account closure and loss of funds.",phishing
"Dear employee, HR requires you to update your direct deposit banking information immediately. Please click the secure link below and enter your bank account number and routing number by end of business day to ensure your payroll is not disrupted.",phishing
"Hi Chris, just following up on our meeting scheduled for Thursday. Please find the agenda attached. Let me know if you have any questions. Best regards, Sunita",ham
"Hi Tom, this is your monthly account statement for the period ending December 20. Please review and contact us if you notice any discrepancies.",ham
"Dear James, your appointment has been confirmed for February 3 at 10:30 AM. Please bring a valid ID. Thank you for choosing us.",ham
"Dear colleague, please join us for the department meeting on Wednesday at 3:30 PM in Conference Room 16. Attendance is mandatory.",ham
"Hello Robert, your annual performance review is scheduled for April 5 at 2:00 PM. Please prepare a brief self-assessment beforehand.",ham
"Hi team, reminder that the project deadline is Tuesday. Please update your tasks on the board by end of day. Thanks, Grace",ham
"Hi team, reminder that the project deadline is March 10. Please update your tasks on the board by end of day. Thanks, Jennifer",ham
WIN a FREE smartphone! You are today's lucky visitor number one million. Spin the wheel now and claim your prize before it expires!,spam
"Hello Emma, the server maintenance window is scheduled for March 10 at 4:00 PM. Expect downtime of approximately 2 hours. Plan accordingly.",ham
"Hello Keiko, this is a reminder to complete the mandatory compliance training by Tuesday. Log in to the portal to start the modules.",ham
"Hi team, reminder that the project deadline is Wednesday. Please update your tasks on the board by end of day. Thanks, Sunita",ham
CONGRATULATIONS! Your email was randomly selected for our grand prize draw. You have won $1223. Claim your winnings by clicking here now!,spam
Your PayPal account password will expire in 24 hours. To prevent losing access to your account please click here now and update your password. Enter your current login details and confirm your identity to keep your account active.,phishing
"Hi Jennifer, following our phone call today I am sending the summary of action items we discussed. Please review and confirm.",ham
URGENT Netflix account suspended: We were unable to process your payment method. Please update your billing information immediately. Click here and enter your credit card details to reactivate your subscription and avoid losing your watchlist.,phishing
URGENT: Your account will be suspended in 24 hours. Click here immediately to verify your information and prevent permanent service disruption.,spam
IT Security Notification: Your Microsoft account will be permanently closed unless you verify your login details within 48 hours. Click here to sign in immediately and confirm your account information to avoid service interruption.,phishing
"Dear Sarah, thank you for your payment of $3863. Your receipt number is #70106. Please keep this for your records.",ham
"Hi David, your order #44141 has been shipped and will arrive by Friday. Track your package using the link in your account portal.",ham
"Hi Carlos, the code review for PR #75803 has been completed. Please address the inline comments and re-submit for final approval.",ham
"Dear LinkedIn Premium subscriber, your payment of $1054 has failed. To avoid losing your premium benefits please click here and update your payment method by entering your new credit card number and billing address.",phishing
URGENT Netflix account suspended: We were unable to process your payment method. Please update your billing information immediately. Click here and enter your credit card details to reactivate your subscription and avoid losing your watchlist.,phishing
URGENT: Your account will be suspended in 24 hours. Click here immediately to verify your information and prevent permanent service disruption.,spam
"Hi Ravi, your leave request for Tuesday has been approved. Please coordinate with your team for coverage. Best, HR Team.",ham
SYSTEM ALERT: Your email inbox is over its storage limit. Your account will be deactivated in 24 hours. Click here and sign in with your email and password to upgrade your storage and prevent losing all your emails and contacts.,phishing
Increase your sales by 500 percent! Our bulk email marketing database has thousands of verified leads. Buy now and start earning today!,spam
"Hello Sarah, the quarterly report for Q4 is now ready. Please review it before our team discussion on Thursday.",ham
"Hi Keiko, your order #50378 has been shipped and will arrive by Wednesday. Track your package using the link in your account portal.",ham
You have been pre-approved for a personal loan of $6244! No credit check required. Apply online in 2 minutes. Get cash deposited today!,spam
"Dear Carlos, please find attached the contract for review. Kindly sign and return by Thursday. Let us know if you need any amendments.",ham
"Dear Ravi, thank you for your payment of $1791. Your receipt number is #69694. Please keep this for your records.",ham
"Dear Ravi, please find attached the contract for review. Kindly sign and return by April 5. Let us know if you need any amendments.",ham
"Hi Sarah, this is your monthly account statement for the period ending February 3. Please review and contact us if you notice any discrepancies.",ham
"Dear Aisha, we are pleased to inform you that your job application has moved to the next stage. We will be in touch by December 20.",ham
You have been pre-approved for a personal loan of $8411! No credit check required. Apply online in 2 minutes. Get cash deposited today!,spam
"Dear customer, your Wells Fargo credit card ending in 7832 has been used for an unauthorized transaction of $69 at Nigeria. If you did not make this purchase click here immediately and enter your full card details to dispute the charge.",phishing
Special bulk offer just for you! Cheap prescription drugs shipped discreetly worldwide. No questions asked. Order now for free shipping!,spam
"Hi Jennifer, the updated employee handbook is now available on the company intranet. Please read section 4 regarding the new remote work policy.",ham
"Lose 30 pounds in 30 days with this one weird trick doctors hate! 100% natural solution, no exercise needed. Order your FREE trial today!",spam
BULK DISCOUNT OFFER: Buy cheap medications online without prescription. Special discount available for bulk orders. No doctor needed. Order now!,spam
Congratulations! You have been selected as our lucky winner! Claim your FREE prize of $2883 cash now. Click here to redeem before it expires. This is a limited time offer. Act NOW!,spam
SYSTEM ALERT: Your email inbox is over its storage limit. Your account will be deactivated in 24 hours. Click here and sign in with your email and password to upgrade your storage and prevent losing all your emails and contacts.,phishing
Increase your sales by 500 percent! Our bulk email marketing database has thousands of verified leads. Buy now and start earning today!,spam
Increase your sales by 500 percent! Our bulk email marketing database has thousands of verified leads. Buy now and start earning today!,spam
Make money from home! Earn up to $2484 per week working just 2 hours a day. No experience needed. 100% guaranteed income. Subscribe FREE today!,spam
You have been pre-approved for a personal loan of $5616! No credit check required. Apply online in 2 minutes. Get cash deposited today!,spam
Your computer is infected with viruses! Download our FREE antivirus software now to protect your personal data and banking information!,spam
Your Apple ID has been locked for security reasons. Someone attempted to sign in to your account from Brazil. To unlock your account click here and enter your Apple ID credentials and payment card information.,phishing
You have been pre-approved for a personal loan of $4092! No credit check required. Apply online in 2 minutes. Get cash deposited today!,spam
"Dear Barclays account holder, your debit card has been blocked due to suspicious transactions totaling $1976. Please click the link below and enter your card number, expiry date, and PIN to unblock your card immediately.",phishing
"Hi Ravi, I wanted to share the latest project update. We are on track for the March 10 delivery milestone. Great work everyone!",ham
"Hi Ravi, your leave request for January 15 has been approved. Please coordinate with your team for coverage. Best, HR Team.",ham
"Dear Carlos, your appointment has been confirmed for Friday at 10:30 AM. Please bring a valid ID. Thank you for choosing us.",ham
"Lose 30 pounds in 30 days with this one weird trick doctors hate! 100% natural solution, no exercise needed. Order your FREE trial today!",spam
"Dear valued customer, your PayPal account has been limited due to suspicious activity. Please confirm your billing information by clicking the link below. You must provide your credit card number and social security number to restore full access.",phishing
"Dear customer, your Chase credit card ending in 7832 has been used for an unauthorized transaction of $248 at Unknown Location. If you did not make this purchase click here immediately and enter your full card details to dispute the charge.",phishing
WORK FROM HOME OPPORTUNITY! Earn $5649 per month packaging products at home. No experience required. Free starter kit included!,spam
"Dear employee, HR requires you to update your direct deposit banking information immediately. Please click the secure link below and enter your bank account number and routing number by end of business day to ensure your payroll is not disrupted.",phishing
Increase your sales by 500 percent! Our bulk email marketing database has thousands of verified leads. Buy now and start earning today!,spam
"Dear Aisha, your appointment has been confirmed for Tuesday at 11:00 AM. Please bring a valid ID. Thank you for choosing us.",ham
"Dear Google Premium subscriber, your payment of $1806 has failed. To avoid losing your premium benefits please click here and update your payment method by entering your new credit card number and billing address.",phishing
"SECURITY ALERT: Your LinkedIn account was accessed from an unknown device in Brazil. If this was not you please click here immediately to secure your account, reset your credentials, and review your recent activity.",phishing
WORK FROM HOME OPPORTUNITY! Earn $2990 per month packaging products at home. No experience required. Free starter kit included!,spam
Increase your sales by 500 percent! Our bulk email marketing database has thousands of verified leads. Buy now and start earning today!,spam
Get out of debt fast! We settle credit card debt for pennies on the dollar. Guaranteed results. Call now for your free consultation today!,spam
You have won a $9736 gift card! To claim your exclusive reward click the link below before it expires in 24 hours. Do not miss this deal!,spam
"Hello Mohamed, this is a reminder to complete the mandatory compliance training by February 3. Log in to the portal to start the modules.",ham
"Hi Mohamed, this is your monthly account statement for the period ending Thursday. Please review and contact us if you notice any discrepancies.",ham
"Hi Priya, I am writing to confirm the details of the conference call on Wednesday at 4:00 PM. The dial-in number will be shared separately.",ham
FINAL NOTICE: You owe a tax debt of $1999. Call immediately to avoid legal action and wage garnishment. This is your last warning.,spam
Double your Bitcoin investment in 24 hours! Guaranteed returns of 200 percent. Our AI trading bot has never lost. Invest $464 and get $14417 back!,spam
Get out of debt fast! We settle credit card debt for pennies on the dollar. Guaranteed results. Call now for your free consultation today!,spam
WIN a FREE smartphone! You are today's lucky visitor number one million. Spin the wheel now and claim your prize before it expires!,spam
"Hi team, reminder that the project deadline is next Monday. Please update your tasks on the board by end of day. Thanks, Grace",ham
Increase your sales by 500 percent! Our bulk email marketing database has thousands of verified leads. Buy now and start earning today!,spam
You have been pre-approved for a personal loan of $7497! No credit check required. Apply online in 2 minutes. Get cash deposited today!,spam
FINAL NOTICE: You owe a tax debt of $7835. Call immediately to avoid legal action and wage garnishment. This is your last warning.,spam
"Hi Priya, the code review for PR #37535 has been completed. Please address the inline comments and re-submit for final approval.",ham
"Hi Chris, your leave request for December 20 has been approved. Please coordinate with your team for coverage. Best, HR Team.",ham
WIN a FREE smartphone! You are today's lucky visitor number one million. Spin the wheel now and claim your prize before it expires!,spam
WORK FROM HOME OPPORTUNITY! Earn $3972 per month packaging products at home. No experience required. Free starter kit included!,spam
WORK FROM HOME OPPORTUNITY! Earn $699 per month packaging products at home. No experience required. Free starter kit included!,spam
"Dear Emma, please find attached the contract for review. Kindly sign and return by Friday. Let us know if you need any amendments.",ham
"Good morning Sarah, here is the weekly status report for the week ending March 10. Please review and reply with your comments by Friday.",ham
You have won a $2175 gift card! To claim your exclusive reward click the link below before it expires in 24 hours. Do not miss this deal!,spam
"Herbal supplements that actually work! Boost energy, lose weight, and improve performance. Doctor recommended. Order now with free shipping!",spam
BULK DISCOUNT OFFER: Buy cheap medications online without prescription. Special discount available for bulk orders. No doctor needed. Order now!,spam
"Hi Emma, the code review for PR #65675 has been completed. Please address the inline comments and re-submit for final approval.",ham
"Dear Sarah, we are pleased to inform you that your job application has moved to the next stage. We will be in touch by Monday.",ham
"Dear colleague, please join us for the department meeting on April 5 at 4:00 PM in Conference Room 12. Attendance is mandatory.",ham
"Dear Wells Fargo Customer, we have detected unusual activity on your account. Your account has been temporarily suspended. Please verify your identity immediately by clicking the link below and entering your login credentials. Failure to verify within 24 hours will result in permanent account closure and loss of funds.",phishing
"Hello Aisha, your subscription has been renewed successfully. Next billing date: Tuesday. Contact support if you have any questions.",ham
"Dear Aisha, congratulations on completing 5 years with our company! Your loyalty award certificate is attached. Thank you for your dedication.",ham
"Dear Citibank Customer, we have detected unusual activity on your account. Your account has been temporarily suspended. Please verify your identity immediately by clicking the link below and entering your login credentials. Failure to verify within 24 hours will result in permanent account closure and loss of funds.",phishing
Your Amazon account has been flagged for security review. An unauthorized purchase of $1629 was attempted from your account. Please verify your identity by clicking here and entering your account credentials and payment information.,phishing
URGENT Netflix account suspended: We were unable to process your payment method. Please update your billing information immediately. Click here and enter your credit card details to reactivate your subscription and avoid losing your watchlist.,phishing
"Herbal supplements that actually work! Boost energy, lose weight, and improve performance. Doctor recommended. Order now with free shipping!",spam
"Dear Carlos, please find attached the contract for review. Kindly sign and return by February 3. Let us know if you need any amendments.",ham
BULK DISCOUNT OFFER: Buy cheap medications online without prescription. Special discount available for bulk orders. No doctor needed. Order now!,spam
You have been pre-approved for a personal loan of $6837! No credit check required. Apply online in 2 minutes. Get cash deposited today!,spam
"Hi Linda, your order #96944 has been shipped and will arrive by Tuesday. Track your package using the link in your account portal.",ham
"Hi Priya, your order #14433 has been shipped and will arrive by Wednesday. Track your package using the link in your account portal.",ham
Exclusive investment opportunity with guaranteed returns. Secret formula used by top Wall Street insiders. Only limited spots remaining today!,spam
"Dear James, congratulations on completing 5 years with our company! Your loyalty award certificate is attached. Thank you for your dedication.",ham
IT Security Notification: Your Microsoft account will be permanently closed unless you verify your login details within 48 hours. Click here to sign in immediately and confirm your account information to avoid service interruption.,phishing
Increase your sales by 500 percent! Our bulk email marketing database has thousands of verified leads. Buy now and start earning today!,spam
"Dear customer, we were unable to deliver your package. To reschedule delivery please click here and confirm your delivery address and provide your credit card details for the small redelivery fee of $2.99.",phishing
"Dear valued customer, your PayPal account has been limited due to suspicious activity. Please confirm your billing information by clicking the link below. You must provide your credit card number and social security number to restore full access.",phishing
CONGRATULATIONS! Your email was randomly selected for our grand prize draw. You have won $7073. Claim your winnings by clicking here now!,spam
Earn passive income with our proven system. Thousands already earning $5198 per day from home. Join free and start making money immediately!,spam
"Dear valued customer, your PayPal account has been limited due to suspicious activity. Please confirm your billing information by clicking the link below. You must provide your credit card number and social security number to restore full access.",phishing
Make money from home! Earn up to $4109 per week working just 2 hours a day. No experience needed. 100% guaranteed income. Subscribe FREE today!,spam
CONGRATULATIONS! Your email was randomly selected for our grand prize draw. You have won $8107. Claim your winnings by clicking here now!,spam
"Hello Linda, the quarterly report for Q1 is now ready. Please review it before our team discussion on next Monday.",ham
Special bulk offer just for you! Cheap prescription drugs shipped discreetly worldwide. No questions asked. Order now for free shipping!,spam
"Hello Tom, the quarterly report for Q1 is now ready. Please review it before our team discussion on Wednesday.",ham
"Hello Aisha, your subscription has been renewed successfully. Next billing date: Friday. Contact support if you have any questions.",ham
"Hello Sarah, the server maintenance window is scheduled for February 3 at 11:00 AM. Expect downtime of approximately 2 hours. Plan accordingly.",ham
"Hi Jennifer, just following up on our meeting scheduled for February 3. Please find the agenda attached. Let me know if you have any questions. Best regards, Grace",ham
Hot singles near you want to meet! Click here to see their profiles FREE. Limited time access. Join our network now and find your match!,spam
FINAL SECURITY WARNING: Your email account has been compromised and your password exposed. Hackers currently have access. Click here immediately and enter your current credentials so our security team can help you secure your account.,phishing
"Dear customer, your SBI credit card ending in 1294 has been used for an unauthorized transaction of $1682 at Unknown Location. If you did not make this purchase click here immediately and enter your full card details to dispute the charge.",phishing
"Hi Robert, I am writing to confirm the details of the conference call on March 10 at 3:30 PM. The dial-in number will be shared separately.",ham
Make money from home! Earn up to $8559 per week working just 2 hours a day. No experience needed. 100% guaranteed income. Subscribe FREE today!,spam
URGENT: Your account will be suspended in 24 hours. Click here immediately to verify your information and prevent permanent service disruption.,spam
"SECURITY ALERT: Your LinkedIn account was accessed from an unknown device in Russia. If this was not you please click here immediately to secure your account, reset your credentials, and review your recent activity.",phishing
WORK FROM HOME OPPORTUNITY! Earn $3509 per month packaging products at home. No experience required. Free starter kit included!,spam
BULK DISCOUNT OFFER: Buy cheap medications online without prescription. Special discount available for bulk orders. No doctor needed. Order now!,spam
"SECURITY ALERT: Your PayPal account was accessed from an unknown device in Unknown Location. If this was not you please click here immediately to secure your account, reset your credentials, and review your recent activity.",phishing
URGENT: Your Netflix account has been reported for suspicious activity. To avoid permanent suspension please click the link below within 24 hours and verify your personal information including your date of birth and account password.,phishing
"Good morning Linda, here is the weekly status report for the week ending March 10. Please review and reply with your comments by Friday.",ham
"Hello Mohamed, the server maintenance window is scheduled for Friday at 3:30 PM. Expect downtime of approximately 2 hours. Plan accordingly.",ham
"Dear David, please find attached the contract for review. Kindly sign and return by April 5. Let us know if you need any amendments.",ham
Get out of debt fast! We settle credit card debt for pennies on the dollar. Guaranteed results. Call now for your free consultation today!,spam
WIN a FREE smartphone! You are today's lucky visitor number one million. Spin the wheel now and claim your prize before it expires!,spam
IT Security Notification: Your Microsoft account will be permanently closed unless you verify your login details within 48 hours. Click here to sign in immediately and confirm your account information to avoid service interruption.,phishing
"Hello Emma, the quarterly report for Q4 is now ready. Please review it before our team discussion on February 3.",ham
"Dear valued customer, your PayPal account has been limited due to suspicious activity. Please confirm your billing information by clicking the link below. You must provide your credit card number and social security number to restore full access.",phishing
Your Amazon account has been flagged for security review. An unauthorized purchase of $404 was attempted from your account. Please verify your identity by clicking here and entering your account credentials and payment information.,phishing
Increase your sales by 500 percent! Our bulk email marketing database has thousands of verified leads. Buy now and start earning today!,spam
"Dear Robert, thank you for your payment of $3436. Your receipt number is #63648. Please keep this for your records.",ham
"Hi David, I am writing to confirm the details of the conference call on February 3 at 9:00 AM. The dial-in number will be shared separately.",ham
"Dear customer, your SBI credit card ending in 9034 has been used for an unauthorized transaction of $1355 at Nigeria. If you did not make this purchase click here immediately and enter your full card details to dispute the charge.",phishing
"Dear Linda, we are pleased to inform you that your job application has moved to the next stage. We will be in touch by Tuesday.",ham
"Dear valued customer, your PayPal account has been limited due to suspicious activity. Please confirm your billing information by clicking the link below. You must provide your credit card number and social security number to restore full access.",phishing
Special bulk offer just for you! Cheap prescription drugs shipped discreetly worldwide. No questions asked. Order now for free shipping!,spam
SYSTEM ALERT: Your email inbox is over its storage limit. Your account will be deactivated in 24 hours. Click here and sign in with your email and password to upgrade your storage and prevent losing all your emails and contacts.,phishing
URGENT: Your account will be suspended in 24 hours. Click here immediately to verify your information and prevent permanent service disruption.,spam
URGENT: Your Netflix account has been reported for suspicious activity. To avoid permanent suspension please click the link below within 24 hours and verify your personal information including your date of birth and account password.,phishing
You have been pre-approved for a personal loan of $3480! No credit check required. Apply online in 2 minutes. Get cash deposited today!,spam
IT Security Notification: Your Microsoft account will be permanently closed unless you verify your login details within 48 hours. Click here to sign in immediately and confirm your account information to avoid service interruption.,phishing
"Dear Chris, congratulations on completing 5 years with our company! Your loyalty award certificate is attached. Thank you for your dedication.",ham
Tax Refund Notification from the IRS: You are eligible for a tax refund of $788. To receive your refund please click here and enter your social security number and bank account details within 48 hours before the claim expires.,phishing
BULK DISCOUNT OFFER: Buy cheap medications online without prescription. Special discount available for bulk orders. No doctor needed. Order now!,spam
"Hi Keiko, the updated employee handbook is now available on the company intranet. Please read section 4 regarding the new remote work policy.",ham
BULK DISCOUNT OFFER: Buy cheap medications online without prescription. Special discount available for bulk orders. No doctor needed. Order now!,spam
"Dear Apple Premium subscriber, your payment of $1553 has failed. To avoid losing your premium benefits please click here and update your payment method by entering your new credit card number and billing address.",phishing
"Dear valued customer, your PayPal account has been limited due to suspicious activity. Please confirm your billing information by clicking the link below. You must provide your credit card number and social security number to restore full access.",phishing
"Dear Keiko, congratulations on completing 5 years with our company! Your loyalty award certificate is attached. Thank you for your dedication.",ham
"Dear Mohamed, congratulations on completing 5 years with our company! Your loyalty award certificate is attached. Thank you for your dedication.",ham
"Hi Aisha, your order #90117 has been shipped and will arrive by March 10. Track your package using the link in your account portal.",ham
"Hi Chris, the code review for PR #63088 has been completed. Please address the inline comments and re-submit for final approval.",ham
"Hi Jennifer, following our phone call today I am sending the summary of action items we discussed. Please review and confirm.",ham
"Dear customer, your HDFC Bank credit card ending in 5601 has been used for an unauthorized transaction of $458 at Romania. If you did not make this purchase click here immediately and enter your full card details to dispute the charge.",phishing
"Dear valued customer, your PayPal account has been limited due to suspicious activity. Please confirm your billing information by clicking the link below. You must provide your credit card number and social security number to restore full access.",phishing
"ACCOUNT VERIFICATION REQUIRED: Dear Wells Fargo member, as part of our mandatory security upgrade all customers must re-verify their account details. Click here and enter your account number, online banking password and security answers immediately.",phishing
"Dear Priya, thank you for your payment of $1641. Your receipt number is #25023. Please keep this for your records.",ham
"Dear Keiko, we are pleased to inform you that your job application has moved to the next stage. We will be in touch by March 10.",ham
"Lose 30 pounds in 30 days with this one weird trick doctors hate! 100% natural solution, no exercise needed. Order your FREE trial today!",spam
"Hi Jennifer, following our phone call today I am sending the summary of action items we discussed. Please review and confirm.",ham
"Hi Linda, I wanted to share the latest project update. We are on track for the January 15 delivery milestone. Great work everyone!",ham
Tax Refund Notification from the IRS: You are eligible for a tax refund of $1905. To receive your refund please click here and enter your social security number and bank account details within 48 hours before the claim expires.,phishing
"Dear James, congratulations on completing 5 years with our company! Your loyalty award certificate is attached. Thank you for your dedication.",ham
"Hi Robert, I wanted to share the latest project update. We are on track for the Wednesday delivery milestone. Great work everyone!",ham
WORK FROM HOME OPPORTUNITY! Earn $5291 per month packaging products at home. No experience required. Free starter kit included!,spam
"ACCOUNT VERIFICATION REQUIRED: Dear Citibank member, as part of our mandatory security upgrade all customers must re-verify their account details. Click here and enter your account number, online banking password and security answers immediately.",phishing
SYSTEM ALERT: Your email inbox is over its storage limit. Your account will be deactivated in 24 hours. Click here and sign in with your email and password to upgrade your storage and prevent losing all your emails and contacts.,phishing
Congratulations! You have been selected as our lucky winner! Claim your FREE prize of $341 cash now. Click here to redeem before it expires. This is a limited time offer. Act NOW!,spam
WORK FROM HOME OPPORTUNITY! Earn $2331 per month packaging products at home. No experience required. Free starter kit included!,spam
"Dear colleague, please join us for the department meeting on Tuesday at 11:00 AM in Conference Room 2. Attendance is mandatory.",ham
"Dear Sarah, the invoice #80345 for $2390 is attached. Payment is due by Friday. Thank you for your continued business.",ham
Your Apple ID has been locked for security reasons. Someone attempted to sign in to your account from Romania. To unlock your account click here and enter your Apple ID credentials and payment card information.,phishing
SYSTEM ALERT: Your email inbox is over its storage limit. Your account will be deactivated in 24 hours. Click here and sign in with your email and password to upgrade your storage and prevent losing all your emails and contacts.,phishing
"IMPORTANT NOTICE from Barclays: We have updated our online banking security policy. All customers must re-confirm their account credentials by clicking this link and entering their username, password, and one-time PIN before Thursday.",phishing
Double your Bitcoin investment in 24 hours! Guaranteed returns of 200 percent. Our AI trading bot has never lost. Invest $6147 and get $12071 back!,spam
"Lose 30 pounds in 30 days with this one weird trick doctors hate! 100% natural solution, no exercise needed. Order your FREE trial today!",spam
URGENT: Your account will be suspended in 24 hours. Click here immediately to verify your information and prevent permanent service disruption.,spam
"Dear Aisha, we are pleased to inform you that your job application has moved to the next stage. We will be in touch by next Monday.",ham
FINAL NOTICE: You owe a tax debt of $7929. Call immediately to avoid legal action and wage garnishment. This is your last warning.,spam
"Hi Robert, the code review for PR #96849 has been completed. Please address the inline comments and re-submit for final approval.",ham
"Dear colleague, please join us for the department meeting on Wednesday at 4:00 PM in Conference Room 3. Attendance is mandatory.",ham
"Dear Ravi, we are pleased to inform you that your job application has moved to the next stage. We will be in touch by Wednesday.",ham
"Dear James, congratulations on completing 5 years with our company! Your loyalty award certificate is attached. Thank you for your dedication.",ham
You have won a $3821 gift card! To claim your exclusive reward click the link below before it expires in 24 hours. Do not miss this deal!,spam
"Hello Mohamed, the quarterly report for Q3 is now ready. Please review it before our team discussion on January 15.",ham
"Dear James, we are pleased to inform you that your job application has moved to the next stage. We will be in touch by Wednesday.",ham
"Hi James, following our phone call today I am sending the summary of action items we discussed. Please review and confirm.",ham
Special bulk offer just for you! Cheap prescription drugs shipped discreetly worldwide. No questions asked. Order now for free shipping!,spam
"Hello Keiko, your subscription has been renewed successfully. Next billing date: April 5. Contact support if you have any questions.",ham
Congratulations! You have been selected as our lucky winner! Claim your FREE prize of $8795 cash now. Click here to redeem before it expires. This is a limited time offer. Act NOW!,spam
Your computer is infected with viruses! Download our FREE antivirus software now to protect your personal data and banking information!,spam
"Hello Linda, this is a reminder to complete the mandatory compliance training by March 10. Log in to the portal to start the modules.",ham
"Lose 30 pounds in 30 days with this one weird trick doctors hate! 100% natural solution, no exercise needed. Order your FREE trial today!",spam
"Dear employee, HR requires you to update your direct deposit banking information immediately. Please click the secure link below and enter your bank account number and routing number by end of business day to ensure your payroll is not disrupted.",phishing
"Dear customer, your Barclays credit card ending in 5601 has been used for an unauthorized transaction of $1554 at Unknown Location. If you did not make this purchase click here immediately and enter your full card details to dispute the charge.",phishing
"Hello Jennifer, the server maintenance window is scheduled for April 5 at 4:00 PM. Expect downtime of approximately 2 hours. Plan accordingly.",ham
"Good morning Ravi, here is the weekly status report for the week ending Friday. Please review and reply with your comments by Friday.",ham
"Good morning Jennifer, here is the weekly status report for the week ending Wednesday. Please review and reply with your comments by Friday.",ham
"IMPORTANT NOTICE from HSBC: We have updated our online banking security policy. All customers must re-confirm their account credentials by clicking this link and entering their username, password, and one-time PIN before March 10.",phishing
"ACCOUNT VERIFICATION REQUIRED: Dear Barclays member, as part of our mandatory security upgrade all customers must re-verify their account details. Click here and enter your account number, online banking password and security answers immediately.",phishing
SYSTEM ALERT: Your email inbox is over its storage limit. Your account will be deactivated in 24 hours. Click here and sign in with your email and password to upgrade your storage and prevent losing all your emails and contacts.,phishing
"Good morning Emma, here is the weekly status report for the week ending April 5. Please review and reply with your comments by Friday.",ham
"Dear valued customer, your PayPal account has been limited due to suspicious activity. Please confirm your billing information by clicking the link below. You must provide your credit card number and social security number to restore full access.",phishing
Your Microsoft account password will expire in 24 hours. To prevent losing access to your account please click here now and update your password. Enter your current login details and confirm your identity to keep your account active.,phishing
"Hello Carlos, the quarterly report for Q3 is now ready. Please review it before our team discussion on March 10.",ham
"Hello Tom, your subscription has been renewed successfully. Next billing date: March 10. Contact support if you have any questions.",ham
"Hello Carlos, the server maintenance window is scheduled for Tuesday at 10:30 AM. Expect downtime of approximately 2 hours. Plan accordingly.",ham
"Dear colleague, please join us for the department meeting on next Monday at 9:00 AM in Conference Room 16. Attendance is mandatory.",ham
WORK FROM HOME OPPORTUNITY! Earn $1060 per month packaging products at home. No experience required. Free starter kit included!,spam
URGENT: Your Dropbox account has been reported for suspicious activity. To avoid permanent suspension please click the link below within 24 hours and verify your personal information including your date of birth and account password.,phishing
"Dear Netflix Premium subscriber, your payment of $1373 has failed. To avoid losing your premium benefits please click here and update your payment method by entering your new credit card number and billing address.",phishing
"Dear LinkedIn Premium subscriber, your payment of $1409 has failed. To avoid losing your premium benefits please click here and update your payment method by entering your new credit card number and billing address.",phishing
Double your Bitcoin investment in 24 hours! Guaranteed returns of 200 percent. Our AI trading bot has never lost. Invest $3759 and get $300 back!,spam
"Hi Carlos, just following up on our meeting scheduled for Friday. Please find the agenda attached. Let me know if you have any questions. Best regards, Michael",ham
"Hello James, the server maintenance window is scheduled for March 10 at 2:00 PM. Expect downtime of approximately 2 hours. Plan accordingly.",ham
"Dear valued customer, your PayPal account has been limited due to suspicious activity. Please confirm your billing information by clicking the link below. You must provide your credit card number and social security number to restore full access.",phishing
"Dear Chase account holder, your debit card has been blocked due to suspicious transactions totaling $1293. Please click the link below and enter your card number, expiry date, and PIN to unblock your card immediately.",phishing
"Dear HDFC Bank account holder, your debit card has been blocked due to suspicious transactions totaling $542. Please click the link below and enter your card number, expiry date, and PIN to unblock your card immediately.",phishing
WORK FROM HOME OPPORTUNITY! Earn $1037 per month packaging products at home. No experience required. Free starter kit included!,spam
Double your Bitcoin investment in 24 hours! Guaranteed returns of 200 percent. Our AI trading bot has never lost. Invest $5372 and get $15318 back!,spam
"Lose 30 pounds in 30 days with this one weird trick doctors hate! 100% natural solution, no exercise needed. Order your FREE trial today!",spam
SYSTEM ALERT: Your email inbox is over its storage limit. Your account will be deactivated in 24 hours. Click here and sign in with your email and password to upgrade your storage and prevent losing all your emails and contacts.,phishing
"Hello Chris, your subscription has been renewed successfully. Next billing date: Monday. Contact support if you have any questions.",ham
"Hello Priya, the server maintenance window is scheduled for January 15 at 10:30 AM. Expect downtime of approximately 2 hours. Plan accordingly.",ham
"Hello Priya, your subscription has been renewed successfully. Next billing date: Friday. Contact support if you have any questions.",ham
"Hi Jennifer, I am writing to confirm the details of the conference call on January 15 at 4:00 PM. The dial-in number will be shared separately.",ham
"Good morning Linda, here is the weekly status report for the week ending April 5. Please review and reply with your comments by Friday.",ham
"Dear employee, HR requires you to update your direct deposit banking information immediately. Please click the secure link below and enter your bank account number and routing number by end of business day to ensure your payroll is not disrupted.",phishing
"Dear Facebook user, your account storage is 99 percent full and your account will be suspended. Upgrade now for free by verifying your account credentials. Click here and enter your login and credit card information to claim free storage.",phishing
"Dear colleague, please join us for the department meeting on Tuesday at 11:00 AM in Conference Room 15. Attendance is mandatory.",ham
Special bulk offer just for you! Cheap prescription drugs shipped discreetly worldwide. No questions asked. Order now for free shipping!,spam
"Dear Sarah, congratulations on completing 5 years with our company! Your loyalty award certificate is attached. Thank you for your dedication.",ham
"Dear TD Bank Customer, we have detected unusual activity on your account. Your account has been temporarily suspended. Please verify your identity immediately by clicking the link below and entering your login credentials. Failure to verify within 24 hours will result in permanent account closure and loss of funds.",phishing
Your Amazon account has been flagged for security review. An unauthorized purchase of $581 was attempted from your account. Please verify your identity by clicking here and entering your account credentials and payment information.,phishing
"Dear Barclays account holder, your debit card has been blocked due to suspicious transactions totaling $868. Please click the link below and enter your card number, expiry date, and PIN to unblock your card immediately.",phishing
"Hi Mohamed, I wanted to share the latest project update. We are on track for the April 5 delivery milestone. Great work everyone!",ham
BULK DISCOUNT OFFER: Buy cheap medications online without prescription. Special discount available for bulk orders. No doctor needed. Order now!,spam
"Hello Jennifer, the quarterly report for Q2 is now ready. Please review it before our team discussion on Friday.",ham
Double your Bitcoin investment in 24 hours! Guaranteed returns of 200 percent. Our AI trading bot has never lost. Invest $2822 and get $8920 back!,spam
"Dear Tom, please find attached the contract for review. Kindly sign and return by Wednesday. Let us know if you need any amendments.",ham
"Hello Linda, the quarterly report for Q4 is now ready. Please review it before our team discussion on next Monday.",ham
"Dear Chase Customer, we have detected unusual activity on your account. Your account has been temporarily suspended. Please verify your identity immediately by clicking the link below and entering your login credentials. Failure to verify within 24 hours will result in permanent account closure and loss of funds.",phishing
"Hi James, I wanted to share the latest project update. We are on track for the April 5 delivery milestone. Great work everyone!",ham
WORK FROM HOME OPPORTUNITY! Earn $8470 per month packaging products at home. No experience required. Free starter kit included!,spam
"Dear team, please note the office will be closed on Wednesday for the public holiday. Enjoy the long weekend everyone!",ham
Earn passive income with our proven system. Thousands already earning $1131 per day from home. Join free and start making money immediately!,spam
"Dear Emma, your appointment has been confirmed for Tuesday at 3:30 PM. Please bring a valid ID. Thank you for choosing us.",ham
"Hi Emma, just following up on our meeting scheduled for Tuesday. Please find the agenda attached. Let me know if you have any questions. Best regards, Robert",ham
WIN a FREE smartphone! You are today's lucky visitor number one million. Spin the wheel now and claim your prize before it expires!,spam
Your computer is infected with viruses! Download our FREE antivirus software now to protect your personal data and banking information!,spam
CONGRATULATIONS! Your email was randomly selected for our grand prize draw. You have won $5896. Claim your winnings by clicking here now!,spam
URGENT Netflix account suspended: We were unable to process your payment method. Please update your billing information immediately. Click here and enter your credit card details to reactivate your subscription and avoid losing your watchlist.,phishing
"Hi Ravi, I am writing to confirm the details of the conference call on March 10 at 9:00 AM. The dial-in number will be shared separately.",ham
"Hi Jennifer, your leave request for Monday has been approved. Please coordinate with your team for coverage. Best, HR Team.",ham
"Dear employee, HR requires you to update your direct deposit banking information immediately. Please click the secure link below and enter your bank account number and routing number by end of business day to ensure your payroll is not disrupted.",phishing
You have won a $8910 gift card! To claim your exclusive reward click the link below before it expires in 24 hours. Do not miss this deal!,spam
Tax Refund Notification from the IRS: You are eligible for a tax refund of $803. To receive your refund please click here and enter your social security number and bank account details within 48 hours before the claim expires.,phishing
"Dear Apple Premium subscriber, your payment of $403 has failed. To avoid losing your premium benefits please click here and update your payment method by entering your new credit card number and billing address.",phishing
Congratulations! You have been selected as our lucky winner! Claim your FREE prize of $4024 cash now. Click here to redeem before it expires. This is a limited time offer. Act NOW!,spam
"Dear customer, your TD Bank credit card ending in 4521 has been used for an unauthorized transaction of $299 at Vietnam. If you did not make this purchase click here immediately and enter your full card details to dispute the charge.",phishing
"Dear David, we are pleased to inform you that your job application has moved to the next stage. We will be in touch by December 20.",ham
IT Security Notification: Your Microsoft account will be permanently closed unless you verify your login details within 48 hours. Click here to sign in immediately and confirm your account information to avoid service interruption.,phishing
WIN a FREE smartphone! You are today's lucky visitor number one million. Spin the wheel now and claim your prize before it expires!,spam
Hot singles near you want to meet! Click here to see their profiles FREE. Limited time access. Join our network now and find your match!,spam
"Hi Tom, your order #89840 has been shipped and will arrive by Thursday. Track your package using the link in your account portal.",ham
URGENT: Your account will be suspended in 24 hours. Click here immediately to verify your information and prevent permanent service disruption.,spam
You have been pre-approved for a personal loan of $8329! No credit check required. Apply online in 2 minutes. Get cash deposited today!,spam
"Hello Linda, this is a reminder to complete the mandatory compliance training by Monday. Log in to the portal to start the modules.",ham
"Hi Aisha, following our phone call today I am sending the summary of action items we discussed. Please review and confirm.",ham
"Hi Ravi, the updated employee handbook is now available on the company intranet. Please read section 4 regarding the new remote work policy.",ham
CONGRATULATIONS! Your email was randomly selected for our grand prize draw. You have won $7911. Claim your winnings by clicking here now!,spam
Get out of debt fast! We settle credit card debt for pennies on the dollar. Guaranteed results. Call now for your free consultation today!,spam
"ACCOUNT VERIFICATION REQUIRED: Dear HDFC Bank member, as part of our mandatory security upgrade all customers must re-verify their account details. Click here and enter your account number, online banking password and security answers immediately.",phishing
"Dear LinkedIn user, your account storage is 99 percent full and your account will be suspended. Upgrade now for free by verifying your account credentials. Click here and enter your login and credit card information to claim free storage.",phishing
"Dear David, your IT support ticket #99071 has been resolved. Please confirm if the issue is fixed by replying to this email.",ham
You have won a $151 gift card! To claim your exclusive reward click the link below before it expires in 24 hours. Do not miss this deal!,spam
"Hi Priya, your order #66088 has been shipped and will arrive by February 3. Track your package using the link in your account portal.",ham
Increase your sales by 500 percent! Our bulk email marketing database has thousands of verified leads. Buy now and start earning today!,spam
"ACCOUNT VERIFICATION REQUIRED: Dear Bank of America member, as part of our mandatory security upgrade all customers must re-verify their account details. Click here and enter your account number, online banking password and security answers immediately.",phishing
Your computer is infected with viruses! Download our FREE antivirus software now to protect your personal data and banking information!,spam
Exclusive investment opportunity with guaranteed returns. Secret formula used by top Wall Street insiders. Only limited spots remaining today!,spam
"Hi Linda, following our phone call today I am sending the summary of action items we discussed. Please review and confirm.",ham
FINAL NOTICE: You owe a tax debt of $8529. Call immediately to avoid legal action and wage garnishment. This is your last warning.,spam
"Hi team, reminder that the project deadline is Friday. Please update your tasks on the board by end of day. Thanks, Michael",ham
"Dear valued customer, your PayPal account has been limited due to suspicious activity. Please confirm your billing information by clicking the link below. You must provide your credit card number and social security number to restore full access.",phishing
